section	section_id	command_id	named_id	action_name
main	0	4		Track: Set volume for selected tracks (MIDI CC/OSC only)
main	0	5		Track: Set pan for selected tracks (MIDI CC/OSC only)
main	0	6		Track: Toggle mute for selected tracks
main	0	7		Track: Toggle solo for selected tracks
main	0	8		Track: Toggle FX bypass for selected tracks
main	0	9		Track: Toggle record arm for selected tracks
main	0	10		Track: Set mute for selected tracks (MIDI CC/OSC only)
main	0	11		Track: Set solo for selected tracks (MIDI CC/OSC only)
main	0	12		Track: Set volume for master track (MIDI CC/OSC only)
main	0	13		Track: Set pan for master track (MIDI CC/OSC only)
main	0	14		Track: Toggle mute for master track
main	0	15		Track: Toggle solo for master track
main	0	16		Track: Toggle FX bypass for master track
main	0	18		Track: Set mute for master track (MIDI CC/OSC only)
main	0	19		Track: Set solo for master track (MIDI CC/OSC only)
main	0	20		Track: Set volume for track 01 (MIDI CC/OSC only)
main	0	21		Track: Set pan for track 01 (MIDI CC/OSC only)
main	0	22		Track: Toggle mute for track 01
main	0	23		Track: Toggle solo for track 01
main	0	24		Track: Toggle FX bypass for track 01
main	0	25		Track: Toggle record arm for track 01
main	0	26		Track: Set mute for track 01 (MIDI CC/OSC only)
main	0	27		Track: Set solo for track 01 (MIDI CC/OSC only)
main	0	28		Track: Set volume for track 02 (MIDI CC/OSC only)
main	0	29		Track: Set pan for track 02 (MIDI CC/OSC only)
main	0	30		Track: Toggle mute for track 02
main	0	31		Track: Toggle solo for track 02
main	0	32		Track: Toggle FX bypass for track 02
main	0	33		Track: Toggle record arm for track 02
main	0	34		Track: Set mute for track 02 (MIDI CC/OSC only)
main	0	35		Track: Set solo for track 02 (MIDI CC/OSC only)
main	0	36		Track: Set volume for track 03 (MIDI CC/OSC only)
main	0	37		Track: Set pan for track 03 (MIDI CC/OSC only)
main	0	38		Track: Toggle mute for track 03
main	0	39		Track: Toggle solo for track 03
main	0	40		Track: Toggle FX bypass for track 03
main	0	41		Track: Toggle record arm for track 03
main	0	42		Track: Set mute for track 03 (MIDI CC/OSC only)
main	0	43		Track: Set solo for track 03 (MIDI CC/OSC only)
main	0	44		Track: Set volume for track 04 (MIDI CC/OSC only)
main	0	45		Track: Set pan for track 04 (MIDI CC/OSC only)
main	0	46		Track: Toggle mute for track 04
main	0	47		Track: Toggle solo for track 04
main	0	48		Track: Toggle FX bypass for track 04
main	0	49		Track: Toggle record arm for track 04
main	0	50		Track: Set mute for track 04 (MIDI CC/OSC only)
main	0	51		Track: Set solo for track 04 (MIDI CC/OSC only)
main	0	52		Track: Set volume for track 05 (MIDI CC/OSC only)
main	0	53		Track: Set pan for track 05 (MIDI CC/OSC only)
main	0	54		Track: Toggle mute for track 05
main	0	55		Track: Toggle solo for track 05
main	0	56		Track: Toggle FX bypass for track 05
main	0	57		Track: Toggle record arm for track 05
main	0	58		Track: Set mute for track 05 (MIDI CC/OSC only)
main	0	59		Track: Set solo for track 05 (MIDI CC/OSC only)
main	0	60		Track: Set volume for track 06 (MIDI CC/OSC only)
main	0	61		Track: Set pan for track 06 (MIDI CC/OSC only)
main	0	62		Track: Toggle mute for track 06
main	0	63		Track: Toggle solo for track 06
main	0	64		Track: Toggle FX bypass for track 06
main	0	65		Track: Toggle record arm for track 06
main	0	66		Track: Set mute for track 06 (MIDI CC/OSC only)
main	0	67		Track: Set solo for track 06 (MIDI CC/OSC only)
main	0	68		Track: Set volume for track 07 (MIDI CC/OSC only)
main	0	69		Track: Set pan for track 07 (MIDI CC/OSC only)
main	0	70		Track: Toggle mute for track 07
main	0	71		Track: Toggle solo for track 07
main	0	72		Track: Toggle FX bypass for track 07
main	0	73		Track: Toggle record arm for track 07
main	0	74		Track: Set mute for track 07 (MIDI CC/OSC only)
main	0	75		Track: Set solo for track 07 (MIDI CC/OSC only)
main	0	76		Track: Set volume for track 08 (MIDI CC/OSC only)
main	0	77		Track: Set pan for track 08 (MIDI CC/OSC only)
main	0	78		Track: Toggle mute for track 08
main	0	79		Track: Toggle solo for track 08
main	0	80		Track: Toggle FX bypass for track 08
main	0	81		Track: Toggle record arm for track 08
main	0	82		Track: Set mute for track 08 (MIDI CC/OSC only)
main	0	83		Track: Set solo for track 08 (MIDI CC/OSC only)
main	0	84		Track: Set volume for track 09 (MIDI CC/OSC only)
main	0	85		Track: Set pan for track 09 (MIDI CC/OSC only)
main	0	86		Track: Toggle mute for track 09
main	0	87		Track: Toggle solo for track 09
main	0	88		Track: Toggle FX bypass for track 09
main	0	89		Track: Toggle record arm for track 09
main	0	90		Track: Set mute for track 09 (MIDI CC/OSC only)
main	0	91		Track: Set solo for track 09 (MIDI CC/OSC only)
main	0	92		Track: Set volume for track 10 (MIDI CC/OSC only)
main	0	93		Track: Set pan for track 10 (MIDI CC/OSC only)
main	0	94		Track: Toggle mute for track 10
main	0	95		Track: Toggle solo for track 10
main	0	96		Track: Toggle FX bypass for track 10
main	0	97		Track: Toggle record arm for track 10
main	0	98		Track: Set mute for track 10 (MIDI CC/OSC only)
main	0	99		Track: Set solo for track 10 (MIDI CC/OSC only)
main	0	100		Track: Set volume for track 11 (MIDI CC/OSC only)
main	0	101		Track: Set pan for track 11 (MIDI CC/OSC only)
main	0	102		Track: Toggle mute for track 11
main	0	103		Track: Toggle solo for track 11
main	0	104		Track: Toggle FX bypass for track 11
main	0	105		Track: Toggle record arm for track 11
main	0	106		Track: Set mute for track 11 (MIDI CC/OSC only)
main	0	107		Track: Set solo for track 11 (MIDI CC/OSC only)
main	0	108		Track: Set volume for track 12 (MIDI CC/OSC only)
main	0	109		Track: Set pan for track 12 (MIDI CC/OSC only)
main	0	110		Track: Toggle mute for track 12
main	0	111		Track: Toggle solo for track 12
main	0	112		Track: Toggle FX bypass for track 12
main	0	113		Track: Toggle record arm for track 12
main	0	114		Track: Set mute for track 12 (MIDI CC/OSC only)
main	0	115		Track: Set solo for track 12 (MIDI CC/OSC only)
main	0	116		Track: Set volume for track 13 (MIDI CC/OSC only)
main	0	117		Track: Set pan for track 13 (MIDI CC/OSC only)
main	0	118		Track: Toggle mute for track 13
main	0	119		Track: Toggle solo for track 13
main	0	120		Track: Toggle FX bypass for track 13
main	0	121		Track: Toggle record arm for track 13
main	0	122		Track: Set mute for track 13 (MIDI CC/OSC only)
main	0	123		Track: Set solo for track 13 (MIDI CC/OSC only)
main	0	124		Track: Set volume for track 14 (MIDI CC/OSC only)
main	0	125		Track: Set pan for track 14 (MIDI CC/OSC only)
main	0	126		Track: Toggle mute for track 14
main	0	127		Track: Toggle solo for track 14
main	0	128		Track: Toggle FX bypass for track 14
main	0	129		Track: Toggle record arm for track 14
main	0	130		Track: Set mute for track 14 (MIDI CC/OSC only)
main	0	131		Track: Set solo for track 14 (MIDI CC/OSC only)
main	0	132		Track: Set volume for track 15 (MIDI CC/OSC only)
main	0	133		Track: Set pan for track 15 (MIDI CC/OSC only)
main	0	134		Track: Toggle mute for track 15
main	0	135		Track: Toggle solo for track 15
main	0	136		Track: Toggle FX bypass for track 15
main	0	137		Track: Toggle record arm for track 15
main	0	138		Track: Set mute for track 15 (MIDI CC/OSC only)
main	0	139		Track: Set solo for track 15 (MIDI CC/OSC only)
main	0	140		Track: Set volume for track 16 (MIDI CC/OSC only)
main	0	141		Track: Set pan for track 16 (MIDI CC/OSC only)
main	0	142		Track: Toggle mute for track 16
main	0	143		Track: Toggle solo for track 16
main	0	144		Track: Toggle FX bypass for track 16
main	0	145		Track: Toggle record arm for track 16
main	0	146		Track: Set mute for track 16 (MIDI CC/OSC only)
main	0	147		Track: Set solo for track 16 (MIDI CC/OSC only)
main	0	148		Track: Set volume for track 17 (MIDI CC/OSC only)
main	0	149		Track: Set pan for track 17 (MIDI CC/OSC only)
main	0	150		Track: Toggle mute for track 17
main	0	151		Track: Toggle solo for track 17
main	0	152		Track: Toggle FX bypass for track 17
main	0	153		Track: Toggle record arm for track 17
main	0	154		Track: Set mute for track 17 (MIDI CC/OSC only)
main	0	155		Track: Set solo for track 17 (MIDI CC/OSC only)
main	0	156		Track: Set volume for track 18 (MIDI CC/OSC only)
main	0	157		Track: Set pan for track 18 (MIDI CC/OSC only)
main	0	158		Track: Toggle mute for track 18
main	0	159		Track: Toggle solo for track 18
main	0	160		Track: Toggle FX bypass for track 18
main	0	161		Track: Toggle record arm for track 18
main	0	162		Track: Set mute for track 18 (MIDI CC/OSC only)
main	0	163		Track: Set solo for track 18 (MIDI CC/OSC only)
main	0	164		Track: Set volume for track 19 (MIDI CC/OSC only)
main	0	165		Track: Set pan for track 19 (MIDI CC/OSC only)
main	0	166		Track: Toggle mute for track 19
main	0	167		Track: Toggle solo for track 19
main	0	168		Track: Toggle FX bypass for track 19
main	0	169		Track: Toggle record arm for track 19
main	0	170		Track: Set mute for track 19 (MIDI CC/OSC only)
main	0	171		Track: Set solo for track 19 (MIDI CC/OSC only)
main	0	172		Track: Set volume for track 20 (MIDI CC/OSC only)
main	0	173		Track: Set pan for track 20 (MIDI CC/OSC only)
main	0	174		Track: Toggle mute for track 20
main	0	175		Track: Toggle solo for track 20
main	0	176		Track: Toggle FX bypass for track 20
main	0	177		Track: Toggle record arm for track 20
main	0	178		Track: Set mute for track 20 (MIDI CC/OSC only)
main	0	179		Track: Set solo for track 20 (MIDI CC/OSC only)
main	0	180		Track: Set volume for track 21 (MIDI CC/OSC only)
main	0	181		Track: Set pan for track 21 (MIDI CC/OSC only)
main	0	182		Track: Toggle mute for track 21
main	0	183		Track: Toggle solo for track 21
main	0	184		Track: Toggle FX bypass for track 21
main	0	185		Track: Toggle record arm for track 21
main	0	186		Track: Set mute for track 21 (MIDI CC/OSC only)
main	0	187		Track: Set solo for track 21 (MIDI CC/OSC only)
main	0	188		Track: Set volume for track 22 (MIDI CC/OSC only)
main	0	189		Track: Set pan for track 22 (MIDI CC/OSC only)
main	0	190		Track: Toggle mute for track 22
main	0	191		Track: Toggle solo for track 22
main	0	192		Track: Toggle FX bypass for track 22
main	0	193		Track: Toggle record arm for track 22
main	0	194		Track: Set mute for track 22 (MIDI CC/OSC only)
main	0	195		Track: Set solo for track 22 (MIDI CC/OSC only)
main	0	196		Track: Set volume for track 23 (MIDI CC/OSC only)
main	0	197		Track: Set pan for track 23 (MIDI CC/OSC only)
main	0	198		Track: Toggle mute for track 23
main	0	199		Track: Toggle solo for track 23
main	0	200		Track: Toggle FX bypass for track 23
main	0	201		Track: Toggle record arm for track 23
main	0	202		Track: Set mute for track 23 (MIDI CC/OSC only)
main	0	203		Track: Set solo for track 23 (MIDI CC/OSC only)
main	0	204		Track: Set volume for track 24 (MIDI CC/OSC only)
main	0	205		Track: Set pan for track 24 (MIDI CC/OSC only)
main	0	206		Track: Toggle mute for track 24
main	0	207		Track: Toggle solo for track 24
main	0	208		Track: Toggle FX bypass for track 24
main	0	209		Track: Toggle record arm for track 24
main	0	210		Track: Set mute for track 24 (MIDI CC/OSC only)
main	0	211		Track: Set solo for track 24 (MIDI CC/OSC only)
main	0	212		Track: Set volume for track 25 (MIDI CC/OSC only)
main	0	213		Track: Set pan for track 25 (MIDI CC/OSC only)
main	0	214		Track: Toggle mute for track 25
main	0	215		Track: Toggle solo for track 25
main	0	216		Track: Toggle FX bypass for track 25
main	0	217		Track: Toggle record arm for track 25
main	0	218		Track: Set mute for track 25 (MIDI CC/OSC only)
main	0	219		Track: Set solo for track 25 (MIDI CC/OSC only)
main	0	220		Track: Set volume for track 26 (MIDI CC/OSC only)
main	0	221		Track: Set pan for track 26 (MIDI CC/OSC only)
main	0	222		Track: Toggle mute for track 26
main	0	223		Track: Toggle solo for track 26
main	0	224		Track: Toggle FX bypass for track 26
main	0	225		Track: Toggle record arm for track 26
main	0	226		Track: Set mute for track 26 (MIDI CC/OSC only)
main	0	227		Track: Set solo for track 26 (MIDI CC/OSC only)
main	0	228		Track: Set volume for track 27 (MIDI CC/OSC only)
main	0	229		Track: Set pan for track 27 (MIDI CC/OSC only)
main	0	230		Track: Toggle mute for track 27
main	0	231		Track: Toggle solo for track 27
main	0	232		Track: Toggle FX bypass for track 27
main	0	233		Track: Toggle record arm for track 27
main	0	234		Track: Set mute for track 27 (MIDI CC/OSC only)
main	0	235		Track: Set solo for track 27 (MIDI CC/OSC only)
main	0	236		Track: Set volume for track 28 (MIDI CC/OSC only)
main	0	237		Track: Set pan for track 28 (MIDI CC/OSC only)
main	0	238		Track: Toggle mute for track 28
main	0	239		Track: Toggle solo for track 28
main	0	240		Track: Toggle FX bypass for track 28
main	0	241		Track: Toggle record arm for track 28
main	0	242		Track: Set mute for track 28 (MIDI CC/OSC only)
main	0	243		Track: Set solo for track 28 (MIDI CC/OSC only)
main	0	244		Track: Set volume for track 29 (MIDI CC/OSC only)
main	0	245		Track: Set pan for track 29 (MIDI CC/OSC only)
main	0	246		Track: Toggle mute for track 29
main	0	247		Track: Toggle solo for track 29
main	0	248		Track: Toggle FX bypass for track 29
main	0	249		Track: Toggle record arm for track 29
main	0	250		Track: Set mute for track 29 (MIDI CC/OSC only)
main	0	251		Track: Set solo for track 29 (MIDI CC/OSC only)
main	0	252		Track: Set volume for track 30 (MIDI CC/OSC only)
main	0	253		Track: Set pan for track 30 (MIDI CC/OSC only)
main	0	254		Track: Toggle mute for track 30
main	0	255		Track: Toggle solo for track 30
main	0	256		Track: Toggle FX bypass for track 30
main	0	257		Track: Toggle record arm for track 30
main	0	258		Track: Set mute for track 30 (MIDI CC/OSC only)
main	0	259		Track: Set solo for track 30 (MIDI CC/OSC only)
main	0	260		Track: Set volume for track 31 (MIDI CC/OSC only)
main	0	261		Track: Set pan for track 31 (MIDI CC/OSC only)
main	0	262		Track: Toggle mute for track 31
main	0	263		Track: Toggle solo for track 31
main	0	264		Track: Toggle FX bypass for track 31
main	0	265		Track: Toggle record arm for track 31
main	0	266		Track: Set mute for track 31 (MIDI CC/OSC only)
main	0	267		Track: Set solo for track 31 (MIDI CC/OSC only)
main	0	268		Track: Set volume for track 32 (MIDI CC/OSC only)
main	0	269		Track: Set pan for track 32 (MIDI CC/OSC only)
main	0	270		Track: Toggle mute for track 32
main	0	271		Track: Toggle solo for track 32
main	0	272		Track: Toggle FX bypass for track 32
main	0	273		Track: Toggle record arm for track 32
main	0	274		Track: Set mute for track 32 (MIDI CC/OSC only)
main	0	275		Track: Set solo for track 32 (MIDI CC/OSC only)
main	0	276		Track: Set volume for track 33 (MIDI CC/OSC only)
main	0	277		Track: Set pan for track 33 (MIDI CC/OSC only)
main	0	278		Track: Toggle mute for track 33
main	0	279		Track: Toggle solo for track 33
main	0	280		Track: Toggle FX bypass for track 33
main	0	281		Track: Toggle record arm for track 33
main	0	282		Track: Set mute for track 33 (MIDI CC/OSC only)
main	0	283		Track: Set solo for track 33 (MIDI CC/OSC only)
main	0	284		Track: Set volume for track 34 (MIDI CC/OSC only)
main	0	285		Track: Set pan for track 34 (MIDI CC/OSC only)
main	0	286		Track: Toggle mute for track 34
main	0	287		Track: Toggle solo for track 34
main	0	288		Track: Toggle FX bypass for track 34
main	0	289		Track: Toggle record arm for track 34
main	0	290		Track: Set mute for track 34 (MIDI CC/OSC only)
main	0	291		Track: Set solo for track 34 (MIDI CC/OSC only)
main	0	292		Track: Set volume for track 35 (MIDI CC/OSC only)
main	0	293		Track: Set pan for track 35 (MIDI CC/OSC only)
main	0	294		Track: Toggle mute for track 35
main	0	295		Track: Toggle solo for track 35
main	0	296		Track: Toggle FX bypass for track 35
main	0	297		Track: Toggle record arm for track 35
main	0	298		Track: Set mute for track 35 (MIDI CC/OSC only)
main	0	299		Track: Set solo for track 35 (MIDI CC/OSC only)
main	0	300		Track: Set volume for track 36 (MIDI CC/OSC only)
main	0	301		Track: Set pan for track 36 (MIDI CC/OSC only)
main	0	302		Track: Toggle mute for track 36
main	0	303		Track: Toggle solo for track 36
main	0	304		Track: Toggle FX bypass for track 36
main	0	305		Track: Toggle record arm for track 36
main	0	306		Track: Set mute for track 36 (MIDI CC/OSC only)
main	0	307		Track: Set solo for track 36 (MIDI CC/OSC only)
main	0	308		Track: Set volume for track 37 (MIDI CC/OSC only)
main	0	309		Track: Set pan for track 37 (MIDI CC/OSC only)
main	0	310		Track: Toggle mute for track 37
main	0	311		Track: Toggle solo for track 37
main	0	312		Track: Toggle FX bypass for track 37
main	0	313		Track: Toggle record arm for track 37
main	0	314		Track: Set mute for track 37 (MIDI CC/OSC only)
main	0	315		Track: Set solo for track 37 (MIDI CC/OSC only)
main	0	316		Track: Set volume for track 38 (MIDI CC/OSC only)
main	0	317		Track: Set pan for track 38 (MIDI CC/OSC only)
main	0	318		Track: Toggle mute for track 38
main	0	319		Track: Toggle solo for track 38
main	0	320		Track: Toggle FX bypass for track 38
main	0	321		Track: Toggle record arm for track 38
main	0	322		Track: Set mute for track 38 (MIDI CC/OSC only)
main	0	323		Track: Set solo for track 38 (MIDI CC/OSC only)
main	0	324		Track: Set volume for track 39 (MIDI CC/OSC only)
main	0	325		Track: Set pan for track 39 (MIDI CC/OSC only)
main	0	326		Track: Toggle mute for track 39
main	0	327		Track: Toggle solo for track 39
main	0	328		Track: Toggle FX bypass for track 39
main	0	329		Track: Toggle record arm for track 39
main	0	330		Track: Set mute for track 39 (MIDI CC/OSC only)
main	0	331		Track: Set solo for track 39 (MIDI CC/OSC only)
main	0	332		Track: Set volume for track 40 (MIDI CC/OSC only)
main	0	333		Track: Set pan for track 40 (MIDI CC/OSC only)
main	0	334		Track: Toggle mute for track 40
main	0	335		Track: Toggle solo for track 40
main	0	336		Track: Toggle FX bypass for track 40
main	0	337		Track: Toggle record arm for track 40
main	0	338		Track: Set mute for track 40 (MIDI CC/OSC only)
main	0	339		Track: Set solo for track 40 (MIDI CC/OSC only)
main	0	340		Track: Set volume for track 41 (MIDI CC/OSC only)
main	0	341		Track: Set pan for track 41 (MIDI CC/OSC only)
main	0	342		Track: Toggle mute for track 41
main	0	343		Track: Toggle solo for track 41
main	0	344		Track: Toggle FX bypass for track 41
main	0	345		Track: Toggle record arm for track 41
main	0	346		Track: Set mute for track 41 (MIDI CC/OSC only)
main	0	347		Track: Set solo for track 41 (MIDI CC/OSC only)
main	0	348		Track: Set volume for track 42 (MIDI CC/OSC only)
main	0	349		Track: Set pan for track 42 (MIDI CC/OSC only)
main	0	350		Track: Toggle mute for track 42
main	0	351		Track: Toggle solo for track 42
main	0	352		Track: Toggle FX bypass for track 42
main	0	353		Track: Toggle record arm for track 42
main	0	354		Track: Set mute for track 42 (MIDI CC/OSC only)
main	0	355		Track: Set solo for track 42 (MIDI CC/OSC only)
main	0	356		Track: Set volume for track 43 (MIDI CC/OSC only)
main	0	357		Track: Set pan for track 43 (MIDI CC/OSC only)
main	0	358		Track: Toggle mute for track 43
main	0	359		Track: Toggle solo for track 43
main	0	360		Track: Toggle FX bypass for track 43
main	0	361		Track: Toggle record arm for track 43
main	0	362		Track: Set mute for track 43 (MIDI CC/OSC only)
main	0	363		Track: Set solo for track 43 (MIDI CC/OSC only)
main	0	364		Track: Set volume for track 44 (MIDI CC/OSC only)
main	0	365		Track: Set pan for track 44 (MIDI CC/OSC only)
main	0	366		Track: Toggle mute for track 44
main	0	367		Track: Toggle solo for track 44
main	0	368		Track: Toggle FX bypass for track 44
main	0	369		Track: Toggle record arm for track 44
main	0	370		Track: Set mute for track 44 (MIDI CC/OSC only)
main	0	371		Track: Set solo for track 44 (MIDI CC/OSC only)
main	0	372		Track: Set volume for track 45 (MIDI CC/OSC only)
main	0	373		Track: Set pan for track 45 (MIDI CC/OSC only)
main	0	374		Track: Toggle mute for track 45
main	0	375		Track: Toggle solo for track 45
main	0	376		Track: Toggle FX bypass for track 45
main	0	377		Track: Toggle record arm for track 45
main	0	378		Track: Set mute for track 45 (MIDI CC/OSC only)
main	0	379		Track: Set solo for track 45 (MIDI CC/OSC only)
main	0	380		Track: Set volume for track 46 (MIDI CC/OSC only)
main	0	381		Track: Set pan for track 46 (MIDI CC/OSC only)
main	0	382		Track: Toggle mute for track 46
main	0	383		Track: Toggle solo for track 46
main	0	384		Track: Toggle FX bypass for track 46
main	0	385		Track: Toggle record arm for track 46
main	0	386		Track: Set mute for track 46 (MIDI CC/OSC only)
main	0	387		Track: Set solo for track 46 (MIDI CC/OSC only)
main	0	388		Track: Set volume for track 47 (MIDI CC/OSC only)
main	0	389		Track: Set pan for track 47 (MIDI CC/OSC only)
main	0	390		Track: Toggle mute for track 47
main	0	391		Track: Toggle solo for track 47
main	0	392		Track: Toggle FX bypass for track 47
main	0	393		Track: Toggle record arm for track 47
main	0	394		Track: Set mute for track 47 (MIDI CC/OSC only)
main	0	395		Track: Set solo for track 47 (MIDI CC/OSC only)
main	0	396		Track: Set volume for track 48 (MIDI CC/OSC only)
main	0	397		Track: Set pan for track 48 (MIDI CC/OSC only)
main	0	398		Track: Toggle mute for track 48
main	0	399		Track: Toggle solo for track 48
main	0	400		Track: Toggle FX bypass for track 48
main	0	401		Track: Toggle record arm for track 48
main	0	402		Track: Set mute for track 48 (MIDI CC/OSC only)
main	0	403		Track: Set solo for track 48 (MIDI CC/OSC only)
main	0	404		Track: Set volume for track 49 (MIDI CC/OSC only)
main	0	405		Track: Set pan for track 49 (MIDI CC/OSC only)
main	0	406		Track: Toggle mute for track 49
main	0	407		Track: Toggle solo for track 49
main	0	408		Track: Toggle FX bypass for track 49
main	0	409		Track: Toggle record arm for track 49
main	0	410		Track: Set mute for track 49 (MIDI CC/OSC only)
main	0	411		Track: Set solo for track 49 (MIDI CC/OSC only)
main	0	412		Track: Set volume for track 50 (MIDI CC/OSC only)
main	0	413		Track: Set pan for track 50 (MIDI CC/OSC only)
main	0	414		Track: Toggle mute for track 50
main	0	415		Track: Toggle solo for track 50
main	0	416		Track: Toggle FX bypass for track 50
main	0	417		Track: Toggle record arm for track 50
main	0	418		Track: Set mute for track 50 (MIDI CC/OSC only)
main	0	419		Track: Set solo for track 50 (MIDI CC/OSC only)
main	0	420		Track: Set volume for track 51 (MIDI CC/OSC only)
main	0	421		Track: Set pan for track 51 (MIDI CC/OSC only)
main	0	422		Track: Toggle mute for track 51
main	0	423		Track: Toggle solo for track 51
main	0	424		Track: Toggle FX bypass for track 51
main	0	425		Track: Toggle record arm for track 51
main	0	426		Track: Set mute for track 51 (MIDI CC/OSC only)
main	0	427		Track: Set solo for track 51 (MIDI CC/OSC only)
main	0	428		Track: Set volume for track 52 (MIDI CC/OSC only)
main	0	429		Track: Set pan for track 52 (MIDI CC/OSC only)
main	0	430		Track: Toggle mute for track 52
main	0	431		Track: Toggle solo for track 52
main	0	432		Track: Toggle FX bypass for track 52
main	0	433		Track: Toggle record arm for track 52
main	0	434		Track: Set mute for track 52 (MIDI CC/OSC only)
main	0	435		Track: Set solo for track 52 (MIDI CC/OSC only)
main	0	436		Track: Set volume for track 53 (MIDI CC/OSC only)
main	0	437		Track: Set pan for track 53 (MIDI CC/OSC only)
main	0	438		Track: Toggle mute for track 53
main	0	439		Track: Toggle solo for track 53
main	0	440		Track: Toggle FX bypass for track 53
main	0	441		Track: Toggle record arm for track 53
main	0	442		Track: Set mute for track 53 (MIDI CC/OSC only)
main	0	443		Track: Set solo for track 53 (MIDI CC/OSC only)
main	0	444		Track: Set volume for track 54 (MIDI CC/OSC only)
main	0	445		Track: Set pan for track 54 (MIDI CC/OSC only)
main	0	446		Track: Toggle mute for track 54
main	0	447		Track: Toggle solo for track 54
main	0	448		Track: Toggle FX bypass for track 54
main	0	449		Track: Toggle record arm for track 54
main	0	450		Track: Set mute for track 54 (MIDI CC/OSC only)
main	0	451		Track: Set solo for track 54 (MIDI CC/OSC only)
main	0	452		Track: Set volume for track 55 (MIDI CC/OSC only)
main	0	453		Track: Set pan for track 55 (MIDI CC/OSC only)
main	0	454		Track: Toggle mute for track 55
main	0	455		Track: Toggle solo for track 55
main	0	456		Track: Toggle FX bypass for track 55
main	0	457		Track: Toggle record arm for track 55
main	0	458		Track: Set mute for track 55 (MIDI CC/OSC only)
main	0	459		Track: Set solo for track 55 (MIDI CC/OSC only)
main	0	460		Track: Set volume for track 56 (MIDI CC/OSC only)
main	0	461		Track: Set pan for track 56 (MIDI CC/OSC only)
main	0	462		Track: Toggle mute for track 56
main	0	463		Track: Toggle solo for track 56
main	0	464		Track: Toggle FX bypass for track 56
main	0	465		Track: Toggle record arm for track 56
main	0	466		Track: Set mute for track 56 (MIDI CC/OSC only)
main	0	467		Track: Set solo for track 56 (MIDI CC/OSC only)
main	0	468		Track: Set volume for track 57 (MIDI CC/OSC only)
main	0	469		Track: Set pan for track 57 (MIDI CC/OSC only)
main	0	470		Track: Toggle mute for track 57
main	0	471		Track: Toggle solo for track 57
main	0	472		Track: Toggle FX bypass for track 57
main	0	473		Track: Toggle record arm for track 57
main	0	474		Track: Set mute for track 57 (MIDI CC/OSC only)
main	0	475		Track: Set solo for track 57 (MIDI CC/OSC only)
main	0	476		Track: Set volume for track 58 (MIDI CC/OSC only)
main	0	477		Track: Set pan for track 58 (MIDI CC/OSC only)
main	0	478		Track: Toggle mute for track 58
main	0	479		Track: Toggle solo for track 58
main	0	480		Track: Toggle FX bypass for track 58
main	0	481		Track: Toggle record arm for track 58
main	0	482		Track: Set mute for track 58 (MIDI CC/OSC only)
main	0	483		Track: Set solo for track 58 (MIDI CC/OSC only)
main	0	484		Track: Set volume for track 59 (MIDI CC/OSC only)
main	0	485		Track: Set pan for track 59 (MIDI CC/OSC only)
main	0	486		Track: Toggle mute for track 59
main	0	487		Track: Toggle solo for track 59
main	0	488		Track: Toggle FX bypass for track 59
main	0	489		Track: Toggle record arm for track 59
main	0	490		Track: Set mute for track 59 (MIDI CC/OSC only)
main	0	491		Track: Set solo for track 59 (MIDI CC/OSC only)
main	0	492		Track: Set volume for track 60 (MIDI CC/OSC only)
main	0	493		Track: Set pan for track 60 (MIDI CC/OSC only)
main	0	494		Track: Toggle mute for track 60
main	0	495		Track: Toggle solo for track 60
main	0	496		Track: Toggle FX bypass for track 60
main	0	497		Track: Toggle record arm for track 60
main	0	498		Track: Set mute for track 60 (MIDI CC/OSC only)
main	0	499		Track: Set solo for track 60 (MIDI CC/OSC only)
main	0	500		Track: Set volume for track 61 (MIDI CC/OSC only)
main	0	501		Track: Set pan for track 61 (MIDI CC/OSC only)
main	0	502		Track: Toggle mute for track 61
main	0	503		Track: Toggle solo for track 61
main	0	504		Track: Toggle FX bypass for track 61
main	0	505		Track: Toggle record arm for track 61
main	0	506		Track: Set mute for track 61 (MIDI CC/OSC only)
main	0	507		Track: Set solo for track 61 (MIDI CC/OSC only)
main	0	508		Track: Set volume for track 62 (MIDI CC/OSC only)
main	0	509		Track: Set pan for track 62 (MIDI CC/OSC only)
main	0	510		Track: Toggle mute for track 62
main	0	511		Track: Toggle solo for track 62
main	0	512		Track: Toggle FX bypass for track 62
main	0	513		Track: Toggle record arm for track 62
main	0	514		Track: Set mute for track 62 (MIDI CC/OSC only)
main	0	515		Track: Set solo for track 62 (MIDI CC/OSC only)
main	0	516		Track: Set volume for track 63 (MIDI CC/OSC only)
main	0	517		Track: Set pan for track 63 (MIDI CC/OSC only)
main	0	518		Track: Toggle mute for track 63
main	0	519		Track: Toggle solo for track 63
main	0	520		Track: Toggle FX bypass for track 63
main	0	521		Track: Toggle record arm for track 63
main	0	522		Track: Set mute for track 63 (MIDI CC/OSC only)
main	0	523		Track: Set solo for track 63 (MIDI CC/OSC only)
main	0	524		Track: Set volume for track 64 (MIDI CC/OSC only)
main	0	525		Track: Set pan for track 64 (MIDI CC/OSC only)
main	0	526		Track: Toggle mute for track 64
main	0	527		Track: Toggle solo for track 64
main	0	528		Track: Toggle FX bypass for track 64
main	0	529		Track: Toggle record arm for track 64
main	0	530		Track: Set mute for track 64 (MIDI CC/OSC only)
main	0	531		Track: Set solo for track 64 (MIDI CC/OSC only)
main	0	532		Track: Set volume for track 65 (MIDI CC/OSC only)
main	0	533		Track: Set pan for track 65 (MIDI CC/OSC only)
main	0	534		Track: Toggle mute for track 65
main	0	535		Track: Toggle solo for track 65
main	0	536		Track: Toggle FX bypass for track 65
main	0	537		Track: Toggle record arm for track 65
main	0	538		Track: Set mute for track 65 (MIDI CC/OSC only)
main	0	539		Track: Set solo for track 65 (MIDI CC/OSC only)
main	0	540		Track: Set volume for track 66 (MIDI CC/OSC only)
main	0	541		Track: Set pan for track 66 (MIDI CC/OSC only)
main	0	542		Track: Toggle mute for track 66
main	0	543		Track: Toggle solo for track 66
main	0	544		Track: Toggle FX bypass for track 66
main	0	545		Track: Toggle record arm for track 66
main	0	546		Track: Set mute for track 66 (MIDI CC/OSC only)
main	0	547		Track: Set solo for track 66 (MIDI CC/OSC only)
main	0	548		Track: Set volume for track 67 (MIDI CC/OSC only)
main	0	549		Track: Set pan for track 67 (MIDI CC/OSC only)
main	0	550		Track: Toggle mute for track 67
main	0	551		Track: Toggle solo for track 67
main	0	552		Track: Toggle FX bypass for track 67
main	0	553		Track: Toggle record arm for track 67
main	0	554		Track: Set mute for track 67 (MIDI CC/OSC only)
main	0	555		Track: Set solo for track 67 (MIDI CC/OSC only)
main	0	556		Track: Set volume for track 68 (MIDI CC/OSC only)
main	0	557		Track: Set pan for track 68 (MIDI CC/OSC only)
main	0	558		Track: Toggle mute for track 68
main	0	559		Track: Toggle solo for track 68
main	0	560		Track: Toggle FX bypass for track 68
main	0	561		Track: Toggle record arm for track 68
main	0	562		Track: Set mute for track 68 (MIDI CC/OSC only)
main	0	563		Track: Set solo for track 68 (MIDI CC/OSC only)
main	0	564		Track: Set volume for track 69 (MIDI CC/OSC only)
main	0	565		Track: Set pan for track 69 (MIDI CC/OSC only)
main	0	566		Track: Toggle mute for track 69
main	0	567		Track: Toggle solo for track 69
main	0	568		Track: Toggle FX bypass for track 69
main	0	569		Track: Toggle record arm for track 69
main	0	570		Track: Set mute for track 69 (MIDI CC/OSC only)
main	0	571		Track: Set solo for track 69 (MIDI CC/OSC only)
main	0	572		Track: Set volume for track 70 (MIDI CC/OSC only)
main	0	573		Track: Set pan for track 70 (MIDI CC/OSC only)
main	0	574		Track: Toggle mute for track 70
main	0	575		Track: Toggle solo for track 70
main	0	576		Track: Toggle FX bypass for track 70
main	0	577		Track: Toggle record arm for track 70
main	0	578		Track: Set mute for track 70 (MIDI CC/OSC only)
main	0	579		Track: Set solo for track 70 (MIDI CC/OSC only)
main	0	580		Track: Set volume for track 71 (MIDI CC/OSC only)
main	0	581		Track: Set pan for track 71 (MIDI CC/OSC only)
main	0	582		Track: Toggle mute for track 71
main	0	583		Track: Toggle solo for track 71
main	0	584		Track: Toggle FX bypass for track 71
main	0	585		Track: Toggle record arm for track 71
main	0	586		Track: Set mute for track 71 (MIDI CC/OSC only)
main	0	587		Track: Set solo for track 71 (MIDI CC/OSC only)
main	0	588		Track: Set volume for track 72 (MIDI CC/OSC only)
main	0	589		Track: Set pan for track 72 (MIDI CC/OSC only)
main	0	590		Track: Toggle mute for track 72
main	0	591		Track: Toggle solo for track 72
main	0	592		Track: Toggle FX bypass for track 72
main	0	593		Track: Toggle record arm for track 72
main	0	594		Track: Set mute for track 72 (MIDI CC/OSC only)
main	0	595		Track: Set solo for track 72 (MIDI CC/OSC only)
main	0	596		Track: Set volume for track 73 (MIDI CC/OSC only)
main	0	597		Track: Set pan for track 73 (MIDI CC/OSC only)
main	0	598		Track: Toggle mute for track 73
main	0	599		Track: Toggle solo for track 73
main	0	600		Track: Toggle FX bypass for track 73
main	0	601		Track: Toggle record arm for track 73
main	0	602		Track: Set mute for track 73 (MIDI CC/OSC only)
main	0	603		Track: Set solo for track 73 (MIDI CC/OSC only)
main	0	604		Track: Set volume for track 74 (MIDI CC/OSC only)
main	0	605		Track: Set pan for track 74 (MIDI CC/OSC only)
main	0	606		Track: Toggle mute for track 74
main	0	607		Track: Toggle solo for track 74
main	0	608		Track: Toggle FX bypass for track 74
main	0	609		Track: Toggle record arm for track 74
main	0	610		Track: Set mute for track 74 (MIDI CC/OSC only)
main	0	611		Track: Set solo for track 74 (MIDI CC/OSC only)
main	0	612		Track: Set volume for track 75 (MIDI CC/OSC only)
main	0	613		Track: Set pan for track 75 (MIDI CC/OSC only)
main	0	614		Track: Toggle mute for track 75
main	0	615		Track: Toggle solo for track 75
main	0	616		Track: Toggle FX bypass for track 75
main	0	617		Track: Toggle record arm for track 75
main	0	618		Track: Set mute for track 75 (MIDI CC/OSC only)
main	0	619		Track: Set solo for track 75 (MIDI CC/OSC only)
main	0	620		Track: Set volume for track 76 (MIDI CC/OSC only)
main	0	621		Track: Set pan for track 76 (MIDI CC/OSC only)
main	0	622		Track: Toggle mute for track 76
main	0	623		Track: Toggle solo for track 76
main	0	624		Track: Toggle FX bypass for track 76
main	0	625		Track: Toggle record arm for track 76
main	0	626		Track: Set mute for track 76 (MIDI CC/OSC only)
main	0	627		Track: Set solo for track 76 (MIDI CC/OSC only)
main	0	628		Track: Set volume for track 77 (MIDI CC/OSC only)
main	0	629		Track: Set pan for track 77 (MIDI CC/OSC only)
main	0	630		Track: Toggle mute for track 77
main	0	631		Track: Toggle solo for track 77
main	0	632		Track: Toggle FX bypass for track 77
main	0	633		Track: Toggle record arm for track 77
main	0	634		Track: Set mute for track 77 (MIDI CC/OSC only)
main	0	635		Track: Set solo for track 77 (MIDI CC/OSC only)
main	0	636		Track: Set volume for track 78 (MIDI CC/OSC only)
main	0	637		Track: Set pan for track 78 (MIDI CC/OSC only)
main	0	638		Track: Toggle mute for track 78
main	0	639		Track: Toggle solo for track 78
main	0	640		Track: Toggle FX bypass for track 78
main	0	641		Track: Toggle record arm for track 78
main	0	642		Track: Set mute for track 78 (MIDI CC/OSC only)
main	0	643		Track: Set solo for track 78 (MIDI CC/OSC only)
main	0	644		Track: Set volume for track 79 (MIDI CC/OSC only)
main	0	645		Track: Set pan for track 79 (MIDI CC/OSC only)
main	0	646		Track: Toggle mute for track 79
main	0	647		Track: Toggle solo for track 79
main	0	648		Track: Toggle FX bypass for track 79
main	0	649		Track: Toggle record arm for track 79
main	0	650		Track: Set mute for track 79 (MIDI CC/OSC only)
main	0	651		Track: Set solo for track 79 (MIDI CC/OSC only)
main	0	652		Track: Set volume for track 80 (MIDI CC/OSC only)
main	0	653		Track: Set pan for track 80 (MIDI CC/OSC only)
main	0	654		Track: Toggle mute for track 80
main	0	655		Track: Toggle solo for track 80
main	0	656		Track: Toggle FX bypass for track 80
main	0	657		Track: Toggle record arm for track 80
main	0	658		Track: Set mute for track 80 (MIDI CC/OSC only)
main	0	659		Track: Set solo for track 80 (MIDI CC/OSC only)
main	0	660		Track: Set volume for track 81 (MIDI CC/OSC only)
main	0	661		Track: Set pan for track 81 (MIDI CC/OSC only)
main	0	662		Track: Toggle mute for track 81
main	0	663		Track: Toggle solo for track 81
main	0	664		Track: Toggle FX bypass for track 81
main	0	665		Track: Toggle record arm for track 81
main	0	666		Track: Set mute for track 81 (MIDI CC/OSC only)
main	0	667		Track: Set solo for track 81 (MIDI CC/OSC only)
main	0	668		Track: Set volume for track 82 (MIDI CC/OSC only)
main	0	669		Track: Set pan for track 82 (MIDI CC/OSC only)
main	0	670		Track: Toggle mute for track 82
main	0	671		Track: Toggle solo for track 82
main	0	672		Track: Toggle FX bypass for track 82
main	0	673		Track: Toggle record arm for track 82
main	0	674		Track: Set mute for track 82 (MIDI CC/OSC only)
main	0	675		Track: Set solo for track 82 (MIDI CC/OSC only)
main	0	676		Track: Set volume for track 83 (MIDI CC/OSC only)
main	0	677		Track: Set pan for track 83 (MIDI CC/OSC only)
main	0	678		Track: Toggle mute for track 83
main	0	679		Track: Toggle solo for track 83
main	0	680		Track: Toggle FX bypass for track 83
main	0	681		Track: Toggle record arm for track 83
main	0	682		Track: Set mute for track 83 (MIDI CC/OSC only)
main	0	683		Track: Set solo for track 83 (MIDI CC/OSC only)
main	0	684		Track: Set volume for track 84 (MIDI CC/OSC only)
main	0	685		Track: Set pan for track 84 (MIDI CC/OSC only)
main	0	686		Track: Toggle mute for track 84
main	0	687		Track: Toggle solo for track 84
main	0	688		Track: Toggle FX bypass for track 84
main	0	689		Track: Toggle record arm for track 84
main	0	690		Track: Set mute for track 84 (MIDI CC/OSC only)
main	0	691		Track: Set solo for track 84 (MIDI CC/OSC only)
main	0	692		Track: Set volume for track 85 (MIDI CC/OSC only)
main	0	693		Track: Set pan for track 85 (MIDI CC/OSC only)
main	0	694		Track: Toggle mute for track 85
main	0	695		Track: Toggle solo for track 85
main	0	696		Track: Toggle FX bypass for track 85
main	0	697		Track: Toggle record arm for track 85
main	0	698		Track: Set mute for track 85 (MIDI CC/OSC only)
main	0	699		Track: Set solo for track 85 (MIDI CC/OSC only)
main	0	700		Track: Set volume for track 86 (MIDI CC/OSC only)
main	0	701		Track: Set pan for track 86 (MIDI CC/OSC only)
main	0	702		Track: Toggle mute for track 86
main	0	703		Track: Toggle solo for track 86
main	0	704		Track: Toggle FX bypass for track 86
main	0	705		Track: Toggle record arm for track 86
main	0	706		Track: Set mute for track 86 (MIDI CC/OSC only)
main	0	707		Track: Set solo for track 86 (MIDI CC/OSC only)
main	0	708		Track: Set volume for track 87 (MIDI CC/OSC only)
main	0	709		Track: Set pan for track 87 (MIDI CC/OSC only)
main	0	710		Track: Toggle mute for track 87
main	0	711		Track: Toggle solo for track 87
main	0	712		Track: Toggle FX bypass for track 87
main	0	713		Track: Toggle record arm for track 87
main	0	714		Track: Set mute for track 87 (MIDI CC/OSC only)
main	0	715		Track: Set solo for track 87 (MIDI CC/OSC only)
main	0	716		Track: Set volume for track 88 (MIDI CC/OSC only)
main	0	717		Track: Set pan for track 88 (MIDI CC/OSC only)
main	0	718		Track: Toggle mute for track 88
main	0	719		Track: Toggle solo for track 88
main	0	720		Track: Toggle FX bypass for track 88
main	0	721		Track: Toggle record arm for track 88
main	0	722		Track: Set mute for track 88 (MIDI CC/OSC only)
main	0	723		Track: Set solo for track 88 (MIDI CC/OSC only)
main	0	724		Track: Set volume for track 89 (MIDI CC/OSC only)
main	0	725		Track: Set pan for track 89 (MIDI CC/OSC only)
main	0	726		Track: Toggle mute for track 89
main	0	727		Track: Toggle solo for track 89
main	0	728		Track: Toggle FX bypass for track 89
main	0	729		Track: Toggle record arm for track 89
main	0	730		Track: Set mute for track 89 (MIDI CC/OSC only)
main	0	731		Track: Set solo for track 89 (MIDI CC/OSC only)
main	0	732		Track: Set volume for track 90 (MIDI CC/OSC only)
main	0	733		Track: Set pan for track 90 (MIDI CC/OSC only)
main	0	734		Track: Toggle mute for track 90
main	0	735		Track: Toggle solo for track 90
main	0	736		Track: Toggle FX bypass for track 90
main	0	737		Track: Toggle record arm for track 90
main	0	738		Track: Set mute for track 90 (MIDI CC/OSC only)
main	0	739		Track: Set solo for track 90 (MIDI CC/OSC only)
main	0	740		Track: Set volume for track 91 (MIDI CC/OSC only)
main	0	741		Track: Set pan for track 91 (MIDI CC/OSC only)
main	0	742		Track: Toggle mute for track 91
main	0	743		Track: Toggle solo for track 91
main	0	744		Track: Toggle FX bypass for track 91
main	0	745		Track: Toggle record arm for track 91
main	0	746		Track: Set mute for track 91 (MIDI CC/OSC only)
main	0	747		Track: Set solo for track 91 (MIDI CC/OSC only)
main	0	748		Track: Set volume for track 92 (MIDI CC/OSC only)
main	0	749		Track: Set pan for track 92 (MIDI CC/OSC only)
main	0	750		Track: Toggle mute for track 92
main	0	751		Track: Toggle solo for track 92
main	0	752		Track: Toggle FX bypass for track 92
main	0	753		Track: Toggle record arm for track 92
main	0	754		Track: Set mute for track 92 (MIDI CC/OSC only)
main	0	755		Track: Set solo for track 92 (MIDI CC/OSC only)
main	0	756		Track: Set volume for track 93 (MIDI CC/OSC only)
main	0	757		Track: Set pan for track 93 (MIDI CC/OSC only)
main	0	758		Track: Toggle mute for track 93
main	0	759		Track: Toggle solo for track 93
main	0	760		Track: Toggle FX bypass for track 93
main	0	761		Track: Toggle record arm for track 93
main	0	762		Track: Set mute for track 93 (MIDI CC/OSC only)
main	0	763		Track: Set solo for track 93 (MIDI CC/OSC only)
main	0	764		Track: Set volume for track 94 (MIDI CC/OSC only)
main	0	765		Track: Set pan for track 94 (MIDI CC/OSC only)
main	0	766		Track: Toggle mute for track 94
main	0	767		Track: Toggle solo for track 94
main	0	768		Track: Toggle FX bypass for track 94
main	0	769		Track: Toggle record arm for track 94
main	0	770		Track: Set mute for track 94 (MIDI CC/OSC only)
main	0	771		Track: Set solo for track 94 (MIDI CC/OSC only)
main	0	772		Track: Set volume for track 95 (MIDI CC/OSC only)
main	0	773		Track: Set pan for track 95 (MIDI CC/OSC only)
main	0	774		Track: Toggle mute for track 95
main	0	775		Track: Toggle solo for track 95
main	0	776		Track: Toggle FX bypass for track 95
main	0	777		Track: Toggle record arm for track 95
main	0	778		Track: Set mute for track 95 (MIDI CC/OSC only)
main	0	779		Track: Set solo for track 95 (MIDI CC/OSC only)
main	0	780		Track: Set volume for track 96 (MIDI CC/OSC only)
main	0	781		Track: Set pan for track 96 (MIDI CC/OSC only)
main	0	782		Track: Toggle mute for track 96
main	0	783		Track: Toggle solo for track 96
main	0	784		Track: Toggle FX bypass for track 96
main	0	785		Track: Toggle record arm for track 96
main	0	786		Track: Set mute for track 96 (MIDI CC/OSC only)
main	0	787		Track: Set solo for track 96 (MIDI CC/OSC only)
main	0	788		Track: Set volume for track 97 (MIDI CC/OSC only)
main	0	789		Track: Set pan for track 97 (MIDI CC/OSC only)
main	0	790		Track: Toggle mute for track 97
main	0	791		Track: Toggle solo for track 97
main	0	792		Track: Toggle FX bypass for track 97
main	0	793		Track: Toggle record arm for track 97
main	0	794		Track: Set mute for track 97 (MIDI CC/OSC only)
main	0	795		Track: Set solo for track 97 (MIDI CC/OSC only)
main	0	796		Track: Set volume for track 98 (MIDI CC/OSC only)
main	0	797		Track: Set pan for track 98 (MIDI CC/OSC only)
main	0	798		Track: Toggle mute for track 98
main	0	799		Track: Toggle solo for track 98
main	0	800		Track: Toggle FX bypass for track 98
main	0	801		Track: Toggle record arm for track 98
main	0	802		Track: Set mute for track 98 (MIDI CC/OSC only)
main	0	803		Track: Set solo for track 98 (MIDI CC/OSC only)
main	0	804		Track: Set volume for track 99 (MIDI CC/OSC only)
main	0	805		Track: Set pan for track 99 (MIDI CC/OSC only)
main	0	806		Track: Toggle mute for track 99
main	0	807		Track: Toggle solo for track 99
main	0	808		Track: Toggle FX bypass for track 99
main	0	809		Track: Toggle record arm for track 99
main	0	810		Track: Set mute for track 99 (MIDI CC/OSC only)
main	0	811		Track: Set solo for track 99 (MIDI CC/OSC only)
main	0	812		Track: Set volume for last touched track (MIDI CC/OSC only)
main	0	813		Track: Set pan for last touched track (MIDI CC/OSC only)
main	0	814		Track: Toggle mute for last touched track
main	0	815		Track: Toggle solo for last touched track
main	0	816		Track: Toggle FX bypass for last touched track
main	0	817		Track: Toggle record arm for last touched track
main	0	818		Track: Set mute for last touched track (MIDI CC/OSC only)
main	0	819		Track: Set solo for last touched track (MIDI CC/OSC only)
main	0	901		Adjust track send 1 volume (MIDI CC/OSC only)
main	0	902		Adjust track send 2 volume (MIDI CC/OSC only)
main	0	903		Adjust track send 3 volume (MIDI CC/OSC only)
main	0	904		Adjust track send 4 volume (MIDI CC/OSC only)
main	0	905		Adjust track send 5 volume (MIDI CC/OSC only)
main	0	906		Adjust track send 6 volume (MIDI CC/OSC only)
main	0	907		Adjust track send 7 volume (MIDI CC/OSC only)
main	0	908		Adjust track send 8 volume (MIDI CC/OSC only)
main	0	911		Adjust track send 1 pan (MIDI CC/OSC only)
main	0	912		Adjust track send 2 pan (MIDI CC/OSC only)
main	0	913		Adjust track send 3 pan (MIDI CC/OSC only)
main	0	914		Adjust track send 4 pan (MIDI CC/OSC only)
main	0	915		Adjust track send 5 pan (MIDI CC/OSC only)
main	0	916		Adjust track send 6 pan (MIDI CC/OSC only)
main	0	917		Adjust track send 7 pan (MIDI CC/OSC only)
main	0	918		Adjust track send 8 pan (MIDI CC/OSC only)
main	0	950		Adjust track FX parameter 01 (MIDI CC/OSC only)
main	0	951		Adjust track FX parameter 02 (MIDI CC/OSC only)
main	0	952		Adjust track FX parameter 03 (MIDI CC/OSC only)
main	0	953		Adjust track FX parameter 04 (MIDI CC/OSC only)
main	0	954		Adjust track FX parameter 05 (MIDI CC/OSC only)
main	0	955		Adjust track FX parameter 06 (MIDI CC/OSC only)
main	0	956		Adjust track FX parameter 07 (MIDI CC/OSC only)
main	0	957		Adjust track FX parameter 08 (MIDI CC/OSC only)
main	0	958		Adjust track FX parameter 09 (MIDI CC/OSC only)
main	0	959		Adjust track FX parameter 10 (MIDI CC/OSC only)
main	0	960		Adjust track FX parameter 11 (MIDI CC/OSC only)
main	0	961		Adjust track FX parameter 12 (MIDI CC/OSC only)
main	0	962		Adjust track FX parameter 13 (MIDI CC/OSC only)
main	0	963		Adjust track FX parameter 14 (MIDI CC/OSC only)
main	0	964		Adjust track FX parameter 15 (MIDI CC/OSC only)
main	0	965		Adjust track FX parameter 16 (MIDI CC/OSC only)
main	0	967		Transient detection sensitivity: Adjust (MIDI CC/mousewheel only)
main	0	968		Transient detection threshold: Adjust (MIDI CC/mousewheel only)
main	0	969		Grid: Adjust swing grid (MIDI CC/mousewheel only)
main	0	970		View: Adjust selected track heights a little bit (MIDI CC relative/mousewheel)
main	0	971		View: Adjust selected track heights (MIDI CC/OSC only)
main	0	972		View: Adjust selected track heights (MIDI CC relative/mousewheel)
main	0	973		Adjust last touched FX parameter (MIDI CC/OSC only)
main	0	974		Transport: Scrub/jog fine control (MIDI CC relative only)
main	0	975		View: Scroll view horizontally one page reversed (MIDI CC relative/mousewheel)
main	0	976		View: Scroll view vertically one page (MIDI CC relative/mousewheel)
main	0	977		View: Scroll horizontally reversed (MIDI CC relative/mousewheel)
main	0	978		View: Scroll vertically reversed (MIDI CC relative/mousewheel)
main	0	979		View: Zoom horizontally reversed (MIDI CC relative/mousewheel)
main	0	980		View: Zoom vertically reversed, snap to theme-defined sizes (MIDI CC relative/mousewheel)
main	0	981		View: Scroll view horizontally one page (MIDI CC relative/mousewheel)
main	0	982		View: Scroll view vertically one page reversed (MIDI CC relative/mousewheel)
main	0	983		Set tempo, coarse, latch for fine (MIDI CC/OSC only)
main	0	984		Set tempo, coarse (MIDI CC/OSC only)
main	0	985		Set tempo, fine (MIDI CC/OSC only)
main	0	986		Automation lane: Set active fader (MIDI CC/OSC only)
main	0	987		Adjust solo in front dim (MIDI CC/mousewheel only)
main	0	988		View: Scroll horizontally (MIDI CC relative/mousewheel)
main	0	989		View: Scroll vertically (MIDI CC relative/mousewheel)
main	0	990		View: Zoom horizontally (MIDI CC relative/mousewheel)
main	0	991		View: Zoom vertically, snap to theme-defined sizes (MIDI CC relative/mousewheel)
main	0	992		Transport: Scrub/jog (MIDI CC relative/absolute only)
main	0	993		View: Go to track (MIDI CC/OSC only)
main	0	994		View: Adjust vertical zoom (MIDI CC/OSC only)
main	0	995		View: Adjust vertical scroll (MIDI CC/OSC only)
main	0	996		View: Move edit cursor (MIDI CC/OSC only - relative recommended)
main	0	997		View: Adjust horizontal scroll (MIDI CC/OSC only - relative recommended)
main	0	998		View: Adjust horizontal zoom (MIDI CC/OSC only)
main	0	999		Options: Set metronome volume (MIDI CC/OSC only)
main	0	1000		View: Zoom vertically (MIDI CC relative/mousewheel)
main	0	1001		View: Zoom vertically reversed (MIDI CC relative/mousewheel)
main	0	1007		Transport: Play
main	0	1008		Transport: Pause
main	0	1011		View: Zoom out horizontal
main	0	1012		View: Zoom in horizontal
main	0	1013		Transport: Record
main	0	1016		Transport: Stop
main	0	1041		Track: Cycle track folder state
main	0	1042		Track: Cycle folder collapsed state
main	0	1068		Transport: Toggle repeat
main	0	1101		Big clock plus: Extended display (recording pass, markers, etc)...
main	0	1134		Transport: Tap tempo
main	0	1135		Options: Toggle locking
main	0	1155		Options: Cycle ripple editing mode
main	0	1156		Options: Toggle item grouping and track media/razor edit grouping
main	0	1157		Options: Toggle snapping
main	0	1161		Set ripple editing on
main	0	1162		Toggle ripple editing on/off
main	0	1528		Menu: Customize...
main	0	1582		Project bay: Force refresh
main	0	2000		Action: Prompt to continue (only valid within custom actions)
main	0	2001		Action: Set action loop start (only valid within custom actions)
main	0	2002		Action: Prompt to go to action loop start (only valid within custom actions)
main	0	2003		Action: Modify MIDI CC/mousewheel: Negative
main	0	2004		Action: Modify MIDI CC/mousewheel: 0.5x
main	0	2005		Action: Modify MIDI CC/mousewheel: 2x
main	0	2006		Action: Modify MIDI CC/mousewheel: +10%
main	0	2007		Action: Modify MIDI CC/mousewheel: -10%
main	0	2008		Action: Wait 0.1 seconds before next action
main	0	2009		Action: Wait 0.5 seconds before next action
main	0	2010		Action: Wait 1 second before next action
main	0	2011		Action: Wait 5 seconds before next action
main	0	2012		Action: Wait 10 seconds before next action
main	0	2013		Action: Skip next action if CC parameter <0/mid
main	0	2014		Action: Skip next action if CC parameter >0/mid
main	0	2015		Action: Skip next action if CC parameter <=0/mid
main	0	2016		Action: Skip next action if CC parameter >=0/mid
main	0	2017		Action: Skip next action if CC parameter ==0/mid
main	0	2018		Action: Skip next action if CC parameter !=0/mid
main	0	2019		Action: Arm next action
main	0	2020		Action: Disarm action
main	0	2021		Action: Toggle arm of next action
main	0	2022		Action: Skip next action, set CC parameter to relative +1 if action toggle state enabled, -1 if disabled, 0 if toggle state unavailable.
main	0	2023		Action: Skip next action, set CC parameter to relative +1 if action armed, 0 otherwise
main	0	2024		Action: Debug MIDI CC/mousewheel value to console
main	0	2999		Action: Repeat the most recent action
main	0	3000		Action: Repeat the action prior to the most recent action
main	0	3002		Action: Momentarily send next action to project tab 1
main	0	3003		Action: Momentarily send next action to project tab 2
main	0	3004		Action: Momentarily send next action to project tab 3
main	0	3005		Action: Momentarily send next action to project tab 4
main	0	3006		Action: Momentarily send next action to project tab 5
main	0	3007		Action: Momentarily send next action to project tab 6
main	0	3008		Action: Momentarily send next action to project tab 7
main	0	3009		Action: Momentarily send next action to project tab 8
main	0	3010		Action: Momentarily send next action to project tab 9
main	0	3011		Action: Momentarily send next action to project tab 10
main	0	3032		Action: Momentarily send next action to project tab N
main	0	3033		Action: Momentarily send next action to project tab N-1
main	0	3034		Action: Momentarily send next action to project tab N-2
main	0	3035		Action: Momentarily send next action to project tab N-3
main	0	3036		Action: Momentarily send next action to project tab N-4
main	0	3037		Action: Momentarily send next action to project tab N-5
main	0	3038		Action: Momentarily send next action to project tab N-6
main	0	3039		Action: Momentarily send next action to project tab N-7
main	0	3040		Action: Momentarily send next action to project tab N-8
main	0	3041		Action: Momentarily send next action to project tab N-9
main	0	3061		Action: Momentarily send next action to next project tab 1
main	0	3062		Action: Momentarily send next action to next project tab 2
main	0	3063		Action: Momentarily send next action to next project tab 3
main	0	3064		Action: Momentarily send next action to next project tab 4
main	0	3065		Action: Momentarily send next action to next project tab 5
main	0	3091		Action: Momentarily send next action to previous project tab 1
main	0	3092		Action: Momentarily send next action to previous project tab 2
main	0	3093		Action: Momentarily send next action to previous project tab 3
main	0	3094		Action: Momentarily send next action to previous project tab 4
main	0	3095		Action: Momentarily send next action to previous project tab 5
main	0	3120		Action: Momentarily send next action to previously active project tab
main	0	3121		Project tabs: Switch to previously-active project tab
main	0	3122		Project tabs: Switch to project tab 1
main	0	3123		Project tabs: Switch to project tab 2
main	0	3124		Project tabs: Switch to project tab 3
main	0	3125		Project tabs: Switch to project tab 4
main	0	3126		Project tabs: Switch to project tab 5
main	0	3127		Project tabs: Switch to project tab 6
main	0	3128		Project tabs: Switch to project tab 7
main	0	3129		Project tabs: Switch to project tab 8
main	0	3130		Project tabs: Switch to project tab 9
main	0	3131		Project tabs: Switch to project tab 10
main	0	3152		Project tabs: Switch to project tab N
main	0	3153		Project tabs: Switch to project tab N-1
main	0	3154		Project tabs: Switch to project tab N-2
main	0	3155		Project tabs: Switch to project tab N-3
main	0	3156		Project tabs: Switch to project tab N-4
main	0	3157		Project tabs: Switch to project tab N-5
main	0	3158		Project tabs: Switch to project tab N-6
main	0	3159		Project tabs: Switch to project tab N-7
main	0	3160		Project tabs: Switch to project tab N-8
main	0	3161		Project tabs: Switch to project tab N-9
main	0	3182		Project tabs: Move project tab to position 1
main	0	3183		Project tabs: Move project tab to position 2
main	0	3184		Project tabs: Move project tab to position 3
main	0	3185		Project tabs: Move project tab to position 4
main	0	3186		Project tabs: Move project tab to position 5
main	0	3187		Project tabs: Move project tab to position 6
main	0	3188		Project tabs: Move project tab to position 7
main	0	3189		Project tabs: Move project tab to position 8
main	0	3190		Project tabs: Move project tab to position 9
main	0	3191		Project tabs: Move project tab to position 10
main	0	3212		Project tabs: Move project tab to position N
main	0	3213		Project tabs: Move project tab to position N-1
main	0	3214		Project tabs: Move project tab to position N-2
main	0	3215		Project tabs: Move project tab to position N-3
main	0	3216		Project tabs: Move project tab to position N-4
main	0	3217		Project tabs: Move project tab to position N-5
main	0	3218		Project tabs: Move project tab to position N-6
main	0	3219		Project tabs: Move project tab to position N-7
main	0	3220		Project tabs: Move project tab to position N-8
main	0	3221		Project tabs: Move project tab to position N-9
main	0	3242		Project tabs: Move project tab left by one
main	0	3243		Project tabs: Move project tab right by one
main	0	24000		Spectrogram: Adjust brightness (MIDI CC/mousewheel/OSC only)
main	0	24001		Spectrogram: Adjust contrast (MIDI CC/mousewheel/OSC only)
main	0	24002		Spectrogram: Adjust color curve (MIDI CC/mousewheel/OSC only)
main	0	24003		Spectrogram: Adjust frequency log-scaling (MIDI CC/mousewheel/OSC only)
main	0	24800		Main action section: Clear any override
main	0	24801		Main action section: Set override to default
main	0	24802		Main action section: Toggle override to recording
main	0	24803		Main action section: Toggle override to alt-1
main	0	24804		Main action section: Toggle override to alt-2
main	0	24805		Main action section: Toggle override to alt-3
main	0	24806		Main action section: Toggle override to alt-4
main	0	24807		Main action section: Toggle override to alt-5
main	0	24808		Main action section: Toggle override to alt-6
main	0	24809		Main action section: Toggle override to alt-7
main	0	24810		Main action section: Toggle override to alt-8
main	0	24811		Main action section: Toggle override to alt-9
main	0	24812		Main action section: Toggle override to alt-10
main	0	24813		Main action section: Toggle override to alt-11
main	0	24814		Main action section: Toggle override to alt-12
main	0	24815		Main action section: Toggle override to alt-13
main	0	24816		Main action section: Toggle override to alt-14
main	0	24817		Main action section: Toggle override to alt-15
main	0	24818		Main action section: Toggle override to alt-16
main	0	24851		Main action section: Momentarily set override to default
main	0	24852		Main action section: Momentarily set override to recording
main	0	24853		Main action section: Momentarily set override to alt-1
main	0	24854		Main action section: Momentarily set override to alt-2
main	0	24855		Main action section: Momentarily set override to alt-3
main	0	24856		Main action section: Momentarily set override to alt-4
main	0	24857		Main action section: Momentarily set override to alt-5
main	0	24858		Main action section: Momentarily set override to alt-6
main	0	24859		Main action section: Momentarily set override to alt-7
main	0	24860		Main action section: Momentarily set override to alt-8
main	0	24861		Main action section: Momentarily set override to alt-9
main	0	24862		Main action section: Momentarily set override to alt-10
main	0	24863		Main action section: Momentarily set override to alt-11
main	0	24864		Main action section: Momentarily set override to alt-12
main	0	24865		Main action section: Momentarily set override to alt-13
main	0	24866		Main action section: Momentarily set override to alt-14
main	0	24867		Main action section: Momentarily set override to alt-15
main	0	24868		Main action section: Momentarily set override to alt-16
main	0	30000		Track: Set stereo width (or right channel pan) for selected tracks (MIDI CC/OSC only)
main	0	30001		Track: Set stereo width (or right channel pan) for master track (MIDI CC/OSC only)
main	0	30002		Track: Set stereo width (or right channel pan) for track 01 (MIDI CC/OSC only)
main	0	30003		Track: Set stereo width (or right channel pan) for track 02 (MIDI CC/OSC only)
main	0	30004		Track: Set stereo width (or right channel pan) for track 03 (MIDI CC/OSC only)
main	0	30005		Track: Set stereo width (or right channel pan) for track 04 (MIDI CC/OSC only)
main	0	30006		Track: Set stereo width (or right channel pan) for track 05 (MIDI CC/OSC only)
main	0	30007		Track: Set stereo width (or right channel pan) for track 06 (MIDI CC/OSC only)
main	0	30008		Track: Set stereo width (or right channel pan) for track 07 (MIDI CC/OSC only)
main	0	30009		Track: Set stereo width (or right channel pan) for track 08 (MIDI CC/OSC only)
main	0	30010		Track: Set stereo width (or right channel pan) for track 09 (MIDI CC/OSC only)
main	0	30011		Track: Set stereo width (or right channel pan) for track 10 (MIDI CC/OSC only)
main	0	30012		Track: Set stereo width (or right channel pan) for track 11 (MIDI CC/OSC only)
main	0	30013		Track: Set stereo width (or right channel pan) for track 12 (MIDI CC/OSC only)
main	0	30014		Track: Set stereo width (or right channel pan) for track 13 (MIDI CC/OSC only)
main	0	30015		Track: Set stereo width (or right channel pan) for track 14 (MIDI CC/OSC only)
main	0	30016		Track: Set stereo width (or right channel pan) for track 15 (MIDI CC/OSC only)
main	0	30017		Track: Set stereo width (or right channel pan) for track 16 (MIDI CC/OSC only)
main	0	30018		Track: Set stereo width (or right channel pan) for track 17 (MIDI CC/OSC only)
main	0	30019		Track: Set stereo width (or right channel pan) for track 18 (MIDI CC/OSC only)
main	0	30020		Track: Set stereo width (or right channel pan) for track 19 (MIDI CC/OSC only)
main	0	30021		Track: Set stereo width (or right channel pan) for track 20 (MIDI CC/OSC only)
main	0	30022		Track: Set stereo width (or right channel pan) for track 21 (MIDI CC/OSC only)
main	0	30023		Track: Set stereo width (or right channel pan) for track 22 (MIDI CC/OSC only)
main	0	30024		Track: Set stereo width (or right channel pan) for track 23 (MIDI CC/OSC only)
main	0	30025		Track: Set stereo width (or right channel pan) for track 24 (MIDI CC/OSC only)
main	0	30026		Track: Set stereo width (or right channel pan) for track 25 (MIDI CC/OSC only)
main	0	30027		Track: Set stereo width (or right channel pan) for track 26 (MIDI CC/OSC only)
main	0	30028		Track: Set stereo width (or right channel pan) for track 27 (MIDI CC/OSC only)
main	0	30029		Track: Set stereo width (or right channel pan) for track 28 (MIDI CC/OSC only)
main	0	30030		Track: Set stereo width (or right channel pan) for track 29 (MIDI CC/OSC only)
main	0	30031		Track: Set stereo width (or right channel pan) for track 30 (MIDI CC/OSC only)
main	0	30032		Track: Set stereo width (or right channel pan) for track 31 (MIDI CC/OSC only)
main	0	30033		Track: Set stereo width (or right channel pan) for track 32 (MIDI CC/OSC only)
main	0	30034		Track: Set stereo width (or right channel pan) for track 33 (MIDI CC/OSC only)
main	0	30035		Track: Set stereo width (or right channel pan) for track 34 (MIDI CC/OSC only)
main	0	30036		Track: Set stereo width (or right channel pan) for track 35 (MIDI CC/OSC only)
main	0	30037		Track: Set stereo width (or right channel pan) for track 36 (MIDI CC/OSC only)
main	0	30038		Track: Set stereo width (or right channel pan) for track 37 (MIDI CC/OSC only)
main	0	30039		Track: Set stereo width (or right channel pan) for track 38 (MIDI CC/OSC only)
main	0	30040		Track: Set stereo width (or right channel pan) for track 39 (MIDI CC/OSC only)
main	0	30041		Track: Set stereo width (or right channel pan) for track 40 (MIDI CC/OSC only)
main	0	30042		Track: Set stereo width (or right channel pan) for track 41 (MIDI CC/OSC only)
main	0	30043		Track: Set stereo width (or right channel pan) for track 42 (MIDI CC/OSC only)
main	0	30044		Track: Set stereo width (or right channel pan) for track 43 (MIDI CC/OSC only)
main	0	30045		Track: Set stereo width (or right channel pan) for track 44 (MIDI CC/OSC only)
main	0	30046		Track: Set stereo width (or right channel pan) for track 45 (MIDI CC/OSC only)
main	0	30047		Track: Set stereo width (or right channel pan) for track 46 (MIDI CC/OSC only)
main	0	30048		Track: Set stereo width (or right channel pan) for track 47 (MIDI CC/OSC only)
main	0	30049		Track: Set stereo width (or right channel pan) for track 48 (MIDI CC/OSC only)
main	0	30050		Track: Set stereo width (or right channel pan) for track 49 (MIDI CC/OSC only)
main	0	30051		Track: Set stereo width (or right channel pan) for track 50 (MIDI CC/OSC only)
main	0	30052		Track: Set stereo width (or right channel pan) for track 51 (MIDI CC/OSC only)
main	0	30053		Track: Set stereo width (or right channel pan) for track 52 (MIDI CC/OSC only)
main	0	30054		Track: Set stereo width (or right channel pan) for track 53 (MIDI CC/OSC only)
main	0	30055		Track: Set stereo width (or right channel pan) for track 54 (MIDI CC/OSC only)
main	0	30056		Track: Set stereo width (or right channel pan) for track 55 (MIDI CC/OSC only)
main	0	30057		Track: Set stereo width (or right channel pan) for track 56 (MIDI CC/OSC only)
main	0	30058		Track: Set stereo width (or right channel pan) for track 57 (MIDI CC/OSC only)
main	0	30059		Track: Set stereo width (or right channel pan) for track 58 (MIDI CC/OSC only)
main	0	30060		Track: Set stereo width (or right channel pan) for track 59 (MIDI CC/OSC only)
main	0	30061		Track: Set stereo width (or right channel pan) for track 60 (MIDI CC/OSC only)
main	0	30062		Track: Set stereo width (or right channel pan) for track 61 (MIDI CC/OSC only)
main	0	30063		Track: Set stereo width (or right channel pan) for track 62 (MIDI CC/OSC only)
main	0	30064		Track: Set stereo width (or right channel pan) for track 63 (MIDI CC/OSC only)
main	0	30065		Track: Set stereo width (or right channel pan) for track 64 (MIDI CC/OSC only)
main	0	30066		Track: Set stereo width (or right channel pan) for track 65 (MIDI CC/OSC only)
main	0	30067		Track: Set stereo width (or right channel pan) for track 66 (MIDI CC/OSC only)
main	0	30068		Track: Set stereo width (or right channel pan) for track 67 (MIDI CC/OSC only)
main	0	30069		Track: Set stereo width (or right channel pan) for track 68 (MIDI CC/OSC only)
main	0	30070		Track: Set stereo width (or right channel pan) for track 69 (MIDI CC/OSC only)
main	0	30071		Track: Set stereo width (or right channel pan) for track 70 (MIDI CC/OSC only)
main	0	30072		Track: Set stereo width (or right channel pan) for track 71 (MIDI CC/OSC only)
main	0	30073		Track: Set stereo width (or right channel pan) for track 72 (MIDI CC/OSC only)
main	0	30074		Track: Set stereo width (or right channel pan) for track 73 (MIDI CC/OSC only)
main	0	30075		Track: Set stereo width (or right channel pan) for track 74 (MIDI CC/OSC only)
main	0	30076		Track: Set stereo width (or right channel pan) for track 75 (MIDI CC/OSC only)
main	0	30077		Track: Set stereo width (or right channel pan) for track 76 (MIDI CC/OSC only)
main	0	30078		Track: Set stereo width (or right channel pan) for track 77 (MIDI CC/OSC only)
main	0	30079		Track: Set stereo width (or right channel pan) for track 78 (MIDI CC/OSC only)
main	0	30080		Track: Set stereo width (or right channel pan) for track 79 (MIDI CC/OSC only)
main	0	30081		Track: Set stereo width (or right channel pan) for track 80 (MIDI CC/OSC only)
main	0	30082		Track: Set stereo width (or right channel pan) for track 81 (MIDI CC/OSC only)
main	0	30083		Track: Set stereo width (or right channel pan) for track 82 (MIDI CC/OSC only)
main	0	30084		Track: Set stereo width (or right channel pan) for track 83 (MIDI CC/OSC only)
main	0	30085		Track: Set stereo width (or right channel pan) for track 84 (MIDI CC/OSC only)
main	0	30086		Track: Set stereo width (or right channel pan) for track 85 (MIDI CC/OSC only)
main	0	30087		Track: Set stereo width (or right channel pan) for track 86 (MIDI CC/OSC only)
main	0	30088		Track: Set stereo width (or right channel pan) for track 87 (MIDI CC/OSC only)
main	0	30089		Track: Set stereo width (or right channel pan) for track 88 (MIDI CC/OSC only)
main	0	30090		Track: Set stereo width (or right channel pan) for track 89 (MIDI CC/OSC only)
main	0	30091		Track: Set stereo width (or right channel pan) for track 90 (MIDI CC/OSC only)
main	0	30092		Track: Set stereo width (or right channel pan) for track 91 (MIDI CC/OSC only)
main	0	30093		Track: Set stereo width (or right channel pan) for track 92 (MIDI CC/OSC only)
main	0	30094		Track: Set stereo width (or right channel pan) for track 93 (MIDI CC/OSC only)
main	0	30095		Track: Set stereo width (or right channel pan) for track 94 (MIDI CC/OSC only)
main	0	30096		Track: Set stereo width (or right channel pan) for track 95 (MIDI CC/OSC only)
main	0	30097		Track: Set stereo width (or right channel pan) for track 96 (MIDI CC/OSC only)
main	0	30098		Track: Set stereo width (or right channel pan) for track 97 (MIDI CC/OSC only)
main	0	30099		Track: Set stereo width (or right channel pan) for track 98 (MIDI CC/OSC only)
main	0	30100		Track: Set stereo width (or right channel pan) for track 99 (MIDI CC/OSC only)
main	0	30101		Track: Set stereo width (or right channel pan) for last touched track (MIDI CC/OSC only)
main	0	40000		Track: Pin tracks to top of arrange view
main	0	40001		Track: Insert new track
main	0	40002		Set project tempo from time selection (detect tempo, align items and loop points to measure start)
main	0	40003		Transport: Start/stop recording at next measure
main	0	40004		File: Quit REAPER
main	0	40005		Track: Remove tracks
main	0	40006		Item: Remove items
main	0	40007		Help: About REAPER
main	0	40008		Track: Pin tracks to top of arrange view, unpin all other tracks (except master)
main	0	40009		Item properties: Show media item/take properties
main	0	40011		Item properties: Show media item source properties
main	0	40012		Item: Split items at edit or play cursor (select right)
main	0	40013		Insert click source
main	0	40014		Item: Copy loop of selected area of audio items
main	0	40015		File: Render project to disk...
main	0	40016		Options: Preferences...
main	0	40017		File: Save live output to disk (bounce)...
main	0	40018		Insert/import media files...
main	0	40019		Envelopes: View envelopes for last touched track/item
main	0	40020		Time selection: Remove (unselect) time selection and loop points
main	0	40021		File: Project settings...
main	0	40022		File: Save project as...
main	0	40023		File: New project
main	0	40024		Show record path in explorer
main	0	40025		File: Open project
main	0	40026		File: Save project
main	0	40027		Show REAPER resource path in explorer
main	0	40028		Show secondary record path in explorer
main	0	40029		Edit: Undo
main	0	40030		Edit: Redo
main	0	40031		View: Zoom time selection
main	0	40032		Item grouping: Group items
main	0	40033		Item grouping: Remove items from group
main	0	40034		Item grouping: Select all items in groups
main	0	40035		Select all items/tracks/envelope points (depending on focus)
main	0	40036		View: Toggle auto-view-scroll during playback
main	0	40037		Time selection: Shift left (by time selection length)
main	0	40038		Time selection: Shift right (by time selection length)
main	0	40039		Time selection: Nudge left
main	0	40040		Time selection: Nudge right
main	0	40041		Options: Auto-crossfade media items when editing
main	0	40042		Transport: Go to start of project
main	0	40043		Transport: Go to end of project
main	0	40044		Transport: Play/stop
main	0	40045		Transport: Start/stop recording at next beat
main	0	40046		Transport: Start/stop recording at edit cursor
main	0	40047		Peaks: Build any missing peaks
main	0	40048		Peaks: Rebuild all peaks
main	0	40049		Time selection: Crop project to time selection
main	0	40050		Track: Toggle track pre-FX volume envelope active
main	0	40051		Track: Toggle track pre-FX pan envelope active
main	0	40052		Track: Toggle track volume envelope active
main	0	40053		Track: Toggle track pan envelope active
main	0	40056		Transport: Start/stop recording at next project marker
main	0	40057		Edit: Copy items/tracks/envelope points (depending on focus) ignoring time selection
main	0	40058		Item: Paste items/tracks (old-style handling of hidden tracks)
main	0	40059		Edit: Cut items/tracks/envelope points (depending on focus) ignoring time selection
main	0	40060		Item: Copy selected area of items
main	0	40061		Item: Split items at time selection or razor edit
main	0	40062		Track: Duplicate tracks
main	0	40063		File: Spawn new instance of REAPER
main	0	40064		Envelope: Insert new point at current position to all visible track envelopes (do not remove nearby points)
main	0	40065		Envelope: Clear or remove envelope
main	0	40067		Transport: Start/stop recording after 2 beats
main	0	40068		Track lanes: Move items up one lane
main	0	40069		View: Jump (go) to time window
main	0	40070		Options: Move envelope points with media items
main	0	40071		Options: Show snap/grid settings
main	0	40072		Edit: Show undo history window
main	0	40073		Transport: Play/pause
main	0	40075		View: Toggle master track visible
main	0	40076		Record: Set record mode to time selection auto-punch
main	0	40078		View: Toggle mixer visible
main	0	40080		Mixer: Toggle show folder tracks in mixer
main	0	40081		Mixer: Toggle folder tracks grouping to left
main	0	40082		Mixer: Toggle show normal top level tracks in mixer
main	0	40083		Mixer: Toggle docking in docker
main	0	40084		Transport: Rewind a little bit
main	0	40085		Transport: Fast forward a little bit
main	0	40086		Automation: Set all tracks automation mode to read
main	0	40087		Automation: Set all tracks automation mode to touch
main	0	40088		Automation: Set all tracks automation mode to trim/read
main	0	40089		Envelope: Delete all points in time selection
main	0	40090		Automation: Set all tracks automation mode to write
main	0	40091		Track properties: Show fixed lane buttons
main	0	40092		Track properties: Hide fixed lane buttons
main	0	40097		Peaks: Remove all peak cache files
main	0	40098		File: Clean current project directory...
main	0	40099		Audio device configuration...
main	0	40100		Item: Set all media offline
main	0	40101		Item: Set all media online
main	0	40102		Time selection: Move cursor left, creating time selection
main	0	40103		Time selection: Move cursor right, creating time selection
main	0	40104		View: Move cursor left one pixel
main	0	40105		View: Move cursor right one pixel
main	0	40106		Envelope: Insert new point at current position (do not remove nearby points)
main	0	40107		Track lanes: Move items down one lane
main	0	40108		Item properties: Normalize items (each item separately) to +0dB peak
main	0	40109		Item: Open items in primary external editor
main	0	40110		View: Toggle track zoom to minimum height
main	0	40111		View: Zoom in vertical
main	0	40112		View: Zoom out vertical
main	0	40113		View: Toggle track zoom to maximum height (limit to 100% of arrange view)
main	0	40114		Options: Loop recording always adds takes
main	0	40115		Track: Nudge track volume up
main	0	40116		Track: Nudge track volume down
main	0	40117		Item edit: Move items/envelope points up one track/a bit
main	0	40118		Item edit: Move items/envelope points down one track/a bit
main	0	40119		Item edit: Move items/envelope points right
main	0	40120		Item edit: Move items/envelope points left
main	0	40121		Item edit: Move items left, preserving timing of contents
main	0	40122		Item edit: Move items right, preserving timing of contents
main	0	40123		Item edit: Move contents of items left
main	0	40124		Item edit: Move contents of items right
main	0	40125		Take: Switch items to next take
main	0	40126		Take: Switch items to previous take
main	0	40129		Take: Delete active take from items
main	0	40130		Take: Delete active take from items (prompt to confirm)
main	0	40131		Take: Crop to active take in items
main	0	40132		Item: Open item copies in primary external editor
main	0	40138		View: Scroll view up
main	0	40139		View: Scroll view down
main	0	40140		View: Scroll view left
main	0	40141		View: Scroll view right
main	0	40142		Insert empty item
main	0	40145		Options: Toggle grid lines
main	0	40146		Fixed lane comp area: Split comp area at mouse position ignoring snap
main	0	40147		Options: Allow empty slots in TCP/MCP FX lists
main	0	40150		View: Go to play cursor/position
main	0	40151		View: Go to edit cursor
main	0	40152		Envelope: Add/edit envelope point value exactly at cursor
main	0	40153		Item: Open in built-in MIDI editor (set default behavior in preferences)
main	0	40155		Peaks: Increase peaks display zoom for project
main	0	40156		Peaks: Decrease peaks display zoom for project
main	0	40157		Markers: Insert marker at current position
main	0	40160		Markers: Go to marker 10
main	0	40161		Markers: Go to marker 01
main	0	40162		Markers: Go to marker 02
main	0	40163		Markers: Go to marker 03
main	0	40164		Markers: Go to marker 04
main	0	40165		Markers: Go to marker 05
main	0	40166		Markers: Go to marker 06
main	0	40167		Markers: Go to marker 07
main	0	40168		Markers: Go to marker 08
main	0	40169		Markers: Go to marker 09
main	0	40171		Markers: Insert and/or edit marker at current position
main	0	40172		Markers: Go to previous marker/project start
main	0	40173		Markers: Go to next marker/project end
main	0	40174		Markers: Insert region from time selection
main	0	40175		Item properties: Toggle mute
main	0	40176		Item properties: Set take channel mode to normal
main	0	40177		Item properties: Set take channel mode to reverse stereo
main	0	40178		Item properties: Set take channel mode to mono (downmix)
main	0	40179		Item properties: Set take channel mode to mono (left)
main	0	40180		Item properties: Set take channel mode to mono (right)
main	0	40181		Item properties: Toggle polarity/phase for active take
main	0	40182		Item: Select all items
main	0	40183		Item properties: Toggle items/tracks mute (depending on focus)
main	0	40184		Remove items/tracks/envelope points (depending on focus) - no prompting
main	0	40185		File: Consolidate tracks...
main	0	40186		Item: Split items at edit or play cursor (ignore grouping, select right)
main	0	40187		Envelope: Set default point shape to linear
main	0	40188		Envelope: Set default point shape to square
main	0	40189		Envelope: Set shape of selected points to linear
main	0	40190		Envelope: Set shape of selected points to square
main	0	40195		Project bay: Add comment for items
main	0	40196		Item: Split items at play cursor (select right)
main	0	40197		Mixer: Toggle tracks with receives in mixer
main	0	40198		Mixer: Toggle tracks with receives grouping to left
main	0	40199		Mixer: Toggle show tracks in folders in mixer
main	0	40200		Time selection: Insert empty space at time selection (moving later items)
main	0	40201		Time selection: Remove contents of time selection (moving later items)
main	0	40202		Item: Open items in secondary external editor
main	0	40203		Item: Open item copies in secondary external editor
main	0	40204		Item properties: Pitch item up one semitone
main	0	40205		Item properties: Pitch item down one semitone
main	0	40206		Item properties: Pitch item up one cent
main	0	40207		Item properties: Pitch item down one cent
main	0	40208		Insert timecode generator
main	0	40209		Item: Apply track/take FX to items
main	0	40210		Track: Copy tracks
main	0	40211		MIDI: Insert recent retroactively recorded MIDI for armed and selected tracks
main	0	40212		MIDI: Insert all available retroactively recorded MIDI for armed and selected tracks
main	0	40213		MIDI: Insert all available retroactively recorded MIDI for armed tracks
main	0	40214		Insert new MIDI item...
main	0	40218		Transient detection threshold: Increase
main	0	40219		Transient detection threshold: Decrease
main	0	40221		Mixer: Toggle scroll view when tracks activated
main	0	40222		Loop points: Set start point
main	0	40223		Loop points: Set end point
main	0	40224		Take: Explode takes of items across tracks
main	0	40225		Item edit: Grow left edge of items
main	0	40226		Item edit: Shrink left edge of items
main	0	40227		Item edit: Shrink right edge of items
main	0	40228		Item edit: Grow right edge of items
main	0	40229		Item: Delete takes that are not up-ranked (no confirm)
main	0	40230		Move edit cursor to start of current/previous beat
main	0	40231		Move edit cursor to start of next beat
main	0	40239		Options: Toggle always on top
main	0	40240		View: Show performance meter window
main	0	40245		Peaks: Build any missing peaks for selected items
main	0	40249		Options: Select takes for all selected items when clicking take
main	0	40250		Track: Toggle show/hide in mixer
main	0	40251		View: Show routing matrix window
main	0	40252		Record: Set record mode to normal
main	0	40253		Record: Set record mode to selected item auto-punch
main	0	40254		Item properties: Normalize items (to loudest item) to +0dB peak
main	0	40256		Tempo envelope: Insert tempo/time signature change marker at edit cursor...
main	0	40257		Item: Glue items, ignoring time selection, including leading fade-in and trailing fade-out
main	0	40258		View: Toggle displaying labels above/within media items
main	0	40259		View: Toggle transport visible (Play/Record/Stop...)
main	0	40260		Transport: Toggle transport docked to main window
main	0	40262		View: Toggle auto-view-scroll while recording
main	0	40263		Options: When importing, copy imported media to project media directory
main	0	40266		Automation: Set all tracks automation mode to latch
main	0	40267		Mixer: Group sends with (before/after) FX inserts
main	0	40268		View: Show navigator window
main	0	40270		Item: Reverse items to new take
main	0	40271		View: Show FX browser window
main	0	40276		Options: Move edit cursor to start of time selection, when time selection changes
main	0	40277		Options: Show lock settings
main	0	40279		View: Show docker
main	0	40280		Track: Mute/unmute tracks
main	0	40281		Track: Solo/unsolo tracks
main	0	40282		Track: Invert track polarity/phase
main	0	40283		Track: Nudge track pan left
main	0	40284		Track: Nudge track pan right
main	0	40285		Track: Go to next track
main	0	40286		Track: Go to previous track
main	0	40287		Track: Go to next track (leaving other tracks selected)
main	0	40288		Track: Go to previous track (leaving other tracks selected)
main	0	40289		Item: Unselect (clear selection of) all items
main	0	40290		Time selection: Set time selection to items
main	0	40291		Track: View FX chain for current/last touched track
main	0	40292		Track: View envelopes for current/last touched track
main	0	40293		Track: View routing and I/O for current/last touched track
main	0	40294		Track: Toggle record arming for current/last touched track
main	0	40295		View: Zoom out project
main	0	40296		Track: Select all tracks
main	0	40297		Track: Unselect (clear selection of) all tracks
main	0	40298		Track: Toggle FX bypass for current/last touched track
main	0	40299		Item: Move to media source preferred position (BWF start offset)
main	0	40300		Options: Move edit cursor to end of recording, when recording ends
main	0	40301		View: Scale finder window
main	0	40302		Options: Show FX inserts in TCP (when size permits)
main	0	40303		Toolbars: Switch to MIDI piano roll toolbar
main	0	40304		Markers: Change color for marker near cursor...
main	0	40305		Markers: Change color for region near cursor...
main	0	40306		Markers: Insert region from time selection and edit...
main	0	40307		Item: Cut selected area of items
main	0	40308		Help: Mouse modifier keys and action shortcuts
main	0	40309		Set ripple editing off
main	0	40310		Set ripple editing per-track
main	0	40311		Set ripple editing all tracks
main	0	40312		Item: Remove selected area of items
main	0	40313		View: Attach/unattach docker to/from main window
main	0	40315		Item: Auto trim/split items (remove silence)...
main	0	40316		Item: Quantize item positions to grid...
main	0	40317		Transport: Play (skip time selection)
main	0	40318		Item navigation: Move cursor left to edge of item
main	0	40319		Item navigation: Move cursor right to edge of item
main	0	40320		Time selection: Nudge left edge left
main	0	40321		Time selection: Nudge left edge right
main	0	40322		Time selection: Nudge right edge left
main	0	40323		Time selection: Nudge right edge right
main	0	40324		Envelope: Copy points within time selection
main	0	40325		Envelope: Cut points within time selection
main	0	40326		View: Show region/marker manager window
main	0	40327		View: Show track group manager window
main	0	40328		Transport: Play/stop (move edit cursor on stop)
main	0	40330		Envelope: Select points in time selection
main	0	40331		Envelope: Unselect (clear selection of) all points
main	0	40332		Envelope: Select all points
main	0	40333		Envelope: Delete all selected points
main	0	40334		Envelope: Invert selected points
main	0	40335		Envelope: Copy selected points
main	0	40336		Envelope: Cut selected points
main	0	40337		Track: Cut tracks
main	0	40338		Create measure from time selection (detect tempo, detect number of measures)
main	0	40339		Track: Unmute all tracks
main	0	40340		Track: Unsolo all tracks
main	0	40341		Track: Mute all tracks
main	0	40342		Track: Bypass FX on all tracks
main	0	40343		Track: Unbypass FX on all tracks
main	0	40344		Track: Toggle FX bypass on all tracks
main	0	40345		Send all-notes-off and all-sounds-off to all MIDI outputs/plug-ins
main	0	40346		Toggle fullscreen
main	0	40348		Markers: Insert region from selected items
main	0	40357		Track: Set to custom color...
main	0	40358		Track: Set to random colors
main	0	40359		Track: Set to default color
main	0	40360		Track: Set to one random color
main	0	40361		Item: Apply track/take FX to items (mono output)
main	0	40362		Item: Glue items, ignoring time selection
main	0	40363		Options: Show metronome/pre-roll settings
main	0	40364		Options: Toggle metronome
main	0	40365		View: Time unit for ruler: Minutes:Seconds
main	0	40366		View: Time unit for ruler: Measures.Beats / minutes:Seconds
main	0	40367		View: Time unit for ruler: Measures.Beats
main	0	40368		View: Time unit for ruler: Seconds
main	0	40369		View: Time unit for ruler: Samples
main	0	40370		View: Time unit for ruler: Hours:Minutes:Seconds:Frames
main	0	40371		Mixer: Toggle show multiple rows when space
main	0	40372		Mixer: Toggle show multiple rows even when space to fit tracks in less rows
main	0	40375		Item navigation: Move cursor to next transient in items
main	0	40376		Item navigation: Move cursor to previous transient in items
main	0	40377		View: Show virtual MIDI keyboard
main	0	40378		View: Show big clock plus window
main	0	40379		Transport: Time unit to ruler
main	0	40380		Item properties: Set item timebase to project/track default
main	0	40381		Options: Switch to next color theme
main	0	40382		Options: Switch to previous color theme
main	0	40383		Options: Switch to a random color theme
main	0	40389		Mixer: Toggle show master track on right side
main	0	40390		Options: Toggle smooth seek (see preferences/Audio/Seeking)
main	0	40392		Track: Save tracks as track template...
main	0	40393		Markers: Insert region from selected items and edit...
main	0	40394		File: Save project as template...
main	0	40396		Time selection: Move contents of time selection to edit cursor (moving later items)
main	0	40397		Time selection: Copy contents of time selection to edit cursor (moving later items)
main	0	40400		Automation: Set track automation mode to trim/read
main	0	40401		Automation: Set track automation mode to read
main	0	40402		Automation: Set track automation mode to touch
main	0	40403		Automation: Set track automation mode to write
main	0	40404		Automation: Set track automation mode to latch
main	0	40405		Track: Render tracks to stereo post-fader stem tracks (and mute originals)
main	0	40406		Track: Toggle track volume envelope visible
main	0	40407		Track: Toggle track pan envelope visible
main	0	40408		Track: Toggle track pre-FX volume envelope visible
main	0	40409		Track: Toggle track pre-FX pan envelope visible
main	0	40410		Transport: Time unit: Minutes:Seconds
main	0	40411		Transport: Time unit: Measures.Beats
main	0	40412		Transport: Time unit: Seconds
main	0	40413		Transport: Time unit: Samples
main	0	40414		Transport: Time unit: Hours:Minutes:Seconds:Frames
main	0	40415		Envelope: Reset selected points to zero/center
main	0	40416		Item navigation: Select and move to previous item
main	0	40417		Item navigation: Select and move to next item
main	0	40418		Item navigation: Select and move to item in previous track
main	0	40419		Item navigation: Select and move to item in next track
main	0	40420		Markers: Remove all markers from time selection
main	0	40421		Item: Select all items in track
main	0	40422		View: Show screensets/layouts window
main	0	40424		Envelope: Set shape of selected points to slow start/end
main	0	40425		Envelope: Set default point shape to slow start/end
main	0	40428		Envelope: Set shape of selected points to fast start
main	0	40429		Envelope: Set shape of selected points to fast end
main	0	40430		Envelope: Set default point shape to fast start
main	0	40431		Envelope: Set default point shape to fast end
main	0	40433		Item properties: Set item timebase to time
main	0	40434		View: Move edit cursor to play cursor
main	0	40435		Options: Show all takes (when room)
main	0	40436		Item: Apply track/take FX to items (MIDI output)
main	0	40437		Item properties: Toggle item play all takes
main	0	40438		Take: Implode items across tracks into takes
main	0	40439		Item: Set selected media online
main	0	40440		Item: Set selected media temporarily offline
main	0	40441		Peaks: Rebuild peaks for selected items
main	0	40442		Help: Check for new versions
main	0	40444		Screenset: Load track view #01
main	0	40445		Screenset: Load track view #02
main	0	40446		Screenset: Load track view #03
main	0	40447		Screenset: Load track view #04
main	0	40448		Screenset: Load track view #05
main	0	40449		Screenset: Load track view #06
main	0	40450		Screenset: Load track view #07
main	0	40451		Screenset: Load track view #08
main	0	40452		Screenset: Load track view #09
main	0	40453		Screenset: Load track view #10
main	0	40454		Screenset: Load window set #01
main	0	40455		Screenset: Load window set #02
main	0	40456		Screenset: Load window set #03
main	0	40457		Screenset: Load window set #04
main	0	40458		Screenset: Load window set #05
main	0	40459		Screenset: Load window set #06
main	0	40460		Screenset: Load window set #07
main	0	40461		Screenset: Load window set #08
main	0	40462		Screenset: Load window set #09
main	0	40463		Screenset: Load window set #10
main	0	40464		Screenset: Save track view #01
main	0	40465		Screenset: Save track view #02
main	0	40466		Screenset: Save track view #03
main	0	40467		Screenset: Save track view #04
main	0	40468		Screenset: Save track view #05
main	0	40469		Screenset: Save track view #06
main	0	40470		Screenset: Save track view #07
main	0	40471		Screenset: Save track view #08
main	0	40472		Screenset: Save track view #09
main	0	40473		Screenset: Save track view #10
main	0	40474		Screenset: Save window set #01
main	0	40475		Screenset: Save window set #02
main	0	40476		Screenset: Save window set #03
main	0	40477		Screenset: Save window set #04
main	0	40478		Screenset: Save window set #05
main	0	40479		Screenset: Save window set #06
main	0	40480		Screenset: Save window set #07
main	0	40481		Screenset: Save window set #08
main	0	40482		Screenset: Save window set #09
main	0	40483		Screenset: Save window set #10
main	0	40484		Item properties: Set item timebase to beats (position, length, rate)
main	0	40485		Item properties: Set item timebase to beats (position only)
main	0	40486		Track properties: Set track timebase to project default
main	0	40487		Track properties: Set track timebase to time
main	0	40488		Track properties: Set track timebase to beats (position, length, rate)
main	0	40489		Track properties: Set track timebase to beats (position only)
main	0	40490		Track: Arm all tracks for recording
main	0	40491		Track: Unarm all tracks for recording
main	0	40492		Track: Set track record monitor to off
main	0	40493		Track: Set track record monitor to on
main	0	40494		Track: Set track record monitor to auto/tape
main	0	40495		Track: Cycle track record monitor
main	0	40496		Track: Set track record mode to input
main	0	40497		Track: Set track record mode to output (stereo)
main	0	40498		Track: Set track record mode to none (monitoring only)
main	0	40499		Track: Set track record mode to output (stereo latency compensated)
main	0	40500		Track: Set track record mode to MIDI output
main	0	40501		Track: Set track record mode to output (mono)
main	0	40502		Track: Set track record mode to output (mono latency compensated)
main	0	40503		Track: Set track record mode to MIDI overdub
main	0	40504		Track: Set track record mode to MIDI replace
main	0	40505		Track: Select last touched track
main	0	40507		Options: Offset overlapping media items vertically
main	0	40508		Item: Trim items to selected area
main	0	40509		Item: Fade items in to cursor
main	0	40510		Item: Fade items out from cursor
main	0	40511		Item: Trim items left of cursor
main	0	40512		Item: Trim items right of cursor
main	0	40513		View: Move edit cursor to mouse cursor
main	0	40514		View: Move edit cursor to mouse cursor (no snapping)
main	0	40515		Item properties: Pitch item up one octave
main	0	40516		Item properties: Pitch item down one octave
main	0	40517		Item properties: Increase item rate by ~6% (one semitone)
main	0	40518		Item properties: Decrease item rate by ~6% (one semitone)
main	0	40519		Item properties: Increase item rate by ~0.6% (10 cents)
main	0	40520		Item properties: Decrease item rate by ~0.6% (10 cents)
main	0	40521		Transport: Set playrate to 1.0
main	0	40522		Transport: Increase playrate by ~6% (one semitone)
main	0	40523		Transport: Decrease playrate by ~6% (one semitone)
main	0	40524		Transport: Increase playrate by ~0.6% (10 cents)
main	0	40525		Transport: Decrease playrate by ~0.6% (10 cents)
main	0	40526		Transport: Apply playrate to current BPM (no reset playrate)
main	0	40527		View: Clear all peak indicators
main	0	40528		Item: Select item under mouse cursor
main	0	40529		Item: Select item under mouse cursor (leaving other items selected)
main	0	40530		Item: Toggle selection of item under mouse cursor
main	0	40531		Transport: Show playrate control
main	0	40532		Transport: Show play state as text
main	0	40533		Transport: Center transport controls
main	0	40534		Transport: Time unit: Measures.Beats / minutes:Seconds
main	0	40535		Track: Set all FX offline for selected tracks
main	0	40536		Track: Set all FX online for selected tracks
main	0	40537		Track: Render tracks to mono post-fader stem tracks (and mute originals)
main	0	40541		Item: Set snap offset to cursor
main	0	40542		Item: Set snap offset to nearest grid line
main	0	40543		Take: Implode items on same track into takes
main	0	40547		Item properties: Loop section of audio item source
main	0	40548		Item: Heal splits in items
main	0	40549		Mixer: Toggle show FX inserts (when size permits)
main	0	40557		Mixer: Toggle show sends (when size permits)
main	0	40566		Item properties: Toggle take preserve pitch
main	0	40567		Locking: Clear all lock modes
main	0	40568		Locking: Set all lock modes
main	0	40569		Locking: Enable locking
main	0	40570		Locking: Disable locking
main	0	40571		Locking: Set time selection locking mode
main	0	40572		Locking: Clear time selection locking mode
main	0	40573		Locking: Toggle time selection locking mode
main	0	40574		Locking: Set full item locking mode
main	0	40575		Locking: Clear full item locking mode
main	0	40576		Locking: Toggle full item locking mode
main	0	40577		Locking: Set left/right item locking mode
main	0	40578		Locking: Clear left/right item locking mode
main	0	40579		Locking: Toggle left/right item locking mode
main	0	40580		Locking: Set up/down item locking mode
main	0	40581		Locking: Clear up/down item locking mode
main	0	40582		Locking: Toggle up/down item locking mode
main	0	40583		Locking: Set track envelope locking mode
main	0	40584		Locking: Clear track envelope locking mode
main	0	40585		Locking: Toggle track envelope locking mode
main	0	40586		Locking: Set region locking mode
main	0	40587		Locking: Clear region locking mode
main	0	40588		Locking: Toggle region locking mode
main	0	40589		Locking: Set marker locking mode
main	0	40590		Locking: Clear marker locking mode
main	0	40591		Locking: Toggle marker locking mode
main	0	40592		Locking: Set time signature marker locking mode
main	0	40593		Locking: Clear time signature marker locking mode
main	0	40594		Locking: Toggle time signature marker locking mode
main	0	40595		Locking: Set item edges locking mode
main	0	40596		Locking: Clear item edges locking mode
main	0	40597		Locking: Toggle item edges locking mode
main	0	40598		Locking: Set item fade/volume handles locking mode
main	0	40599		Locking: Clear item fade/volume handles locking mode
main	0	40600		Locking: Toggle item fade/volume handles locking mode
main	0	40601		Item: Render items to new take (preserve source type)
main	0	40602		Performance meter: Reset graph
main	0	40603		Take: Paste as takes in items
main	0	40604		Track: View track recording settings (MIDI quantize, file format/path) for last touched track
main	0	40605		Show action list
main	0	40606		Item: Glue items, expanding to time selection if any, including leading fade-in and trailing fade-out
main	0	40607		Track: Allow track media buffering
main	0	40608		Track: Prevent track media buffering
main	0	40609		Track: Allow track anticipative FX
main	0	40610		Track: Prevent track anticipative FX
main	0	40611		Item: Set item end to cursor
main	0	40612		Item: Set item end to source media end
main	0	40613		Markers: Delete marker near cursor
main	0	40614		Markers: Edit marker near cursor
main	0	40615		Markers: Delete region near cursor
main	0	40616		Markers: Edit region near cursor
main	0	40617		Markers: Delete time signature marker near cursor
main	0	40618		Markers: Edit time signature marker near cursor
main	0	40619		Show external timecode synchronization settings
main	0	40620		Toggle external timecode synchronization
main	0	40621		Options: Toggle loop points linked to time selection
main	0	40622		Time selection: Move loop points to time selection
main	0	40623		Time selection: Move time selection to loop points
main	0	40624		Loop points: Remove (unselect) loop points, if not linked to time selection, ignoring lock state
main	0	40625		Time selection: Set start point
main	0	40626		Time selection: Set end point
main	0	40627		Locking: Set loop points locking mode
main	0	40628		Locking: Clear loop points locking mode
main	0	40629		Locking: Toggle loop points locking mode
main	0	40630		Go to start of time selection
main	0	40631		Go to end of time selection
main	0	40632		Go to start of loop
main	0	40633		Go to end of loop
main	0	40634		Loop points: Remove (unselect) loop point selection
main	0	40635		Time selection: Remove (unselect) time selection
main	0	40636		Item properties: Loop item source
main	0	40637		Virtual MIDI keyboard: Send all input to VKB
main	0	40638		Item: Show FX chain for item take
main	0	40639		Take: Duplicate active take
main	0	40640		Item: Remove FX for item take
main	0	40641		Track properties: Free item positioning
main	0	40642		Take: Explode takes of items in place
main	0	40643		Take: Explode takes of items in order
main	0	40644		Item: Implode items across tracks into items on one track
main	0	40645		Item: Auto-reposition items in free item positioning mode
main	0	40646		View: Move cursor left to grid division
main	0	40647		View: Move cursor right to grid division
main	0	40648		Options: Add edge points when moving envelope points with items
main	0	40649		Options: Add envelope edge points when ripple editing or inserting time
main	0	40650		Options: Reduce envelope data when recording or drawing automation
main	0	40651		View: Toggle show/hide item labels
main	0	40652		Item properties: Set item rate to 1.0
main	0	40653		Item properties: Reset item pitch
main	0	40656		Markers: Add/move marker 10 to play/edit cursor
main	0	40657		Markers: Add/move marker 1 to play/edit cursor
main	0	40658		Markers: Add/move marker 2 to play/edit cursor
main	0	40659		Markers: Add/move marker 3 to play/edit cursor
main	0	40660		Markers: Add/move marker 4 to play/edit cursor
main	0	40661		Markers: Add/move marker 5 to play/edit cursor
main	0	40662		Markers: Add/move marker 6 to play/edit cursor
main	0	40663		Markers: Add/move marker 7 to play/edit cursor
main	0	40664		Markers: Add/move marker 8 to play/edit cursor
main	0	40665		Markers: Add/move marker 9 to play/edit cursor
main	0	40666		Record: Start new files during recording
main	0	40667		Transport: Stop (save all recorded media)
main	0	40668		Transport: Stop (DELETE all recorded media)
main	0	40669		Record: Remove recorded media not yet in project
main	0	40670		Record: Add recorded media to project
main	0	40671		Transport: Toggle preserve pitch in audio items when changing master playrate
main	0	40672		Transport: Apply playrate to current BPM
main	0	40677		Options: Show sends in TCP (when size permits)
main	0	40680		Transport: Show time signature
main	0	40681		Envelope: Set default point shape to bezier
main	0	40683		Envelope: Set shape of selected points to bezier
main	0	40684		Convert active take MIDI to in-project MIDI source data
main	0	40685		Convert active take MIDI to .mid file reference
main	0	40686		MIDI: Insert recent retroactively recorded MIDI for armed tracks
main	0	40687		Item properties: Toggle lock
main	0	40688		Item properties: Lock
main	0	40689		Item properties: Unlock
main	0	40690		Theme development: Show theme element finder
main	0	40691		View: Toggle show media cues in items
main	0	40692		Item: Import item media cues as project markers
main	0	40693		Take: Toggle take volume envelope
main	0	40694		Take: Toggle take pan envelope
main	0	40695		Take: Toggle take mute envelope
main	0	40696		Track: Rename last touched track
main	0	40697		Remove items/tracks/envelope points (depending on focus)
main	0	40698		Edit: Copy items
main	0	40699		Edit: Cut items
main	0	40701		Insert virtual instrument on new track...
main	0	40702		Track: Insert new track at end of track list
main	0	40703		View: Show item labels
main	0	40704		Item: Set to custom color...
main	0	40705		Item: Set to random colors
main	0	40706		Item: Set to one random color
main	0	40707		Item: Set to default color
main	0	40708		View: Hide item labels
main	0	40716		View: Toggle show MIDI editor windows
main	0	40717		Item: Select all items in current time selection
main	0	40718		Item: Select all items on selected tracks in current time selection
main	0	40719		Item properties: Mute
main	0	40720		Item properties: Unmute
main	0	40721		Loop points: Halve loop length
main	0	40722		Loop points: Double loop length
main	0	40723		View: Expand selected track height, minimize others
main	0	40725		Grid: Toggle measure grid
main	0	40726		Envelope: Insert 4 envelope points at time selection
main	0	40727		View: Minimize all tracks
main	0	40728		Track: Solo tracks
main	0	40729		Track: Unsolo tracks
main	0	40730		Track: Mute tracks
main	0	40731		Track: Unmute tracks
main	0	40732		Item: Split at media cues
main	0	40733		Item: Shrink to first media cue
main	0	40734		Item: Shrink to last media cue
main	0	40735		Item: Shrink to first and last media cues
main	0	40736		Track: Toggle automatic record-arm when track selected
main	0	40737		Track: Set automatic record-arm when track selected
main	0	40738		Track: Clear automatic record-arm
main	0	40740		Track: Set/clear all tracks automatic record-arm
main	0	40741		Move edit cursor to next cue in items
main	0	40742		Move edit cursor to previous cue in items
main	0	40743		Track: Nudge master track volume up
main	0	40744		Track: Nudge master track volume down
main	0	40745		Options: Solo in front
main	0	40746		Item: Split item under mouse cursor (ignore grouping, no change selection)
main	0	40748		Item: Split item under mouse cursor (ignore grouping, select right)
main	0	40749		Options: Set loop points linked to time selection
main	0	40750		Options: Unset loop points linked to time selection
main	0	40751		Track properties: Set free item positioning
main	0	40752		Track properties: Unset free item positioning/fixed item lanes
main	0	40753		Snapping: Disable snap
main	0	40754		Snapping: Enable snap
main	0	40755		Snapping: Save snap state
main	0	40756		Snapping: Restore snap state
main	0	40757		Item: Split items at edit cursor (no change selection)
main	0	40759		Item: Split items at edit cursor (select right)
main	0	40760		Edit: Dynamic split items...
main	0	40762		View: Restore next zoom/scroll position
main	0	40768		View: Show track grouping matrix window
main	0	40769		Unselect (clear selection of) all tracks/items/envelope points
main	0	40770		Track: Unset track solo defeat (all tracks)
main	0	40771		Track: Toggle all track grouping enabled
main	0	40772		Track: Set track grouping parameters...
main	0	40773		Item: Create chromatic MIDI from items
main	0	40774		Grid: Set to 1/64
main	0	40775		Grid: Set to 1/32
main	0	40776		Grid: Set to 1/16
main	0	40777		Grid: Set to 1/12 (1/8 triplet)
main	0	40778		Grid: Set to 1/8
main	0	40779		Grid: Set to 1/4
main	0	40780		Grid: Set to 1/2
main	0	40781		Grid: Set to 1
main	0	40782		Grid: Adjust by 1/1.5
main	0	40783		Grid: Adjust by 1/2
main	0	40784		Grid: Adjust by 1/3
main	0	40785		Grid: Adjust by 1.5
main	0	40786		Grid: Adjust by 2
main	0	40787		Grid: Adjust by 3
main	0	40788		Track: Render tracks to stereo stem tracks (and mute originals)
main	0	40789		Track: Render tracks to mono stem tracks (and mute originals)
main	0	40790		Move edit cursor to previous zero crossing in items
main	0	40791		Move edit cursor to next zero crossing in items
main	0	40792		Item: Split at previous zero crossing
main	0	40793		Item edit: Move items/envelope points left by grid size
main	0	40794		Item edit: Move items/envelope points right by grid size
main	0	40795		Item properties: Set take preserve pitch
main	0	40796		Item properties: Clear take preserve pitch
main	0	40797		Item properties: Increase item rate by ~6% (one semitone), clear 'preserve pitch'
main	0	40798		Item properties: Decrease item rate by ~6% (one semitone), clear 'preserve pitch'
main	0	40799		Item properties: Increase item rate by ~0.6% (10 cents), clear 'preserve pitch'
main	0	40800		Item properties: Decrease item rate by ~0.6% (10 cents), clear 'preserve pitch'
main	0	40801		Create measure from time selection (new time signature)...
main	0	40802		Time selection: Extend time selection to next transient in items
main	0	40803		Time selection: Swap left edge of time selection to next transient in items
main	0	40804		Group: Select all tracks in group 01
main	0	40805		Group: Select all tracks in group 02
main	0	40806		Group: Select all tracks in group 03
main	0	40807		Group: Select all tracks in group 04
main	0	40808		Group: Select all tracks in group 05
main	0	40809		Group: Select all tracks in group 06
main	0	40810		Group: Select all tracks in group 07
main	0	40811		Group: Select all tracks in group 08
main	0	40812		Group: Select all tracks in group 09
main	0	40813		Group: Select all tracks in group 10
main	0	40814		Group: Select all tracks in group 11
main	0	40815		Group: Select all tracks in group 12
main	0	40816		Group: Select all tracks in group 13
main	0	40817		Group: Select all tracks in group 14
main	0	40818		Group: Select all tracks in group 15
main	0	40819		Group: Select all tracks in group 16
main	0	40820		Group: Select all tracks in group 17
main	0	40821		Group: Select all tracks in group 18
main	0	40822		Group: Select all tracks in group 19
main	0	40823		Group: Select all tracks in group 20
main	0	40824		Group: Select all tracks in group 21
main	0	40825		Group: Select all tracks in group 22
main	0	40826		Group: Select all tracks in group 23
main	0	40827		Group: Select all tracks in group 24
main	0	40828		Group: Select all tracks in group 25
main	0	40829		Group: Select all tracks in group 26
main	0	40830		Group: Select all tracks in group 27
main	0	40831		Group: Select all tracks in group 28
main	0	40832		Group: Select all tracks in group 29
main	0	40833		Group: Select all tracks in group 30
main	0	40834		Group: Select all tracks in group 31
main	0	40835		Group: Select all tracks in group 32
main	0	40836		Item navigation: Move cursor to nearest transient in items
main	0	40837		Move edit cursor to start of next measure (no seek)
main	0	40838		Move edit cursor to start of current/previous measure (no seek)
main	0	40839		Move edit cursor forward one measure (no seek)
main	0	40840		Move edit cursor back one measure (no seek)
main	0	40841		Move edit cursor forward one beat (no seek)
main	0	40842		Move edit cursor back one beat (no seek)
main	0	40843		Set project tempo from time selection (new time signature)...
main	0	40844		Track: View input FX chain for current/last touched track
main	0	40845		Help: All actions
main	0	40846		Track: View FX chain for master track
main	0	40847		Item: Open item inline editors
main	0	40848		View: Restore previous zoom/scroll position
main	0	40849		File: Export project MIDI...
main	0	40850		Item: Show notes for items...
main	0	40851		Envelope: Toggle display in separate lane for selected envelope
main	0	40852		Track: Set track record mode to MIDI touch-replace
main	0	40853		Track: Toggle show/hide in TCP
main	0	40855		Item: Mute active take of multitake item within time selection
main	0	40856		Item: Solo active take of multitake item within time selection
main	0	40857		Automation lane: Increase active fader a little bit
main	0	40858		Automation lane: Decrease active fader a little bit
main	0	40859		New project tab
main	0	40860		Close current project tab
main	0	40861		Project tabs: Switch to next project tab
main	0	40862		Project tabs: Switch to previous project tab
main	0	40863		Envelope: Toggle record arm for selected envelope
main	0	40866		Track: Toggle track mute envelope active
main	0	40867		Track: Toggle track mute envelope visible
main	0	40868		Transport: Toggle transport home/end marker navigation
main	0	40869		View: Restore previous zoom level
main	0	40870		Item properties: Unmute all items
main	0	40871		Project tabs: Run background projects
main	0	40872		Project tabs: Auto-offline background project media
main	0	40873		Project tabs: Run stopped background projects
main	0	40874		Project tabs: Always show project tabs
main	0	40875		View: Restore next zoom level
main	0	40876		Global automation override: No override (set automation modes per track)
main	0	40877		Track: Freeze to multichannel (render pre-fader, save/remove items and online FX)
main	0	40878		Global automation override: All automation in trim/read mode
main	0	40879		Global automation override: All automation in read mode
main	0	40880		Global automation override: All automation in touch mode
main	0	40881		Global automation override: All automation in latch mode
main	0	40882		Global automation override: All automation in write mode
main	0	40883		Envelope: Toggle bypass for selected envelope
main	0	40884		Envelope: Toggle hide/display selected envelope
main	0	40885		Global automation override: Bypass all automation
main	0	40886		File: Close all projects
main	0	40887		Envelope: Reduce number of points...
main	0	40888		Envelope: Show all active envelopes for tracks
main	0	40889		Envelope: Hide all envelopes for tracks
main	0	40890		Envelope: Toggle show all active envelopes for tracks
main	0	40891		Envelope: Toggle display all visible envelopes in lanes for tracks
main	0	40892		Track: Render tracks to multichannel post-fader stem tracks (and mute originals)
main	0	40893		Track: Render tracks to multichannel stem tracks (and mute originals)
main	0	40894		Item: Explode multichannel audio or MIDI to new one-channel items
main	0	40895		Track: Set track record mode to output (full multichannel)
main	0	40896		Track: Set track record mode to output (full multichannel compensated)
main	0	40897		File: Save all projects
main	0	40898		Regions/markers: Renumber all regions and markers in timeline order
main	0	40899		Track: Set track icon...
main	0	40900		Track: Remove track icon
main	0	40901		Track: Freeze to mono (render pre-fader, save/remove items and online FX)
main	0	40903		Mixer: Toggle show track icons in mixer
main	0	40904		Grid: Set framerate grid
main	0	40905		Toolbars: Customize...
main	0	40906		View: Show track manager window
main	0	40907		Track: Insert/show ReaControlMIDI (MIDI track control)
main	0	40908		Global automation override: Toggle bypass all automation
main	0	40909		Project tabs: Hide all background project windows
main	0	40910		Mixer: Toggle show FX parameters (when size permits)
main	0	40911		Item: Set focus to item under mouse cursor
main	0	40912		Options: Toggle crossfade on split (disregard toolbar auto-crossfade button)
main	0	40913		Track: Vertical scroll selected tracks into view
main	0	40914		Track: Set first selected track as last touched track
main	0	40915		Envelope: Insert new point at current position (remove nearby points)
main	0	40916		Item: Crossfade items within time selection
main	0	40917		Master track: Toggle stereo/mono (L+R)
main	0	40918		Item: Set item mix behavior to enclosed items replace enclosing items
main	0	40919		Item: Set item mix behavior to always mix
main	0	40920		Item: Explode MIDI note rows (pitch) to new items
main	0	40921		Item: Set item mix behavior to always replace
main	0	40922		Item: Set item mix behavior to project default
main	0	40923		Grid: Set measure grid
main	0	40925		Markers: Quantize tempo markers to MIDI resolution
main	0	40926		Envelope: Toggle show all active envelopes for all tracks
main	0	40927		Options: Enable crossfade on split (disregard toolbar auto-crossfade button)
main	0	40928		Options: Disable crossfade on split (disregard toolbar auto-crossfade button)
main	0	40929		File: Open render queue
main	0	40930		Item: Remove content (trim) behind items
main	0	40931		Item: Split items at project markers
main	0	40932		Item: Split items at timeline grid
main	0	40933		Tempo envelope: Set display range...
main	0	40934		Project recording settings
main	0	40936		Item properties: Normalize items to +0dB peak (reset to unity if already normalized)
main	0	40937		Item properties: Normalize items (to loudest item) to +0dB peak (reset to unity if already normalized)
main	0	40938		Item properties: Reset item take gain to +0dB (un-normalize)
main	0	40939		Track: Select track 01
main	0	40940		Track: Select track 02
main	0	40941		Track: Select track 03
main	0	40942		Track: Select track 04
main	0	40943		Track: Select track 05
main	0	40944		Track: Select track 06
main	0	40945		Track: Select track 07
main	0	40946		Track: Select track 08
main	0	40947		Track: Select track 09
main	0	40948		Track: Select track 10
main	0	40949		Track: Select track 11
main	0	40950		Track: Select track 12
main	0	40951		Track: Select track 13
main	0	40952		Track: Select track 14
main	0	40953		Track: Select track 15
main	0	40954		Track: Select track 16
main	0	40955		Track: Select track 17
main	0	40956		Track: Select track 18
main	0	40957		Track: Select track 19
main	0	40958		Track: Select track 20
main	0	40959		Track: Select track 21
main	0	40960		Track: Select track 22
main	0	40961		Track: Select track 23
main	0	40962		Track: Select track 24
main	0	40963		Track: Select track 25
main	0	40964		Track: Select track 26
main	0	40965		Track: Select track 27
main	0	40966		Track: Select track 28
main	0	40967		Track: Select track 29
main	0	40968		Track: Select track 30
main	0	40969		Track: Select track 31
main	0	40970		Track: Select track 32
main	0	40971		Track: Select track 33
main	0	40972		Track: Select track 34
main	0	40973		Track: Select track 35
main	0	40974		Track: Select track 36
main	0	40975		Track: Select track 37
main	0	40976		Track: Select track 38
main	0	40977		Track: Select track 39
main	0	40978		Track: Select track 40
main	0	40979		Track: Select track 41
main	0	40980		Track: Select track 42
main	0	40981		Track: Select track 43
main	0	40982		Track: Select track 44
main	0	40983		Track: Select track 45
main	0	40984		Track: Select track 46
main	0	40985		Track: Select track 47
main	0	40986		Track: Select track 48
main	0	40987		Track: Select track 49
main	0	40988		Track: Select track 50
main	0	40989		Track: Select track 51
main	0	40990		Track: Select track 52
main	0	40991		Track: Select track 53
main	0	40992		Track: Select track 54
main	0	40993		Track: Select track 55
main	0	40994		Track: Select track 56
main	0	40995		Track: Select track 57
main	0	40996		Track: Select track 58
main	0	40997		Track: Select track 59
main	0	40998		Track: Select track 60
main	0	40999		Track: Select track 61
main	0	41000		Track: Select track 62
main	0	41001		Track: Select track 63
main	0	41002		Track: Select track 64
main	0	41003		Track: Select track 65
main	0	41004		Track: Select track 66
main	0	41005		Track: Select track 67
main	0	41006		Track: Select track 68
main	0	41007		Track: Select track 69
main	0	41008		Track: Select track 70
main	0	41009		Track: Select track 71
main	0	41010		Track: Select track 72
main	0	41011		Track: Select track 73
main	0	41012		Track: Select track 74
main	0	41013		Track: Select track 75
main	0	41014		Track: Select track 76
main	0	41015		Track: Select track 77
main	0	41016		Track: Select track 78
main	0	41017		Track: Select track 79
main	0	41018		Track: Select track 80
main	0	41019		Track: Select track 81
main	0	41020		Track: Select track 82
main	0	41021		Track: Select track 83
main	0	41022		Track: Select track 84
main	0	41023		Track: Select track 85
main	0	41024		Track: Select track 86
main	0	41025		Track: Select track 87
main	0	41026		Track: Select track 88
main	0	41027		Track: Select track 89
main	0	41028		Track: Select track 90
main	0	41029		Track: Select track 91
main	0	41030		Track: Select track 92
main	0	41031		Track: Select track 93
main	0	41032		Track: Select track 94
main	0	41033		Track: Select track 95
main	0	41034		Track: Select track 96
main	0	41035		Track: Select track 97
main	0	41036		Track: Select track 98
main	0	41037		Track: Select track 99
main	0	41038		Pre-roll: Toggle pre-roll on record [deprecated duplicate]
main	0	41039		Loop points: Set loop points to items
main	0	41040		Move edit cursor to start of next measure
main	0	41041		Move edit cursor to start of current/previous measure
main	0	41042		Move edit cursor forward one measure
main	0	41043		Move edit cursor back one measure
main	0	41044		Move edit cursor forward one beat
main	0	41045		Move edit cursor back one beat
main	0	41046		Toggle show master tempo envelope
main	0	41047		Grid: Set to 1/128
main	0	41048		Reset project recording pass counter ($recpass wildcard)
main	0	41049		Insert new subproject...
main	0	41050		Toggle show master track and tempo envelope
main	0	41051		Item properties: Toggle take reverse
main	0	41052		Item edit: Enable relative grid snap
main	0	41053		Item edit: Disable relative grid snap
main	0	41054		Item edit: Toggle relative grid snap
main	0	41059		Item: Crossfade any overlapping items
main	0	41060		ReaScript: Run ReaScript (EEL2 or Lua)...
main	0	41061		ReaScript: Run last ReaScript (EEL2 or Lua)
main	0	41062		Project tabs: Play stopped background projects with active project
main	0	41063		Project tabs: Synchronize play start times w/ play background projects
main	0	41064		[developer] Write C++ API functions header
main	0	41065		ReaScript: Open ReaScript documentation (html)...
main	0	41067		Track: Insert multiple new tracks...
main	0	41069		Item: Move, stretch, and loop items to fit time selection
main	0	41070		Reset soft takeover for all MIDI controller assignments
main	0	41071		Options: Toggle pooled (ghost) MIDI source data when copying media items
main	0	41072		Item: Paste items/tracks, creating pooled (ghost) MIDI items and automation items regardless of preferences/Media/MIDI and preferences/Media/Automation settings
main	0	41074		Toggle show all floating windows
main	0	41075		[developer] Debug console
main	0	41076		File: Batch file converter
main	0	41077		Toggle show all floating windows (except mixer)
main	0	41078		FX: Auto-float new FX windows
main	0	41079		Toggle show all floating windows (except unattached docker)
main	0	41080		Toggle show all floating windows (except mixer and unattached docker)
main	0	41082		Fixed lane comp area: Move up
main	0	41083		Fixed lane comp area: Move down
main	0	41084		Toolbar: Show/hide toolbar docker
main	0	41085		Toolbar: Press active toolbar button 01
main	0	41086		Toolbar: Press active toolbar button 02
main	0	41087		Toolbar: Press active toolbar button 03
main	0	41088		Toolbar: Press active toolbar button 04
main	0	41089		Toolbar: Press active toolbar button 05
main	0	41090		Toolbar: Press active toolbar button 06
main	0	41091		Toolbar: Press active toolbar button 07
main	0	41092		Toolbar: Press active toolbar button 08
main	0	41093		Toolbar: Press active toolbar button 09
main	0	41094		Toolbar: Press active toolbar button 10
main	0	41095		Toolbar: Press active toolbar button 11
main	0	41096		Toolbar: Press active toolbar button 12
main	0	41097		Toolbar: Press active toolbar button 13
main	0	41098		Toolbar: Press active toolbar button 14
main	0	41099		Toolbar: Press active toolbar button 15
main	0	41100		Toolbar: Press active toolbar button 16
main	0	41105		Toolbars: Switch to toolbar 1
main	0	41106		Toolbars: Switch to toolbar 2
main	0	41107		Toolbars: Switch to toolbar 3
main	0	41108		Toolbars: Switch to toolbar 4
main	0	41109		Automation: Toggle track between touch and trim/read modes
main	0	41110		Track: Select track under mouse
main	0	41111		Toolbar: Open toolbar 1 at mouse cursor
main	0	41112		Toolbar: Open toolbar 2 at mouse cursor
main	0	41113		Toolbar: Open toolbar 3 at mouse cursor
main	0	41114		Toolbar: Open toolbar 4 at mouse cursor
main	0	41115		Item: Invert selection
main	0	41116		Options: Cycle through editing modes: Auto-crossfade off, auto-crossfade on, trim content behind media items
main	0	41117		Options: Trim content behind media items when editing
main	0	41118		Options: Enable auto-crossfades
main	0	41119		Options: Disable auto-crossfades
main	0	41120		Options: Enable trim content behind media items when editing
main	0	41121		Options: Disable trim content behind media items when editing
main	0	41122		Envelope: Increase bezier tension for selected points by 5%
main	0	41123		Envelope: Decrease bezier tension for selected points by 5%
main	0	41124		Envelope: Increase bezier tension for selected points by 25%
main	0	41125		Envelope: Decrease bezier tension for selected points by 25%
main	0	41126		Envelope: Insert new point at current position to all visible track envelopes (remove nearby points)
main	0	41127		Item: Select next adjacent non-overlapping item
main	0	41128		Item: Select previous adjacent non-overlapping item
main	0	41129		Tempo: Increase current project tempo 01 BPM
main	0	41130		Tempo: Decrease current project tempo 01 BPM
main	0	41131		Tempo: Increase current project tempo 10 percent
main	0	41132		Tempo: Decrease current project tempo 10 percent
main	0	41133		Tempo: Increase current project tempo 100 percent (double)
main	0	41134		Tempo: Decrease current project tempo 50 percent (half)
main	0	41135		Tempo: Increase current project tempo 10 BPM
main	0	41136		Tempo: Decrease current project tempo 10 BPM
main	0	41137		Tempo: Increase current project tempo 0.1 BPM
main	0	41138		Tempo: Decrease current project tempo 0.1 BPM
main	0	41139		Item navigation: Select and move to item in previous track without changing track selection
main	0	41140		Item navigation: Select and move to item in next track without changing track selection
main	0	41141		FX: Show/hide track control for last touched FX parameter
main	0	41142		FX: Show/hide track/take envelope for last touched FX parameter
main	0	41143		FX: Show parameter modulation/link for last touched FX parameter
main	0	41144		FX: Set MIDI learn for last touched FX parameter
main	0	41145		FX: Set alias for last touched FX parameter
main	0	41146		Mixer: Toggle autoarrange
main	0	41147		Track: Insert new track at end of mixer
main	0	41148		Envelope: Show all envelopes for tracks
main	0	41149		Envelope: Show all envelopes for all tracks
main	0	41150		Envelope: Hide all envelopes for all tracks
main	0	41151		Envelope: Toggle show all envelopes for tracks
main	0	41152		Envelope: Toggle show all envelopes for all tracks
main	0	41153		Mixer: Toggle show icons for the last track in a folder
main	0	41154		Mixer: Clickable icon for folder tracks to show/hide children
main	0	41155		Reset position (cascade) all floating windows
main	0	41156		Options: Selecting one grouped item selects group
main	0	41157		View: Show project bay window
main	0	41160		Automation: Write current values for all writing envelopes to time selection
main	0	41161		Automation: Write current values for all writing envelopes from cursor to start of project
main	0	41162		Automation: Write current values for all writing envelopes from cursor to end of project
main	0	41163		Automation: Unarm all envelopes
main	0	41167		Item navigation: Move cursor left to nearest item edge
main	0	41168		Item navigation: Move cursor right to nearest item edge
main	0	41171		Minimize REAPER
main	0	41172		Dock/undock currently focused dockable window, or attach/unattach focused docker
main	0	41173		Item navigation: Move cursor to start of items
main	0	41174		Item navigation: Move cursor to end of items
main	0	41175		Reset all MIDI devices
main	0	41176		Envelopes: Move selected points left a little bit
main	0	41177		Envelopes: Move selected points right a little bit
main	0	41178		Envelopes: Move selected points left by grid
main	0	41179		Envelopes: Move selected points right by grid
main	0	41180		Envelopes: Move selected points up a little bit
main	0	41181		Envelopes: Move selected points down a little bit
main	0	41182		Item: Snap items left
main	0	41183		Item: Snap items right
main	0	41184		Item: Snap items to nearest snap point
main	0	41185		Item properties: Unsolo all
main	0	41186		Options: New recording trims existing items (tape mode)
main	0	41187		Scrub: Toggle looped-segment scrub at edit cursor
main	0	41188		Scrub: Enable looped-segment scrub at edit cursor
main	0	41189		Scrub: Disable looped-segment scrub at edit cursor
main	0	41190		View: Set horizontal zoom to default project setting
main	0	41191		Item: Remove fade in
main	0	41192		Item: Remove fade out
main	0	41193		Item: Remove fade in and fade out
main	0	41194		Item: Toggle enable/disable default fadein/fadeout
main	0	41195		Item: Enable default fadein/fadeout
main	0	41196		Item: Disable default fadein/fadeout
main	0	41197		Track: Set track solo defeat
main	0	41198		Track: Unset track solo defeat
main	0	41199		Track: Toggle track solo defeat
main	0	41204		Fully unload unloaded VSTs
main	0	41205		Item edit: Move position of item to edit cursor
main	0	41206		Item: Move and stretch items to fit time selection
main	0	41207		Render all queued renders
main	0	41208		Transient detection sensitivity/threshold: Adjust...
main	0	41209		Mixer: Master track visible
main	0	41210		Grid: Set to 2
main	0	41211		Grid: Set to 4
main	0	41212		Grid: Set to 1/48 (1/32 triplet)
main	0	41213		Grid: Set to 1/24 (1/16 triplet)
main	0	41214		Grid: Set to 1/6 (1/4 triplet)
main	0	41215		Tempo envelope: Increase all tempo markers 01 BPM
main	0	41216		Tempo envelope: Decrease all tempo markers 01 BPM
main	0	41217		Tempo envelope: Increase all tempo markers 0.1 BPM
main	0	41218		Tempo envelope: Decrease all tempo markers 0.1 BPM
main	0	41219		Tempo envelope: Increase all tempo markers 0.01 BPM
main	0	41220		Tempo envelope: Decrease all tempo markers 0.01 BPM
main	0	41221		Item: Paste items/tracks at mouse position
main	0	41223		Track: Freeze to stereo (render pre-fader, save/remove items and online FX)
main	0	41226		Item edit: Nudge/Set...
main	0	41227		Item edit: Close nudge/Set dialog
main	0	41228		Item edit: Toggle nudge/Set dialog
main	0	41229		Selection set: Save set #01
main	0	41230		Selection set: Save set #02
main	0	41231		Selection set: Save set #03
main	0	41232		Selection set: Save set #04
main	0	41233		Selection set: Save set #05
main	0	41234		Selection set: Save set #06
main	0	41235		Selection set: Save set #07
main	0	41236		Selection set: Save set #08
main	0	41237		Selection set: Save set #09
main	0	41238		Selection set: Save set #10
main	0	41239		Selection set: Load set #01
main	0	41240		Selection set: Load set #02
main	0	41241		Selection set: Load set #03
main	0	41242		Selection set: Load set #04
main	0	41243		Selection set: Load set #05
main	0	41244		Selection set: Load set #06
main	0	41245		Selection set: Load set #07
main	0	41246		Selection set: Load set #08
main	0	41247		Selection set: Load set #09
main	0	41248		Selection set: Load set #10
main	0	41249		Item edit: Nudge right by last nudge dialog settings
main	0	41250		Item edit: Nudge left by last nudge dialog settings
main	0	41251		Markers: Go to marker 11
main	0	41252		Markers: Go to marker 12
main	0	41253		Markers: Go to marker 13
main	0	41254		Markers: Go to marker 14
main	0	41255		Markers: Go to marker 15
main	0	41256		Markers: Go to marker 16
main	0	41257		Markers: Go to marker 17
main	0	41258		Markers: Go to marker 18
main	0	41259		Markers: Go to marker 19
main	0	41260		Markers: Go to marker 20
main	0	41261		Markers: Go to marker 21
main	0	41262		Markers: Go to marker 22
main	0	41263		Markers: Go to marker 23
main	0	41264		Markers: Go to marker 24
main	0	41265		Markers: Go to marker 25
main	0	41266		Markers: Go to marker 26
main	0	41267		Markers: Go to marker 27
main	0	41268		Markers: Go to marker 28
main	0	41269		Markers: Go to marker 29
main	0	41270		Markers: Go to marker 30
main	0	41271		Item edit: Save nudge dialog settings 1
main	0	41272		Item edit: Save nudge dialog settings 2
main	0	41273		Item edit: Save nudge dialog settings 3
main	0	41274		Item edit: Save nudge dialog settings 4
main	0	41275		Item edit: Nudge right by saved nudge dialog settings 1
main	0	41276		Item edit: Nudge right by saved nudge dialog settings 2
main	0	41277		Item edit: Nudge right by saved nudge dialog settings 3
main	0	41278		Item edit: Nudge right by saved nudge dialog settings 4
main	0	41279		Item edit: Nudge left by saved nudge dialog settings 1
main	0	41280		Item edit: Nudge left by saved nudge dialog settings 2
main	0	41281		Item edit: Nudge left by saved nudge dialog settings 3
main	0	41282		Item edit: Nudge left by saved nudge dialog settings 4
main	0	41283		Item edit: Save nudge dialog settings 5
main	0	41284		Item edit: Save nudge dialog settings 6
main	0	41285		Item edit: Save nudge dialog settings 7
main	0	41286		Item edit: Save nudge dialog settings 8
main	0	41287		Item edit: Nudge right by saved nudge dialog settings 5
main	0	41288		Item edit: Nudge right by saved nudge dialog settings 6
main	0	41289		Item edit: Nudge right by saved nudge dialog settings 7
main	0	41290		Item edit: Nudge right by saved nudge dialog settings 8
main	0	41291		Item edit: Nudge left by saved nudge dialog settings 5
main	0	41292		Item edit: Nudge left by saved nudge dialog settings 6
main	0	41293		Item edit: Nudge left by saved nudge dialog settings 7
main	0	41294		Item edit: Nudge left by saved nudge dialog settings 8
main	0	41295		Item: Duplicate items
main	0	41296		Item: Duplicate selected area of items
main	0	41297		Toolbar: Show/hide toolbar at top of main window
main	0	41299		Item edit: Move position of item under mouse to edit cursor
main	0	41300		Item edit: Trim left edge of item under mouse to edit cursor
main	0	41301		Item edit: Move left edge of item under mouse to edit cursor (preserving item right edge)
main	0	41302		Item edit: Move right edge of item under mouse to edit cursor (preserving item length)
main	0	41303		Item edit: Move contents of item under mouse to edit cursor
main	0	41304		Item edit: Move duplicate of item under mouse to edit cursor
main	0	41305		Item edit: Trim left edge of item to edit cursor
main	0	41306		Item edit: Move left edge of item to edit cursor (preserving item right edge)
main	0	41307		Item edit: Move right edge of item to edit cursor (preserving item length)
main	0	41308		Item edit: Move contents of item to edit cursor
main	0	41309		Item edit: Move duplicate of item to edit cursor
main	0	41310		Item edit: Trim right edge of item under mouse to edit cursor
main	0	41311		Item edit: Trim right edge of item to edit cursor
main	0	41312		Track: Lock track controls
main	0	41313		Track: Unlock track controls
main	0	41314		Track: Toggle lock/unlock track controls
main	0	41319		Item: Copy items to time selection, trim/loop to fit
main	0	41320		Item: Move items to time selection, trim/loop to fit
main	0	41321		Track: Set record path to primary
main	0	41322		Track: Set record path to secondary
main	0	41323		Track: Set record path to primary+secondary
main	0	41324		Track: Select all tracks that have controls locked
main	0	41325		View: Increase selected track heights
main	0	41326		View: Decrease selected track heights
main	0	41327		View: Increase selected track heights a little bit
main	0	41328		View: Decrease selected track heights a little bit
main	0	41329		Options: Toggle new recording adds lanes in layers (multiple lanes play at once)
main	0	41330		Options: New recording splits existing items and adds takes (default)
main	0	41331		Take: Set active take to custom color...
main	0	41332		Take: Set active take to one random color
main	0	41333		Take: Set active take to default color
main	0	41334		Take: Set all takes created in the same recording pass to custom color...
main	0	41335		Take: Set all takes created in the same recording pass to one random color
main	0	41336		Take: Set all takes created in the same recording pass to default color
main	0	41337		Take: Set all takes of selected items to default color
main	0	41338		Options: Toggle editing active take source start offset (slip editing) adjusts all takes
main	0	41339		Item properties: Toggle lock to active take (toggle mouse click changes active take)
main	0	41340		Item properties: Lock to active take (mouse click will not change active take)
main	0	41341		Item properties: Unlock takes (mouse click will change active take)
main	0	41342		Take: Activate take under mouse
main	0	41343		Colors: Reset random color generator
main	0	41344		Options: Show tooltips on media items and envelopes
main	0	41345		Help: Show mouse editing help in the area beneath the track control panels
main	0	41346		Options: Show empty takes (align takes by recording pass)
main	0	41348		Item: Remove all empty takes
main	0	41349		Item: Remove the empty take before the active take
main	0	41350		Item: Remove the empty take after the active take
main	0	41351		Item: Add an empty take before the active take
main	0	41352		Item: Add an empty take after the active take
main	0	41353		Item: Rotate takes forward
main	0	41354		Item: Rotate takes backward
main	0	41355		Options: Allow selecting empty takes
main	0	41356		Options: Mouse modifier preferences...
main	0	41357		Send: Mute track send #1
main	0	41358		Send: Mute track send #2
main	0	41359		Send: Mute track send #3
main	0	41360		Send: Mute track send #4
main	0	41361		Send: Mute track send #5
main	0	41362		Send: Mute track send #6
main	0	41363		Send: Mute track send #7
main	0	41364		Send: Mute track send #8
main	0	41365		Send: Mute track receive #1
main	0	41366		Send: Mute track receive #2
main	0	41367		Send: Mute track receive #3
main	0	41368		Send: Mute track receive #4
main	0	41369		Send: Mute track receive #5
main	0	41370		Send: Mute track receive #6
main	0	41371		Send: Mute track receive #7
main	0	41372		Send: Mute track receive #8
main	0	41373		Comp takes: Save/rename active comp...
main	0	41374		Comp takes: Remove active comp from list
main	0	41375		Comp takes: Activate previous comp
main	0	41376		Comp takes: Activate next comp
main	0	41377		Comp takes: Toggle select last comp (A/B)
main	0	41378		Comp takes: Move active comp to top lane
main	0	41379		Comp takes: Crop list to active comp
main	0	41380		Item: Move active takes to top
main	0	41381		Item: Choose active take for item under mouse
main	0	41382		Comp takes: Choose active comp for item under mouse (and all other items in the comp)
main	0	41383		Edit: Copy items/tracks/envelope points (depending on focus) within time selection, if any (smart copy)
main	0	41384		Edit: Cut items/tracks/envelope points (depending on focus) within time selection, if any (smart cut)
main	0	41385		Item: Fit items to time selection, padding with silence if needed
main	0	41386		Item: Fit items to time selection, looping if needed
main	0	41388		Item properties: Set take channel mode to mono channel 03
main	0	41389		Item properties: Set take channel mode to mono channel 04
main	0	41390		Item properties: Set take channel mode to mono channel 05
main	0	41391		Item properties: Set take channel mode to mono channel 06
main	0	41392		Item properties: Set take channel mode to mono channel 07
main	0	41393		Item properties: Set take channel mode to mono channel 08
main	0	41394		Item properties: Set take channel mode to mono channel 09
main	0	41395		Item properties: Set take channel mode to mono channel 10
main	0	41396		Item properties: Set take channel mode to mono channel 11
main	0	41397		Item properties: Set take channel mode to mono channel 12
main	0	41398		Item properties: Set take channel mode to mono channel 13
main	0	41399		Item properties: Set take channel mode to mono channel 14
main	0	41400		Item properties: Set take channel mode to mono channel 15
main	0	41401		Item properties: Set take channel mode to mono channel 16
main	0	41402		Item properties: Set take channel mode to mono channel 17
main	0	41403		Item properties: Set take channel mode to mono channel 18
main	0	41404		Item properties: Set take channel mode to mono channel 19
main	0	41405		Item properties: Set take channel mode to mono channel 20
main	0	41406		Item properties: Set take channel mode to mono channel 21
main	0	41407		Item properties: Set take channel mode to mono channel 22
main	0	41408		Item properties: Set take channel mode to mono channel 23
main	0	41409		Item properties: Set take channel mode to mono channel 24
main	0	41410		Item properties: Set take channel mode to mono channel 25
main	0	41411		Item properties: Set take channel mode to mono channel 26
main	0	41412		Item properties: Set take channel mode to mono channel 27
main	0	41413		Item properties: Set take channel mode to mono channel 28
main	0	41414		Item properties: Set take channel mode to mono channel 29
main	0	41415		Item properties: Set take channel mode to mono channel 30
main	0	41416		Item properties: Set take channel mode to mono channel 31
main	0	41417		Item properties: Set take channel mode to mono channel 32
main	0	41418		Item properties: Set take channel mode to mono channel 33
main	0	41419		Item properties: Set take channel mode to mono channel 34
main	0	41420		Item properties: Set take channel mode to mono channel 35
main	0	41421		Item properties: Set take channel mode to mono channel 36
main	0	41422		Item properties: Set take channel mode to mono channel 37
main	0	41423		Item properties: Set take channel mode to mono channel 38
main	0	41424		Item properties: Set take channel mode to mono channel 39
main	0	41425		Item properties: Set take channel mode to mono channel 40
main	0	41426		Item properties: Set take channel mode to mono channel 41
main	0	41427		Item properties: Set take channel mode to mono channel 42
main	0	41428		Item properties: Set take channel mode to mono channel 43
main	0	41429		Item properties: Set take channel mode to mono channel 44
main	0	41430		Item properties: Set take channel mode to mono channel 45
main	0	41431		Item properties: Set take channel mode to mono channel 46
main	0	41432		Item properties: Set take channel mode to mono channel 47
main	0	41433		Item properties: Set take channel mode to mono channel 48
main	0	41434		Item properties: Set take channel mode to mono channel 49
main	0	41435		Item properties: Set take channel mode to mono channel 50
main	0	41436		Item properties: Set take channel mode to mono channel 51
main	0	41437		Item properties: Set take channel mode to mono channel 52
main	0	41438		Item properties: Set take channel mode to mono channel 53
main	0	41439		Item properties: Set take channel mode to mono channel 54
main	0	41440		Item properties: Set take channel mode to mono channel 55
main	0	41441		Item properties: Set take channel mode to mono channel 56
main	0	41442		Item properties: Set take channel mode to mono channel 57
main	0	41443		Item properties: Set take channel mode to mono channel 58
main	0	41444		Item properties: Set take channel mode to mono channel 59
main	0	41445		Item properties: Set take channel mode to mono channel 60
main	0	41446		Item properties: Set take channel mode to mono channel 61
main	0	41447		Item properties: Set take channel mode to mono channel 62
main	0	41448		Item properties: Set take channel mode to mono channel 63
main	0	41449		Item properties: Set take channel mode to mono channel 64
main	0	41450		Item properties: Set take channel mode to stereo channels 01/02
main	0	41451		Item properties: Set take channel mode to stereo channels 02/03
main	0	41452		Item properties: Set take channel mode to stereo channels 03/04
main	0	41453		Item properties: Set take channel mode to stereo channels 04/05
main	0	41454		Item properties: Set take channel mode to stereo channels 05/06
main	0	41455		Item properties: Set take channel mode to stereo channels 06/07
main	0	41456		Item properties: Set take channel mode to stereo channels 07/08
main	0	41457		Item properties: Set take channel mode to stereo channels 08/09
main	0	41458		Item properties: Set take channel mode to stereo channels 09/10
main	0	41459		Item properties: Set take channel mode to stereo channels 10/11
main	0	41460		Item properties: Set take channel mode to stereo channels 11/12
main	0	41461		Item properties: Set take channel mode to stereo channels 12/13
main	0	41462		Item properties: Set take channel mode to stereo channels 13/14
main	0	41463		Item properties: Set take channel mode to stereo channels 14/15
main	0	41464		Item properties: Set take channel mode to stereo channels 15/16
main	0	41465		Item properties: Set take channel mode to stereo channels 16/17
main	0	41466		Item properties: Set take channel mode to stereo channels 17/18
main	0	41467		Item properties: Set take channel mode to stereo channels 18/19
main	0	41468		Item properties: Set take channel mode to stereo channels 19/20
main	0	41469		Item properties: Set take channel mode to stereo channels 20/21
main	0	41470		Item properties: Set take channel mode to stereo channels 21/22
main	0	41471		Item properties: Set take channel mode to stereo channels 22/23
main	0	41472		Item properties: Set take channel mode to stereo channels 23/24
main	0	41473		Item properties: Set take channel mode to stereo channels 24/25
main	0	41474		Item properties: Set take channel mode to stereo channels 25/26
main	0	41475		Item properties: Set take channel mode to stereo channels 26/27
main	0	41476		Item properties: Set take channel mode to stereo channels 27/28
main	0	41477		Item properties: Set take channel mode to stereo channels 28/29
main	0	41478		Item properties: Set take channel mode to stereo channels 29/30
main	0	41479		Item properties: Set take channel mode to stereo channels 30/31
main	0	41480		Item properties: Set take channel mode to stereo channels 31/32
main	0	41481		Item properties: Set take channel mode to stereo channels 32/33
main	0	41482		Item properties: Set take channel mode to stereo channels 33/34
main	0	41483		Item properties: Set take channel mode to stereo channels 34/35
main	0	41484		Item properties: Set take channel mode to stereo channels 35/36
main	0	41485		Item properties: Set take channel mode to stereo channels 36/37
main	0	41486		Item properties: Set take channel mode to stereo channels 37/38
main	0	41487		Item properties: Set take channel mode to stereo channels 38/39
main	0	41488		Item properties: Set take channel mode to stereo channels 39/40
main	0	41489		Item properties: Set take channel mode to stereo channels 40/41
main	0	41490		Item properties: Set take channel mode to stereo channels 41/42
main	0	41491		Item properties: Set take channel mode to stereo channels 42/43
main	0	41492		Item properties: Set take channel mode to stereo channels 43/44
main	0	41493		Item properties: Set take channel mode to stereo channels 44/45
main	0	41494		Item properties: Set take channel mode to stereo channels 45/46
main	0	41495		Item properties: Set take channel mode to stereo channels 46/47
main	0	41496		Item properties: Set take channel mode to stereo channels 47/48
main	0	41497		Item properties: Set take channel mode to stereo channels 48/49
main	0	41498		Item properties: Set take channel mode to stereo channels 49/50
main	0	41499		Item properties: Set take channel mode to stereo channels 50/51
main	0	41500		Item properties: Set take channel mode to stereo channels 51/52
main	0	41501		Item properties: Set take channel mode to stereo channels 52/53
main	0	41502		Item properties: Set take channel mode to stereo channels 53/54
main	0	41503		Item properties: Set take channel mode to stereo channels 54/55
main	0	41504		Item properties: Set take channel mode to stereo channels 55/56
main	0	41505		Item properties: Set take channel mode to stereo channels 56/57
main	0	41506		Item properties: Set take channel mode to stereo channels 57/58
main	0	41507		Item properties: Set take channel mode to stereo channels 58/59
main	0	41508		Item properties: Set take channel mode to stereo channels 59/60
main	0	41509		Item properties: Set take channel mode to stereo channels 60/61
main	0	41510		Item properties: Set take channel mode to stereo channels 61/62
main	0	41511		Item properties: Set take channel mode to stereo channels 62/63
main	0	41512		Item properties: Set take channel mode to stereo channels 63/64
main	0	41513		Item: Explode REX item into beat slices
main	0	41514		Item: Set fade-in shape to type 1 (linear)
main	0	41515		Item: Set fade-in shape to type 2 (slight convex)
main	0	41516		Item: Set fade-in shape to type 3 (slight concave)
main	0	41517		Item: Set fade-in shape to type 4 (sharp convex)
main	0	41518		Item: Set fade-in shape to type 5 (sharp concave)
main	0	41519		Item: Set fade-in shape to type 6 (slight S-curve)
main	0	41520		Item: Cycle through fade-in shapes
main	0	41521		Item: Set fade-out shape to type 1 (linear)
main	0	41522		Item: Set fade-out shape to type 2 (slight convex)
main	0	41523		Item: Set fade-out shape to type 3 (slight concave)
main	0	41524		Item: Set fade-out shape to type 4 (sharp convex)
main	0	41525		Item: Set fade-out shape to type 5 (sharp concave)
main	0	41526		Item: Set fade-out shape to type 6 (slight S-curve)
main	0	41527		Item: Cycle through fade-out shapes
main	0	41528		Item: Set crossfade shape to type 1 (linear, equal gain)
main	0	41529		Item: Set crossfade shape to type 2 (slight convex, equal power)
main	0	41530		Item: Set crossfade shape to type 3 (slight concave)
main	0	41531		Item: Set crossfade shape to type 4 (sharp convex)
main	0	41532		Item: Set crossfade shape to type 5 (sharp concave)
main	0	41533		Item: Set crossfade shape to type 6 (slight S-curve)
main	0	41534		Item: Cycle through crossfade shapes
main	0	41535		Show startup splash screen
main	0	41536		Transient detection sensitivity: Increase
main	0	41537		Transient detection sensitivity: Decrease
main	0	41538		Track: Do not link track volume/pan controls to MIDI volume/pan
main	0	41539		Track: Link track volume/pan controls to MIDI volume/pan on channel 1
main	0	41540		Track: Link track volume/pan controls to MIDI volume/pan on channel 2
main	0	41541		Track: Link track volume/pan controls to MIDI volume/pan on channel 3
main	0	41542		Track: Link track volume/pan controls to MIDI volume/pan on channel 4
main	0	41543		Track: Link track volume/pan controls to MIDI volume/pan on channel 5
main	0	41544		Track: Link track volume/pan controls to MIDI volume/pan on channel 6
main	0	41545		Track: Link track volume/pan controls to MIDI volume/pan on channel 7
main	0	41546		Track: Link track volume/pan controls to MIDI volume/pan on channel 8
main	0	41547		Track: Link track volume/pan controls to MIDI volume/pan on channel 9
main	0	41548		Track: Link track volume/pan controls to MIDI volume/pan on channel 10
main	0	41549		Track: Link track volume/pan controls to MIDI volume/pan on channel 11
main	0	41550		Track: Link track volume/pan controls to MIDI volume/pan on channel 12
main	0	41551		Track: Link track volume/pan controls to MIDI volume/pan on channel 13
main	0	41552		Track: Link track volume/pan controls to MIDI volume/pan on channel 14
main	0	41553		Track: Link track volume/pan controls to MIDI volume/pan on channel 15
main	0	41554		Track: Link track volume/pan controls to MIDI volume/pan on channel 16
main	0	41555		Track: Link track volume/pan controls to MIDI volume/pan on all channels
main	0	41556		Track: Toggle link/unlink track volume/pan controls to MIDI volume/pan on all channels
main	0	41557		Item properties: Toggle solo
main	0	41558		Item properties: Solo exclusive
main	0	41559		Item properties: Solo
main	0	41560		Item properties: Unsolo
main	0	41561		Item properties: Toggle solo exclusive
main	0	41568		File: Export configuration...
main	0	41569		File: Import configuration...
main	0	41576		Options: Envelope point selection follows time selection
main	0	41583		Options: Toggle running FX when playback is stopped
main	0	41584		Track: Insert new 5.1 surround track, embed ReaSurroundPan in TCP
main	0	41585		Track: Insert new surround track, using selected tracks as source audio
main	0	41586		Project bay: Remove items from project
main	0	41588		Item: Glue items, expanding to time selection if any
main	0	41589		Item properties: Toggle show media item/take properties
main	0	41593		Track: Hide tracks in TCP and mixer
main	0	41594		Track: Make all tracks visible in TCP and mixer
main	0	41595		Envelope: Toggle select/unselect all points
main	0	41597		Set project tempo from time selection (detect tempo)
main	0	41598		Docker: Show in bottom of main window
main	0	41599		Docker: Show in left of main window
main	0	41600		Docker: Show in top of main window
main	0	41601		Docker: Show in right of main window
main	0	41603		Transport: Show transport docked below arrange
main	0	41604		Transport: Show transport docked above ruler
main	0	41605		Transport: Show transport docked to bottom of main window
main	0	41606		Transport: Show transport docked to top of main window
main	0	41608		Transport: Show transport in docker
main	0	41609		View: Toggle master mixer track in separate/docked window
main	0	41610		Mixer: Toggle master track in docked window
main	0	41611		Item: Select all other media items that share pooled MIDI source data with selected items
main	0	41612		Take: Toggle take pitch envelope
main	0	41613		Item: Remove active take from MIDI source data pool (unpool)
main	0	41622		View: Toggle zoom to selected items
main	0	41623		Open selected item source media in media explorer
main	0	41624		Docker: Activate next tab
main	0	41625		Docker: Activate previous tab
main	0	41628		View: Show project bay window 2
main	0	41629		View: Show project bay window 3
main	0	41630		View: Show project bay window 4
main	0	41631		View: Show project bay window 5
main	0	41632		View: Show project bay window 6
main	0	41633		View: Show project bay window 7
main	0	41634		View: Show project bay window 8
main	0	41636		Mixer: Toggle master track in separate window
main	0	41638		Item: Reorder adjacent items randomly
main	0	41639		Item: Set item ends to start of next item
main	0	41640		Toolbar: Open MIDI toolbar 1 at mouse cursor
main	0	41641		Toolbar: Open MIDI toolbar 2 at mouse cursor
main	0	41642		Toolbar: Open MIDI toolbar 3 at mouse cursor
main	0	41643		Toolbar: Open MIDI toolbar 4 at mouse cursor
main	0	41644		Track: Unfreeze tracks (restore previously saved items and FX)
main	0	41646		Toolbars: Switch to main toolbar
main	0	41647		Toolbars: Switch to toolbar 5
main	0	41648		Toolbars: Switch to toolbar 6
main	0	41649		Toolbars: Switch to toolbar 7
main	0	41650		Toolbars: Switch to toolbar 8
main	0	41651		Toolbar: Open/close main toolbar
main	0	41654		View: Show track freeze details
main	0	41655		Toolbar: Open toolbar 5 at mouse cursor
main	0	41656		Toolbar: Open toolbar 6 at mouse cursor
main	0	41657		Toolbar: Open toolbar 7 at mouse cursor
main	0	41658		Toolbar: Open toolbar 8 at mouse cursor
main	0	41659		Toolbars: Switch to MIDI toolbar 1
main	0	41660		Toolbars: Switch to MIDI toolbar 2
main	0	41661		Toolbars: Switch to MIDI toolbar 3
main	0	41662		Toolbars: Switch to MIDI toolbar 4
main	0	41664		Markers: Insert separate regions for each selected item
main	0	41665		Track: Show/hide children of selected folder tracks in mixer
main	0	41666		View: Move cursor left 8 pixels
main	0	41667		View: Move cursor right 8 pixels
main	0	41668		Take: Toggle sample edits active (only editable when zoomed in)
main	0	41676		Toolbar: Open/close MIDI piano roll toolbar
main	0	41679		Toolbar: Open/close toolbar 1
main	0	41680		Toolbar: Open/close toolbar 2
main	0	41681		Toolbar: Open/close toolbar 3
main	0	41682		Toolbar: Open/close toolbar 4
main	0	41683		Toolbar: Open/close toolbar 5
main	0	41684		Toolbar: Open/close toolbar 6
main	0	41685		Toolbar: Open/close toolbar 7
main	0	41686		Toolbar: Open/close toolbar 8
main	0	41687		Toolbar: Open/close MIDI toolbar 1
main	0	41688		Toolbar: Open/close MIDI toolbar 2
main	0	41689		Toolbar: Open/close MIDI toolbar 3
main	0	41690		Toolbar: Open/close MIDI toolbar 4
main	0	41691		Dockers: Compact when small and single tab
main	0	41696		Layout: Apply custom layout #01
main	0	41697		Layout: Apply custom layout #02
main	0	41698		Layout: Apply custom layout #03
main	0	41699		Layout: Apply custom layout #04
main	0	41700		Layout: Apply custom layout #05
main	0	41701		Layout: Apply custom layout #06
main	0	41702		Layout: Apply custom layout #07
main	0	41703		Layout: Apply custom layout #08
main	0	41704		Layout: Apply custom layout #09
main	0	41705		Layout: Apply custom layout #10
main	0	41706		Layout: Apply custom layout #11
main	0	41707		Layout: Apply custom layout #12
main	0	41708		Layout: Apply custom layout #13
main	0	41709		Layout: Apply custom layout #14
main	0	41710		Layout: Apply custom layout #15
main	0	41711		Layout: Apply custom layout #16
main	0	41712		Layout: Apply custom layout #17
main	0	41713		Layout: Apply custom layout #18
main	0	41714		Layout: Apply custom layout #19
main	0	41715		Layout: Apply custom layout #20
main	0	41716		Track: Render selected area of tracks to stereo post-fader stem tracks (and mute originals)
main	0	41717		Track: Render selected area of tracks to multichannel post-fader stem tracks (and mute originals)
main	0	41718		Track: Render selected area of tracks to mono post-fader stem tracks (and mute originals)
main	0	41719		Track: Render selected area of tracks to stereo stem tracks (and mute originals)
main	0	41720		Track: Render selected area of tracks to multichannel stem tracks (and mute originals)
main	0	41721		Track: Render selected area of tracks to mono stem tracks (and mute originals)
main	0	41722		Offset track template items by edit cursor
main	0	41726		Track: Toggle full multichannel metering
main	0	41727		Track: Set track record mode to MIDI latch-replace
main	0	41728		Edit: Delete trailing notes of less than 1/8 note in length in selected MIDI items
main	0	41729		Edit: Delete trailing notes of less than 1/16 note in length in selected MIDI items
main	0	41730		Edit: Delete trailing notes of less than 1/32 note in length in selected MIDI items
main	0	41731		Edit: Delete trailing notes of less than 1/64 note in length in selected MIDI items
main	0	41732		Edit: Delete trailing notes of less than 1/128 note in length in selected MIDI items
main	0	41733		Edit: Delete trailing notes of less than 1/256 note in length in selected MIDI items
main	0	41734		Edit: Delete notes of less than 1/8 note in length in selected MIDI items
main	0	41735		Edit: Delete notes of less than 1/16 note in length in selected MIDI items
main	0	41736		Edit: Delete notes of less than 1/32 note in length in selected MIDI items
main	0	41737		Edit: Delete notes of less than 1/64 note in length in selected MIDI items
main	0	41738		Edit: Delete notes of less than 1/128 note in length in selected MIDI items
main	0	41739		Edit: Delete notes of less than 1/256 note in length in selected MIDI items
main	0	41743		Control surface: Refresh all surfaces
main	0	41744		Track: Toggle track metering
main	0	41745		Options: Enable metronome
main	0	41746		Options: Disable metronome
main	0	41747		Item: Collapse empty take
main	0	41748		Item: Insert time on tracks and paste items
main	0	41749		Track: Open/close UI for FX #1 on last touched track
main	0	41750		Track: Open/close UI for FX #2 on last touched track
main	0	41751		Track: Open/close UI for FX #3 on last touched track
main	0	41752		Track: Open/close UI for FX #4 on last touched track
main	0	41753		Track: Open/close UI for FX #5 on last touched track
main	0	41754		Track: Open/close UI for FX #6 on last touched track
main	0	41755		Track: Open/close UI for FX #7 on last touched track
main	0	41756		Track: Open/close UI for FX #8 on last touched track
main	0	41757		Track: Insert/show ReaEQ (track EQ)
main	0	41758		Markers/Regions: Export markers/regions to file
main	0	41759		Markers/Regions: Import markers/regions from file (replace existing)
main	0	41760		Markers/Regions: Import markers/regions from file (merge with existing)
main	0	41761		Regions: Go to region 01 after current region finishes playing (smooth seek)
main	0	41762		Regions: Go to region 02 after current region finishes playing (smooth seek)
main	0	41763		Regions: Go to region 03 after current region finishes playing (smooth seek)
main	0	41764		Regions: Go to region 04 after current region finishes playing (smooth seek)
main	0	41765		Regions: Go to region 05 after current region finishes playing (smooth seek)
main	0	41766		Regions: Go to region 06 after current region finishes playing (smooth seek)
main	0	41767		Regions: Go to region 07 after current region finishes playing (smooth seek)
main	0	41768		Regions: Go to region 08 after current region finishes playing (smooth seek)
main	0	41769		Regions: Go to region 09 after current region finishes playing (smooth seek)
main	0	41770		Regions: Go to region 10 after current region finishes playing (smooth seek)
main	0	41771		Regions: Go to region 11 after current region finishes playing (smooth seek)
main	0	41772		Regions: Go to region 12 after current region finishes playing (smooth seek)
main	0	41773		Regions: Go to region 13 after current region finishes playing (smooth seek)
main	0	41774		Regions: Go to region 14 after current region finishes playing (smooth seek)
main	0	41775		Regions: Go to region 15 after current region finishes playing (smooth seek)
main	0	41776		Regions: Go to region 16 after current region finishes playing (smooth seek)
main	0	41777		Regions: Go to region 17 after current region finishes playing (smooth seek)
main	0	41778		Regions: Go to region 18 after current region finishes playing (smooth seek)
main	0	41779		Regions: Go to region 19 after current region finishes playing (smooth seek)
main	0	41780		Regions: Go to region 20 after current region finishes playing (smooth seek)
main	0	41781		Regions: Go to region 21 after current region finishes playing (smooth seek)
main	0	41782		Regions: Go to region 22 after current region finishes playing (smooth seek)
main	0	41783		Regions: Go to region 23 after current region finishes playing (smooth seek)
main	0	41784		Regions: Go to region 24 after current region finishes playing (smooth seek)
main	0	41785		Regions: Go to region 25 after current region finishes playing (smooth seek)
main	0	41786		Regions: Go to region 26 after current region finishes playing (smooth seek)
main	0	41787		Regions: Go to region 27 after current region finishes playing (smooth seek)
main	0	41788		Regions: Go to region 28 after current region finishes playing (smooth seek)
main	0	41789		Regions: Go to region 29 after current region finishes playing (smooth seek)
main	0	41790		Regions: Go to region 30 after current region finishes playing (smooth seek)
main	0	41791		Regions: Go to region 31 after current region finishes playing (smooth seek)
main	0	41792		Regions: Go to region 32 after current region finishes playing (smooth seek)
main	0	41793		Regions: Go to region 33 after current region finishes playing (smooth seek)
main	0	41794		Regions: Go to region 34 after current region finishes playing (smooth seek)
main	0	41795		Regions: Go to region 35 after current region finishes playing (smooth seek)
main	0	41796		Regions: Go to region 36 after current region finishes playing (smooth seek)
main	0	41797		Regions: Go to region 37 after current region finishes playing (smooth seek)
main	0	41798		Regions: Go to region 38 after current region finishes playing (smooth seek)
main	0	41799		Regions: Go to region 39 after current region finishes playing (smooth seek)
main	0	41800		Regions: Go to region 40 after current region finishes playing (smooth seek)
main	0	41801		Regions: Go to previous region after current region finishes playing (smooth seek)
main	0	41802		Regions: Go to next region after current region finishes playing (smooth seek)
main	0	41803		Track: Select all top level tracks
main	0	41804		Tempo envelope: Set display range to current project min/max bpm
main	0	41805		Adjust entire tempo envelope...
main	0	41806		Tempo envelope: Increase all tempo markers 0.001 BPM
main	0	41807		Tempo envelope: Decrease all tempo markers 0.001 BPM
main	0	41808		Tempo envelope: Increase all tempo markers 01%
main	0	41809		Tempo envelope: Decrease all tempo markers 01%
main	0	41810		Tempo envelope: Increase all tempo markers 0.1%
main	0	41811		Tempo envelope: Decrease all tempo markers 0.1%
main	0	41812		Tempo envelope: Increase all tempo markers 0.01%
main	0	41813		Tempo envelope: Decrease all tempo markers 0.01%
main	0	41814		Tempo envelope: Increase all tempo markers 0.001%
main	0	41815		Tempo envelope: Decrease all tempo markers 0.001%
main	0	41816		Item: Open associated project in new tab
main	0	41817		View: Continuous scrolling during playback
main	0	41818		Pre-roll: Toggle pre-roll on play
main	0	41819		Pre-roll: Toggle pre-roll on record
main	0	41820		Move edit cursor to previous tempo or time signature change
main	0	41821		Move edit cursor to next tempo or time signature change
main	0	41823		File: Add project to render queue, using the most recent render settings
main	0	41824		File: Render project, using the most recent render settings
main	0	41825		Track: Hide envelope, display next envelope on same track (cycle)
main	0	41827		Edit: Show crossfade editor window
main	0	41828		I/O dialog: Close window on enter key
main	0	41829		Mixer: Group FX parameters with their inserts
main	0	41834		Transport: Toggle stop playback at end of loop if repeat is disabled
main	0	41836		Item: Set fade-in shape to type 7 (sharp S-curve)
main	0	41837		Item: Set fade-out shape to type 7 (sharp S-curve)
main	0	41838		Item: Set crossfade shape to type 7 (sharp S-curve)
main	0	41839		Item: Split items at end of fade-in (unless crossfaded)
main	0	41840		Item: Split items at start of fade-out (unless crossfaded)
main	0	41842		Item: Add stretch marker at cursor
main	0	41843		Item: Add stretch markers at time selection
main	0	41844		Item: Remove all stretch markers
main	0	41845		Item: Remove all stretch markers in time selection
main	0	41846		Item: Snap stretch markers to grid
main	0	41847		Item: Snap stretch markers in time selection to grid
main	0	41848		Item: Add stretch marker at mouse position
main	0	41849		Locking: Set take envelope locking mode
main	0	41850		Locking: Clear take envelope locking mode
main	0	41851		Locking: Toggle take envelope locking mode
main	0	41852		Locking: Set item stretch marker locking mode
main	0	41853		Locking: Clear item stretch marker locking mode
main	0	41854		Locking: Toggle item stretch marker locking mode
main	0	41855		File: Render project, using the most recent render settings, with a new target file name...
main	0	41856		Project bay: Insert items into project
main	0	41857		Item: Force tonal-optimized mode for stretch markers
main	0	41858		Item: Set item name from active take filename
main	0	41859		Item: Remove stretch marker at current position
main	0	41860		Item: Go to next stretch marker
main	0	41861		Item: Go to previous stretch marker
main	0	41862		Item: Go to nearest stretch marker
main	0	41863		Track: Select previous envelope
main	0	41864		Track: Select next envelope
main	0	41865		Track: Select pre-FX volume envelope
main	0	41866		Track: Select volume envelope
main	0	41867		Track: Select pre-FX pan envelope
main	0	41868		Track: Select pan envelope
main	0	41869		Track: Select pre-FX width envelope
main	0	41870		Track: Select width envelope
main	0	41871		Track: Select mute envelope
main	0	41872		Track: Select FX envelope 01
main	0	41873		Track: Select FX envelope 02
main	0	41874		Track: Select FX envelope 03
main	0	41875		Track: Select FX envelope 04
main	0	41876		Track: Select FX envelope 05
main	0	41877		Track: Select FX envelope 06
main	0	41878		Track: Select FX envelope 07
main	0	41879		Track: Select FX envelope 08
main	0	41880		Track: Select FX envelope 09
main	0	41881		Track: Select FX envelope 10
main	0	41882		View: Show monitoring FX chain
main	0	41883		Project tabs: Show project tabs on left side of window
main	0	41884		Monitoring FX: Toggle bypass
main	0	41885		Grid: Toggle framerate grid
main	0	41887		Item: Close item inline editors
main	0	41888		View: Show region render matrix window
main	0	41890		Region render matrix: Render master mix for all regions
main	0	41891		Region render matrix: Render all tracks for all regions
main	0	41892		Region render matrix: Render only selected tracks for all regions
main	0	41893		Region render matrix: Add selected tracks to render list for all regions
main	0	41895		File: Save new version of project (automatically increment project name)
main	0	41896		Markers: Set region near cursor to default color
main	0	41897		Markers: Set marker near cursor to default color
main	0	41898		ReaScript: Close all running ReaScripts
main	0	41916		View: Time unit for ruler: Measures.Beats (minimal)
main	0	41918		View: Time unit for ruler: Measures.Beats (minimal) / minutes:Seconds
main	0	41919		Track: Toggle preserve PDC delayed monitoring in recorded items
main	0	41920		Track: Unset preserve PDC delayed monitoring in recorded items
main	0	41921		Track: Set preserve PDC delayed monitoring in recorded items
main	0	41922		Close all projects but current
main	0	41923		Item: Reset items volume to +0dB
main	0	41924		Item: Nudge items volume -1dB
main	0	41925		Item: Nudge items volume +1dB
main	0	41926		Take: Nudge active takes volume -1dB
main	0	41927		Take: Nudge active takes volume +1dB
main	0	41928		ReaScript: Run/edit ReaScript (EEL2 or Lua)...
main	0	41929		New project tab, ignore default template
main	0	41930		Theme development: Show theme tweak/configuration window
main	0	41931		ReaScript: Run/edit last ReaScript (EEL2 or Lua)
main	0	41932		Insert dedicated video processor item
main	0	41935		ReaScript: Edit new ReaScript (EEL2 or Lua)...
main	0	41936		Toolbar: Open/close toolbar 9
main	0	41937		Toolbar: Open/close toolbar 10
main	0	41938		Toolbar: Open/close toolbar 11
main	0	41939		Toolbar: Open/close toolbar 12
main	0	41940		Toolbar: Open/close toolbar 13
main	0	41941		Toolbar: Open/close toolbar 14
main	0	41942		Toolbar: Open/close toolbar 15
main	0	41943		Toolbar: Open/close toolbar 16
main	0	41944		Toolbar: Open/close MIDI toolbar 5
main	0	41945		Toolbar: Open/close MIDI toolbar 6
main	0	41946		Toolbar: Open/close MIDI toolbar 7
main	0	41947		Toolbar: Open/close MIDI toolbar 8
main	0	41948		Toolbars: Switch to toolbar 9
main	0	41949		Toolbars: Switch to toolbar 10
main	0	41950		Toolbars: Switch to toolbar 11
main	0	41951		Toolbars: Switch to toolbar 12
main	0	41952		Toolbars: Switch to toolbar 13
main	0	41953		Toolbars: Switch to toolbar 14
main	0	41954		Toolbars: Switch to toolbar 15
main	0	41955		Toolbars: Switch to toolbar 16
main	0	41956		Toolbars: Switch to MIDI toolbar 5
main	0	41957		Toolbars: Switch to MIDI toolbar 6
main	0	41958		Toolbars: Switch to MIDI toolbar 7
main	0	41959		Toolbars: Switch to MIDI toolbar 8
main	0	41960		Toolbar: Open toolbar 9 at mouse cursor
main	0	41961		Toolbar: Open toolbar 10 at mouse cursor
main	0	41962		Toolbar: Open toolbar 11 at mouse cursor
main	0	41963		Toolbar: Open toolbar 12 at mouse cursor
main	0	41964		Toolbar: Open toolbar 13 at mouse cursor
main	0	41965		Toolbar: Open toolbar 14 at mouse cursor
main	0	41966		Toolbar: Open toolbar 15 at mouse cursor
main	0	41967		Toolbar: Open toolbar 16 at mouse cursor
main	0	41968		Toolbar: Open MIDI toolbar 5 at mouse cursor
main	0	41969		Toolbar: Open MIDI toolbar 6 at mouse cursor
main	0	41970		Toolbar: Open MIDI toolbar 7 at mouse cursor
main	0	41971		Toolbar: Open MIDI toolbar 8 at mouse cursor
main	0	41972		Transport: Time unit: Absolute frames
main	0	41973		View: Time unit for ruler: Absolute frames
main	0	41974		Take: View take envelopes for last touched/first selected item
main	0	41975		Track: View envelopes for current/last touched track at mouse cursor
main	0	41976		Take: Propagate to similarly-named active takes on track
main	0	41977		Item: Propagate to similarly-named items on track
main	0	41978		Take: Propagate to all similarly-named active takes
main	0	41979		Item: Propagate to all similarly-named items
main	0	41981		Envelope: Apply all VCAs to selected tracks and remove from VCA groups
main	0	41982		Envelope: Apply all VCAs from selected tracks to grouped tracks and reset volume/pan/mute
main	0	41983		FX: Activate/bypass track/take envelope for last touched FX parameter
main	0	41984		FX: Arm track/take envelope for last touched FX parameter
main	0	41987		Envelope: Add/edit envelope point value at cursor
main	0	41988		Item: Edit stretch marker at cursor
main	0	41989		Item: Reset stretch marker at current position
main	0	41990		Toggle ripple editing per-track
main	0	41991		Toggle ripple editing all tracks
main	0	41992		Options: Chase MIDI note-on/CC/PC/pitch in project playback
main	0	41993		Item: Apply track/take FX to items (multichannel output)
main	0	41994		Project tabs: Synchronize any parent projects when playing back subproject
main	0	41995		Move edit cursor to nearest zero crossing in items
main	0	41996		Item: Move items to subproject (non-destructive glue)
main	0	41997		Track: Move tracks to subproject
main	0	41998		Project tabs: Defer rendering of subprojects (render on tab switch rather than save)
main	0	41999		Item: Render items to new take
main	0	42000		Grid: Set to 1/3 (1/2 triplet)
main	0	42001		Grid: Set to 1/18
main	0	42002		Grid: Set to 1/10 (1/8 quintuplet)
main	0	42003		Grid: Set to 1/9
main	0	42004		Grid: Set to 1/7 (1/4 septuplet)
main	0	42005		Grid: Set to 1/5 (1/4 quintuplet)
main	0	42006		Grid: Set to 3
main	0	42007		Grid: Set to 2/3 (whole note triplet)
main	0	42008		Item: Glue items, ignoring time selection (auto-increase channel count with take FX)
main	0	42009		Item: Glue items, expanding to time selection if any (auto-increase channel count with take FX)
main	0	42010		Grid: Use the same grid division in arrange view and MIDI editor
main	0	42011		Options: Ripple edit all affects tempo map
main	0	42012		Project tabs: Leave subproject open in tab after automatic open and render
main	0	42013		Automation: Write current values for actively-writing envelopes to time selection
main	0	42014		Automation: Write current values for actively-writing envelopes from cursor to start of project
main	0	42015		Automation: Write current values for actively-writing envelopes from cursor to end of project
main	0	42016		Automation: Write current values for actively-writing envelopes from cursor to first touch position
main	0	42017		Automation: Write current values for actively-writing envelopes to entire envelope
main	0	42018		Track: Apply trim envelope to volume envelope, clear trim envelope
main	0	42019		Track: Apply volume envelope to trim envelope, clear volume envelope
main	0	42020		Track: Toggle track trim envelope visible
main	0	42021		Track: Swap volume envelope and trim envelope
main	0	42022		Global automation override: All automation in latch preview mode
main	0	42023		Automation: Set track automation mode to latch preview
main	0	42024		Automation: Set all tracks automation mode to latch preview
main	0	42025		Automation: Clear all track envelope latches
main	0	42026		Automation: Clear track envelope latches
main	0	42027		Clear transient guides
main	0	42028		Calculate transient guides
main	0	42029		Calculate transient guides for visible areas in items
main	0	42030		Options: Add edge points when moving multiple envelope points
main	0	42031		View: Show track wiring diagram
main	0	42032		Set project recording pass counter... ($recpass wildcard)
main	0	42033		Track: Toggle MIDI input quantize for selected tracks
main	0	42034		Track: Toggle MIDI input quantize for all tracks
main	0	42035		Track: Toggle MIDI input quantize for last touched track
main	0	42036		Track: Set MIDI input quantize to 1/64 for selected tracks
main	0	42037		Track: Set MIDI input quantize to 1/32 for selected tracks
main	0	42038		Track: Set MIDI input quantize to 1/16 triplet for selected tracks
main	0	42039		Track: Set MIDI input quantize to 1/16 for selected tracks
main	0	42040		Track: Set MIDI input quantize to 1/8 triplet for selected tracks
main	0	42041		Track: Set MIDI input quantize to 1/8 for selected tracks
main	0	42042		Track: Set MIDI input quantize to 1/4 triplet for selected tracks
main	0	42043		Track: Set MIDI input quantize to 1/4 for selected tracks
main	0	42044		Track: Set MIDI input quantize to 1/64 for all tracks
main	0	42045		Track: Set MIDI input quantize to 1/32 for all tracks
main	0	42046		Track: Set MIDI input quantize to 1/16 triplet for all tracks
main	0	42047		Track: Set MIDI input quantize to 1/16 for all tracks
main	0	42048		Track: Set MIDI input quantize to 1/8 triplet for all tracks
main	0	42049		Track: Set MIDI input quantize to 1/8 for all tracks
main	0	42050		Track: Set MIDI input quantize to 1/4 triplet for all tracks
main	0	42051		Track: Set MIDI input quantize to 1/4 for all tracks
main	0	42052		Track: Set MIDI input quantize to 1/64 for last touched track
main	0	42053		Track: Set MIDI input quantize to 1/32 for last touched track
main	0	42054		Track: Set MIDI input quantize to 1/16 triplet for last touched track
main	0	42055		Track: Set MIDI input quantize to 1/16 for last touched track
main	0	42056		Track: Set MIDI input quantize to 1/8 triplet for last touched track
main	0	42057		Track: Set MIDI input quantize to 1/8 for last touched track
main	0	42058		Track: Set MIDI input quantize to 1/4 triplet for last touched track
main	0	42059		Track: Set MIDI input quantize to 1/4 for last touched track
main	0	42060		Track: Set MIDI input quantize to grid for selected tracks
main	0	42061		Track: Set MIDI input quantize to grid for all tracks
main	0	42062		Track: Set MIDI input quantize to grid for last touched track
main	0	42063		Track: Enable MIDI input quantize for selected tracks
main	0	42064		Track: Disable MIDI input quantize for selected tracks
main	0	42065		Track: Enable MIDI input quantize for all tracks
main	0	42066		Track: Disable MIDI input quantize for all tracks
main	0	42067		Track: Enable MIDI input quantize for last touched track
main	0	42068		Track: Disable MIDI input quantize for last touched track
main	0	42069		Insert or extend MIDI items to fill time selection
main	0	42070		Import track lyrics...
main	0	42071		Export track lyrics...
main	0	42072		Project tabs: Force project tabs visible when monitoring FX in use
main	0	42073		Peaks: Toggle spectral peaks
main	0	42074		View: Show peaks display settings
main	0	42075		Track: Prevent spectral peaks/spectrogram
main	0	42076		Options: Pre-fader track metering
main	0	42077		Peaks: Load spectral peaks preset 1
main	0	42078		Peaks: Load spectral peaks preset 2
main	0	42079		Peaks: Load spectral peaks preset 3
main	0	42080		Peaks: Load spectral peaks preset 4
main	0	42081		Peaks: Load spectral peaks preset 5
main	0	42082		Envelope: Insert automation item
main	0	42083		Envelope: Duplicate automation items
main	0	42084		Envelope: Remove automation items from pool (unpool)
main	0	42085		Envelope: Duplicate and pool automation items
main	0	42086		Envelope: Delete automation items
main	0	42087		Envelope: Split automation items
main	0	42088		Envelope: Delete automation items, preserve points
main	0	42089		Envelope: Glue automation items
main	0	42090		Envelope: Automation item properties...
main	0	42091		Envelope: Rename automation item...
main	0	42092		Envelope: Save automation item...
main	0	42093		Envelope: Load automation item...
main	0	42194		Options: Automation item baseline/amplitude edits affect pooled copies
main	0	42195		Options: Loop new automation items by default
main	0	42196		Envelope: Toggle automation item loop
main	0	42197		Envelope: Set time selection to automation item
main	0	42198		Envelope: Set loop points to automation item
main	0	42199		Envelope: Reduce number of points by half
main	0	42200		Envelope: Reverse points
main	0	42201		Envelope: Reduce number of points by half within time selection
main	0	42202		Options: Prevent mouse edits of single envelope points from moving past other envelope points
main	0	42203		Options: Automation items do not connect to the underlying envelope
main	0	42204		Options: Automation items connect to the underlying envelope on the right side
main	0	42205		Options: Automation items connect to the underlying envelope on both sides
main	0	42206		Options: Trim content behind automation items when editing or writing automation
main	0	42207		Envelope: Convert all project automation to automation items
main	0	42208		Envelope: Reduce number of selected points by half
main	0	42209		Envelope: Add edge points to automation item
main	0	42211		Envelope: Mute automation items
main	0	42212		Options: Always record to automation items
main	0	42213		Options: Bypass underlying envelopes outside of automation items
main	0	42215		Envelope: Obey project default setting to bypass underlying envelope outside of automation items
main	0	42218		Options: Limit media item edge edits to source media content for unlooped media items
main	0	42220		Options: Automatically insert automation item when activating envelope that is bypassed outside of automation items and not displayed in envelope lane
main	0	42221		Envelope: Automation items do not connect to the underlying envelope
main	0	42222		Envelope: Automation items connect to the underlying envelope on the right side
main	0	42223		Envelope: Automation items connect to the underlying envelope on both sides
main	0	42224		Envelope: Bypass underlying envelope outside of automation items
main	0	42225		Track: Set track record output mode to post-fader
main	0	42226		Track: Set track record output mode to pre-FX
main	0	42227		Track: Set track record output mode to post-FX, pre-fader
main	0	42228		Item: Set item start/end to source media start/end
main	0	42229		Item: Set item start to source media start
main	0	42230		File: Render project, using the most recent render settings, auto-close render dialog
main	0	42232		Track: Bypass media playback offset
main	0	42233		Track: Apply media playback offset to receive source tracks
main	0	42234		Options: Show theme adjuster
main	0	42235		Track: View routing and I/O for master track
main	0	42237		Group: Select all tracks in group 33
main	0	42238		Group: Select all tracks in group 34
main	0	42239		Group: Select all tracks in group 35
main	0	42240		Group: Select all tracks in group 36
main	0	42241		Group: Select all tracks in group 37
main	0	42242		Group: Select all tracks in group 38
main	0	42243		Group: Select all tracks in group 39
main	0	42244		Group: Select all tracks in group 40
main	0	42245		Group: Select all tracks in group 41
main	0	42246		Group: Select all tracks in group 42
main	0	42247		Group: Select all tracks in group 43
main	0	42248		Group: Select all tracks in group 44
main	0	42249		Group: Select all tracks in group 45
main	0	42250		Group: Select all tracks in group 46
main	0	42251		Group: Select all tracks in group 47
main	0	42252		Group: Select all tracks in group 48
main	0	42253		Group: Select all tracks in group 49
main	0	42254		Group: Select all tracks in group 50
main	0	42255		Group: Select all tracks in group 51
main	0	42256		Group: Select all tracks in group 52
main	0	42257		Group: Select all tracks in group 53
main	0	42258		Group: Select all tracks in group 54
main	0	42259		Group: Select all tracks in group 55
main	0	42260		Group: Select all tracks in group 56
main	0	42261		Group: Select all tracks in group 57
main	0	42262		Group: Select all tracks in group 58
main	0	42263		Group: Select all tracks in group 59
main	0	42264		Group: Select all tracks in group 60
main	0	42265		Group: Select all tracks in group 61
main	0	42266		Group: Select all tracks in group 62
main	0	42267		Group: Select all tracks in group 63
main	0	42268		Group: Select all tracks in group 64
main	0	42291		Track templates: Insert at end of project
main	0	42294		Peaks: Toggle spectrogram
main	0	42295		Peaks: Toggle normal peaks + spectrogram
main	0	42296		Peaks: Load spectrogram preset 1
main	0	42297		Peaks: Load spectrogram preset 2
main	0	42298		Peaks: Load spectrogram preset 3
main	0	42299		Peaks: Load spectrogram preset 4
main	0	42300		Peaks: Load spectrogram preset 5
main	0	42301		Peaks: Show normal peaks
main	0	42302		Spectrogram: Add spectral edit to item
main	0	42303		Spectrogram: Toggle always show spectrogram for selected items
main	0	42304		Grid: Toggle swing grid
main	0	42305		Transport: Flash transport yellow on possible audio device underrun
main	0	42306		Peaks: Scale peaks by square root (half of range is 12dB rather than 6dB)
main	0	42307		Peaks: Rectify peaks
main	0	42312		Item properties: Display item time ruler
main	0	42313		Item properties: Display item source time ruler
main	0	42314		Item properties: Display item time ruler in H:M:S:F format
main	0	42315		Item properties: Display item beats ruler (constant time signature)
main	0	42317		File: Save live output to disk (bounce), using the most recent bounce settings
main	0	42320		Ruler: Set to default height
main	0	42321		Ruler: Set to minimum height
main	0	42322		Ruler: Set to maximum height
main	0	42323		Ruler: Show/collapse all ruler lanes
main	0	42324		Region/Marker manager: Show regions/markers in visible lanes only
main	0	42325		Ruler: Display tempo and time signature changes in separate lanes (when size permits)
main	0	42326		Ruler: Display tempo changes
main	0	42327		Ruler: Display time signature changes
main	0	42328		Ruler: Display region and marker lines in arrange view
main	0	42329		Ruler: Display time signature lines in arrange view
main	0	42330		Tempo envelope: Insert tempo marker at edit cursor, without opening tempo edit dialog
main	0	42331		Grid: Divide arrange view vertically by measures
main	0	42332		File: Save project and render RPP-PROX
main	0	42333		Project tabs: Do not automatically render subprojects (require manual render)
main	0	42334		Project tabs: Prompt before automatic rerender of background subprojects
main	0	42335		FX: Show last focused FX embedded UI in TCP
main	0	42336		Track: Lock/unlock track height
main	0	42337		Item: Force transient-optimized mode for stretch markers
main	0	42338		Item: Force balanced mode for stretch markers
main	0	42339		Item: Force no pre-echo reduction mode for stretch markers
main	0	42340		FX: Show all FX embedded UI in TCP (selected tracks)
main	0	42341		FX: Hide all FX embedded UI in TCP (selected tracks)
main	0	42342		FX: Show next single FX embedded UI in TCP (selected tracks)
main	0	42343		FX: Show previous single FX embedded UI in TCP (selected tracks)
main	0	42344		Options: Chase non-FX envelopes to automation items when underlying envelope is bypassed
main	0	42345		Envelope: Chase non-FX envelope to automation items when underlying envelope is bypassed
main	0	42346		File: Save copy of project (automatically increment project name)
main	0	42347		File: Save copy of project as (prompt with incremented project name)...
main	0	42348		Reset all MIDI control surface devices
main	0	42349		Take: Cycle items to next take
main	0	42350		Take: Cycle items to previous take
main	0	42353		Items: Set all take FX offline for selected media items
main	0	42354		Items: Set all take FX online for selected media items
main	0	42355		Item properties: Item ruler settings...
main	0	42356		Item: Toggle force media offline
main	0	42357		Item: Toggle force inactive take media offline
main	0	42358		Item properties: Display item source time ruler in H:M:S:F format
main	0	42359		Item properties: Display item beats ruler (minimal, constant time signature)
main	0	42360		View: Secondary time unit for ruler: None
main	0	42361		View: Secondary time unit for ruler: Minutes:Seconds
main	0	42362		View: Secondary time unit for ruler: Seconds
main	0	42363		View: Secondary time unit for ruler: Samples
main	0	42364		View: Secondary time unit for ruler: Hours:Minutes:Seconds:Frames
main	0	42365		View: Secondary time unit for ruler: Absolute frames
main	0	42366		Transport: Secondary time unit: None
main	0	42367		Transport: Secondary time unit: Minutes:Seconds
main	0	42368		Transport: Secondary time unit: Seconds
main	0	42369		Transport: Secondary time unit: Samples
main	0	42370		Transport: Secondary time unit: Hours:Minutes:Seconds:Frames
main	0	42371		Transport: Secondary time unit: Absolute frames
main	0	42372		FX: Show last focused FX embedded UI in MCP
main	0	42373		View: Show TCP on right side of arrange
main	0	42374		Item properties: Set item rate from user-supplied source media tempo/bpm...
main	0	42375		Item properties: Set item timebase to beats (auto-stretch at tempo changes)
main	0	42376		Media item: Clear and recalculate auto-stretch at project tempo changes
main	0	42377		Media item: Add stretch markers at project tempo changes
main	0	42378		MIDI: Clear retroactive MIDI history
main	0	42380		Item: Convert embedded source transient information to transient guides
main	0	42381		Envelopes: Move selected points up a tiny bit
main	0	42382		Envelopes: Move selected points down a tiny bit
main	0	42383		Automation lane: Increase active fader a tiny bit
main	0	42384		Automation lane: Decrease active fader a tiny bit
main	0	42385		Item: Add/edit take marker at play position or edit cursor
main	0	42386		Item: Delete take marker at cursor
main	0	42387		Item: Delete all take markers
main	0	42388		Item: Add/edit take marker at mouse position
main	0	42389		Item: Delete take marker at mouse position
main	0	42390		Item: Quick add take marker at play position or edit cursor
main	0	42391		Item: Quick add take marker at mouse position
main	0	42392		Options: Show theme color controls
main	0	42393		Item: Set cursor to previous take marker in selected items
main	0	42394		Item: Set cursor to next take marker in selected items
main	0	42395		Clear tempo envelope
main	0	42397		File: Show project render metadata window
main	0	42398		Item: Paste items/tracks
main	0	42399		Razor edit: Move areas forwards without contents
main	0	42400		Razor edit: Move areas backwards without contents
main	0	42401		Mouse modifiers: Swap arrange view right-drag modifiers for marquee item selection and select razor edit area
main	0	42402		Razor edit: Move areas up without contents
main	0	42403		Razor edit: Move areas down without contents
main	0	42404		Toolbar: Open/close media explorer toolbar
main	0	42405		Toolbars: Switch to media explorer toolbar
main	0	42406		Razor edit: Clear all areas
main	0	42407		Create measure from time selection (detect tempo, try to create single measure)
main	0	42409		Razor edit: Enclose media items, including space between items
main	0	42411		Open selected item source media in explorer/finder
main	0	42412		Razor edit: Create area from cursor to mouse
main	0	42413		Track: 2nd pass render selected area of tracks to stereo post-fader stem tracks (and mute originals)
main	0	42414		Track: 2nd pass render selected area of tracks to multichannel post-fader stem tracks (and mute originals)
main	0	42415		Track: 2nd pass render selected area of tracks to mono post-fader stem tracks (and mute originals)
main	0	42416		Track: 2nd pass render selected area of tracks to stereo stem tracks (and mute originals)
main	0	42417		Track: 2nd pass render selected area of tracks to multichannel stem tracks (and mute originals)
main	0	42418		Track: 2nd pass render selected area of tracks to mono stem tracks (and mute originals)
main	0	42419		Item properties: Display item source time ruler, apply media source BWF start offset
main	0	42420		Item properties: Display item source time ruler in H:M:S:F format, apply media source BWF start offset
main	0	42421		Options: Always trim content behind razor edits (otherwise, follow media item editing preferences)
main	0	42422		Track: Insert new 7.1 surround track, embed ReaSurroundPan in TCP
main	0	42423		Track: Insert new 7.1.2 surround track, embed ReaSurroundPan in TCP
main	0	42424		Track: Insert new 7.1.4 surround track, embed ReaSurroundPan in TCP
main	0	42425		Track: Insert/display ReaSurroundPan in TCP
main	0	42426		Track: Insert/display ReaSurroundPan in MCP
main	0	42429		Item properties: Open media item take channel mapper for selected items
main	0	42430		Track properties: Toggle fixed item lanes
main	0	42431		Track properties: Set fixed item lanes
main	0	42432		Item: Glue items within time selection
main	0	42433		Item: Glue items, including leading fade-in and trailing fade-out
main	0	42434		Item: Glue items (auto-increase channel count with take FX)
main	0	42435		Ruler: Display region number even if region is named
main	0	42436		Ruler: Display region number/name when region edge is not visible
main	0	42437		Calculate loudness of selected items, including take and track FX and settings, via dry run render
main	0	42438		Calculate loudness of selected tracks via dry run render
main	0	42439		Calculate loudness of selected tracks within time selection via dry run render
main	0	42440		Calculate loudness of master mix via dry run render
main	0	42441		Calculate loudness of master mix within time selection via dry run render
main	0	42442		Track: Set meters to stereo peaks
main	0	42443		Track: Set meters to combined RMS
main	0	42444		Track: Set meters to LUFS-M (momentary loudness)
main	0	42445		Track: Set meters to LUFS-S (short-term loudness, readout=max)
main	0	42446		Track: Set meters to stereo RMS
main	0	42447		Calculate mono loudness of selected tracks via dry run render
main	0	42448		Calculate mono loudness of selected tracks within time selection via dry run render
main	0	42449		Peaks: Reset peaks display zoom for project
main	0	42450		Track: Set meters to multichannel peaks
main	0	42451		Track: Set meters to LUFS-S (short-term loudness, readout=current)
main	0	42452		Track: LUFS measures first two channels only
main	0	42453		Track: Move all media items to new hidden child track
main	0	42454		Track: Move all media items from all hidden child tracks
main	0	42455		FX: Toggle delta solo for last focused FX
main	0	42456		Options: Set metronome speed to 1x
main	0	42457		Options: Set metronome speed to 2x
main	0	42458		Options: Set metronome speed to 4x
main	0	42459		Options: Razor edits in media item lane affect all track envelopes
main	0	42460		Item properties: Normalize items (peak/RMS/LUFS)...
main	0	42461		Item properties: Normalize items using most recent settings
main	0	42462		Item properties: Normalize items using most recent settings (reset to unity if already normalized)
main	0	42463		Item properties: Normalize items using most recent settings (force normalize as if one long item)
main	0	42464		Item properties: Normalize items using most recent settings (force normalize each item separately)
main	0	42465		MIDI: Reload track support data (bank/program files, notation, etc) for all MIDI items on selected tracks
main	0	42466		FX: Clear delta solo for all FX on selected tracks
main	0	42467		FX: Clear delta solo for all project FX
main	0	42468		Calculate loudness of selected items source media via dry run render
main	0	42469		Track lanes: Select items in lane under mouse
main	0	42471		Track lanes: Record into lane under mouse
main	0	42472		Track lanes: Rename lane under mouse
main	0	42473		Fixed lane comp area: Delete comp area but not media items
main	0	42474		Razor edit: Set loop points to razor edit area
main	0	42475		Razor edit: Create fixed lane comp area
main	0	42476		Item: Set snap offset for item under mouse to mouse position
main	0	42477		Options: Allow drag/drop media import to target the top part of a track to insert a new track to receive the media
main	0	42478		Track lanes: Play only lane under mouse
main	0	42479		Track lanes: Play all lanes for track under mouse
main	0	42480		Track lanes: Toggle playing lane under mouse
main	0	42481		Track lanes: Play only previous lane
main	0	42482		Track lanes: Play only next lane
main	0	42483		Track lanes: Play only previous lane for track under mouse
main	0	42484		Track lanes: Play only next lane for track under mouse
main	0	42486		Track lanes: Comp into new empty lane for track under mouse
main	0	42487		Track lanes: Comp into a new copy of lane under mouse for track under mouse
main	0	42490		Track lanes: Play no lanes for track under mouse
main	0	42491		Fixed lane comp area: Move comp area at mouse up
main	0	42492		Fixed lane comp area: Move comp area at mouse down
main	0	42493		Fixed lane comp area: Move comp area at mouse to lane under mouse
main	0	42495		Fixed lane comp area: Set loop points to comp area
main	0	42496		Fixed lane comp area: Delete comp area edge
main	0	42497		File: Open render statistics charts from most recent render in web browser
main	0	42498		Razor edit: Move nearest area edge to edit cursor
main	0	42499		Track lanes: Comp into lane under mouse for track under mouse
main	0	42500		Track lanes: Insert empty lane at top of track
main	0	42501		Track lanes: Delete lane at top of track (including media items)
main	0	42504		Fixed lane comp area: Set loop points to comp area at mouse
main	0	42505		Track lanes: Duplicate items from playing lanes to new lanes
main	0	42506		Track lanes: Turn off comping for track under mouse
main	0	42510		File: Open render statistics charts from most recent render in web browser (hide file paths)
main	0	42511		Group: Enable group 01
main	0	42512		Group: Enable group 02
main	0	42513		Group: Enable group 03
main	0	42514		Group: Enable group 04
main	0	42515		Group: Enable group 05
main	0	42516		Group: Enable group 06
main	0	42517		Group: Enable group 07
main	0	42518		Group: Enable group 08
main	0	42519		Group: Enable group 09
main	0	42520		Group: Enable group 10
main	0	42521		Group: Enable group 11
main	0	42522		Group: Enable group 12
main	0	42523		Group: Enable group 13
main	0	42524		Group: Enable group 14
main	0	42525		Group: Enable group 15
main	0	42526		Group: Enable group 16
main	0	42527		Group: Enable group 17
main	0	42528		Group: Enable group 18
main	0	42529		Group: Enable group 19
main	0	42530		Group: Enable group 20
main	0	42531		Group: Enable group 21
main	0	42532		Group: Enable group 22
main	0	42533		Group: Enable group 23
main	0	42534		Group: Enable group 24
main	0	42535		Group: Enable group 25
main	0	42536		Group: Enable group 26
main	0	42537		Group: Enable group 27
main	0	42538		Group: Enable group 28
main	0	42539		Group: Enable group 29
main	0	42540		Group: Enable group 30
main	0	42541		Group: Enable group 31
main	0	42542		Group: Enable group 32
main	0	42543		Group: Enable group 33
main	0	42544		Group: Enable group 34
main	0	42545		Group: Enable group 35
main	0	42546		Group: Enable group 36
main	0	42547		Group: Enable group 37
main	0	42548		Group: Enable group 38
main	0	42549		Group: Enable group 39
main	0	42550		Group: Enable group 40
main	0	42551		Group: Enable group 41
main	0	42552		Group: Enable group 42
main	0	42553		Group: Enable group 43
main	0	42554		Group: Enable group 44
main	0	42555		Group: Enable group 45
main	0	42556		Group: Enable group 46
main	0	42557		Group: Enable group 47
main	0	42558		Group: Enable group 48
main	0	42559		Group: Enable group 49
main	0	42560		Group: Enable group 50
main	0	42561		Group: Enable group 51
main	0	42562		Group: Enable group 52
main	0	42563		Group: Enable group 53
main	0	42564		Group: Enable group 54
main	0	42565		Group: Enable group 55
main	0	42566		Group: Enable group 56
main	0	42567		Group: Enable group 57
main	0	42568		Group: Enable group 58
main	0	42569		Group: Enable group 59
main	0	42570		Group: Enable group 60
main	0	42571		Group: Enable group 61
main	0	42572		Group: Enable group 62
main	0	42573		Group: Enable group 63
main	0	42574		Group: Enable group 64
main	0	42575		Item: Split item under mouse cursor (no change selection)
main	0	42577		Item: Split item under mouse cursor (select right)
main	0	42578		Track: Create new track media/razor editing group for selected tracks
main	0	42579		Track: Remove selected tracks from all track media/razor editing groups
main	0	42580		Track: Automatically group all tracks for media/razor editing
main	0	42581		Track: Automatically group selected tracks for media/razor editing
main	0	42585		Track: Turn off automatic track grouping
main	0	42587		Track lanes: Move items to top lane
main	0	42588		Track lanes: Move items to bottom lane
main	0	42589		Track: Render tracks to multichannel (parent send only) post-fader stem tracks (and mute originals)
main	0	42590		Track: Render tracks to multichannel (parent send only) stem tracks (and mute originals)
main	0	42591		Track: Render selected area of tracks to multichannel (parent send only) post-fader stem tracks (and mute originals)
main	0	42592		Track: Render selected area of tracks to multichannel (parent send only) stem tracks (and mute originals)
main	0	42593		Track: 2nd pass render selected area of tracks to multichannel (parent send only) post-fader stem tracks (and mute originals)
main	0	42594		Track: 2nd pass render selected area of tracks to multichannel (parent send only) stem tracks (and mute originals)
main	0	42595		Fixed lane comp area: Delete comp area edge at mouse
main	0	42596		Tracks: Implode selected items across tracks to one fixed lane track
main	0	42597		Track: Toggle allow editing media items while comping
main	0	42598		Track: Toggle allow editing media items while comping for track at mouse
main	0	42599		Fixed lane comp area: Add comp area between previous and next comp areas for lane at mouse
main	0	42600		Fixed lane comp area: Split comp area at edit cursor
main	0	42601		Options: Razor edits on collapsed fixed lane tracks affect all lanes
main	0	42602		Fixed lane comp area: Split media items at comp area edges
main	0	42603		Fixed lane comp area: Split media items at edges of comp area at mouse
main	0	42606		Item: Remove active takes from ARA edit pool (unpool)
main	0	42607		Item: Select all other media items that share pooled ARA edits with selected items
main	0	42608		Item: Select all other media items that share the same source media as selected items
main	0	42609		Item: Return active takes to ARA edit pool (re-pool)
main	0	42610		Track properties: Show/hide fixed lane buttons
main	0	42611		Move comp area at mouse down, or switch items to next take
main	0	42612		Move comp area at mouse up, or switch items to previous take
main	0	42613		Fixed lane comp area: Add comp area from mouse position to next area or end of media
main	0	42615		Mouse modifiers: Set arrange view override mouse modifiers A
main	0	42616		Mouse modifiers: Toggle arrange view override mouse modifiers A
main	0	42617		Mouse modifiers: Set arrange view override mouse modifiers B
main	0	42618		Mouse modifiers: Toggle arrange view override mouse modifiers B
main	0	42619		Mouse modifiers: Set arrange view override mouse modifiers C
main	0	42620		Mouse modifiers: Toggle arrange view override mouse modifiers C
main	0	42621		Mouse modifiers: Clear arrange view override mouse modifiers
main	0	42622		Mouse modifiers: Set arrange view override mouse modifiers A until next mouseup
main	0	42623		Mouse modifiers: Set arrange view override mouse modifiers B until next mouseup
main	0	42624		Mouse modifiers: Set arrange view override mouse modifiers C until next mouseup
main	0	42626		Peaks: Force mono peaks
main	0	42629		Track lanes: Delete source media within comp areas and re-comp
main	0	42630		Razor edit: Enclose media items
main	0	42631		Options: Toggle auto-fade/auto-crossfade when comping in fixed lanes
main	0	42632		Mouse modifiers: Set arrange view override mouse modifiers D
main	0	42633		Mouse modifiers: Toggle arrange view override mouse modifiers D
main	0	42634		Mouse modifiers: Set arrange view override mouse modifiers D until next mouseup
main	0	42635		Take: Explode takes on selected tracks to fixed lanes
main	0	42636		Take: Explode takes on selected tracks to fixed lanes and add comp areas from active takes
main	0	42637		Take: Implode selected fixed lane tracks to takes using best efforts (overlapping items may be shortened)
main	0	42638		Track properties: Toggle show/play only one fixed item lane
main	0	42639		Tracks: Explode selected items on fixed lane tracks to one new track per lane
main	0	42640		Options: Preserve trailing values when recording automation
main	0	42641		Fixed lane comp area: Split comp area at mouse position
main	0	42642		Fixed lane comp area: Delete comp area
main	0	42643		Fixed lane comp area: Delete comp area at mouse
main	0	42644		Fixed lane comp area: Delete comp area at mouse but not media items
main	0	42645		Track: Toggle comping
main	0	42646		Track: Toggle comping for track at mouse
main	0	42647		Track lanes: Add empty lane at bottom of track
main	0	42648		Track lanes: Delete lane at bottom of track (including media items)
main	0	42649		Track lanes: Comp into new empty lane for track under mouse, automatically creating comp areas
main	0	42650		FX: Toggle map to container parameter for last touched FX parameter
main	0	42652		Track lanes: Add comp areas for selected items
main	0	42653		Project tabs: Display video from background projects if active project lacks video
main	0	42654		Track lanes: Copy edited media items to new lane and re-comp for track under mouse
main	0	42655		Item: Maximize height of selected items in free item positioning mode
main	0	42657		Fixed lane comp area: Add comp area at time selection for lane at mouse
main	0	42659		Track: Toggle automatically delete empty fixed lanes at bottom of track
main	0	42660		Track properties: Toggle fixed item lanes (convert takes to lanes)
main	0	42661		Track properties: Set fixed lanes (convert takes to lanes)
main	0	42662		Track properties: Unset free item positioning/fixed item lanes (convert fixed lanes to takes)
main	0	42663		ReaScript: Show ReaScript console
main	0	42664		ReaScript: Clear contents of ReaScript console
main	0	42665		Track: Insert visual spacer before tracks
main	0	42666		Track: Insert visual spacer after tracks
main	0	42667		Track: Remove visual spacer before tracks
main	0	42668		Track: Remove visual spacer after tracks
main	0	42669		Track: Insert visual spacer before and after tracks
main	0	42670		Track: Remove track spacers
main	0	42671		Track: Insert visual spacer before last touched track
main	0	42672		Track: Insert visual spacer after last touched track
main	0	42673		Track: Remove visual spacer before last touched track
main	0	42674		Track: Remove visual spacer after last touched track
main	0	42675		Track: Toggle automatically creating comp areas for new recording while comping
main	0	42676		Track lanes: Delete lane under mouse (including media items)
main	0	42677		Options: New recording adds media items in layers
main	0	42678		View: Show envelope manager window
main	0	42679		Regions: Select/unselect all regions for rendering
main	0	42680		Item: Up-rank active take or last recording pass
main	0	42681		Item: Down-rank active take or last recording pass
main	0	42682		Item: Delete takes that are down-ranked (no confirm)
main	0	42683		Track lanes: Delete comp areas (including source media) for track under mouse
main	0	42684		Track lanes: Delete source media within comp areas and re-comp for track under mouse
main	0	42685		Item: Apply first track FX to items
main	0	42686		Item: Apply first take FX to items
main	0	42687		Item: Apply first track FX to items (mono output)
main	0	42688		Item: Apply first take FX to items (mono output)
main	0	42689		Track lanes: Delete empty lanes with no media items
main	0	42690		Track lanes: Delete lanes (including media items) with no comp areas
main	0	42691		Track lanes: Delete lanes (including media items) that are not playing
main	0	42692		Track lanes: Turn off comping
main	0	42693		Item: Set all media item takes that share the same source media to the same random color
main	0	42694		Tracks: Copy items on currently-playing lanes on selected fixed lane tracks to one new track per lane
main	0	42695		Tracks: Explode items on selected fixed lane tracks to one new track per lane
main	0	42696		Track: Show/hide children of selected folder tracks in TCP
main	0	42697		View: Toggle track zoom to default height
main	0	42698		View: Cycle track zoom between minimum, default, and maximum height (limit to 100% of arrange view)
main	0	42699		Options: Do not display tracks in folder when folder is fully collapsed
main	0	42700		View: Toggle track zoom to maximum height (even if over 100% of arrange view)
main	0	42701		View: Cycle track zoom between minimum, default, and maximum height (even if over 100% of arrange view)
main	0	42702		Options: Toggle new recording adds lanes (new lanes play exclusively)
main	0	42703		Track lanes: Reset all lane names for track under mouse
main	0	42704		Track properties: Toggle fixed item lanes big/small
main	0	42705		Track: Display gain reduction in track meters for plug-ins that support it
main	0	42707		Fixed lane comp area: Move comp area up for selected items
main	0	42708		Fixed lane comp area: Move comp area down for selected items
main	0	42711		Fixed lane comp area: Set loop points to comp area at mouse (half second preroll/postroll)
main	0	42712		Fixed lane comp area: Set loop points to comp area at mouse (one second preroll/postroll)
main	0	42713		Toolbar: Open/close toolbar 17
main	0	42714		Toolbar: Open/close toolbar 18
main	0	42715		Toolbar: Open/close toolbar 19
main	0	42716		Toolbar: Open/close toolbar 20
main	0	42717		Toolbar: Open/close toolbar 21
main	0	42718		Toolbar: Open/close toolbar 22
main	0	42719		Toolbar: Open/close toolbar 23
main	0	42720		Toolbar: Open/close toolbar 24
main	0	42721		Toolbar: Open/close toolbar 25
main	0	42722		Toolbar: Open/close toolbar 26
main	0	42723		Toolbar: Open/close toolbar 27
main	0	42724		Toolbar: Open/close toolbar 28
main	0	42725		Toolbar: Open/close toolbar 29
main	0	42726		Toolbar: Open/close toolbar 30
main	0	42727		Toolbar: Open/close toolbar 31
main	0	42728		Toolbar: Open/close toolbar 32
main	0	42729		Toolbars: Switch to toolbar 17
main	0	42730		Toolbars: Switch to toolbar 18
main	0	42731		Toolbars: Switch to toolbar 19
main	0	42732		Toolbars: Switch to toolbar 20
main	0	42733		Toolbars: Switch to toolbar 21
main	0	42734		Toolbars: Switch to toolbar 22
main	0	42735		Toolbars: Switch to toolbar 23
main	0	42736		Toolbars: Switch to toolbar 24
main	0	42737		Toolbars: Switch to toolbar 25
main	0	42738		Toolbars: Switch to toolbar 26
main	0	42739		Toolbars: Switch to toolbar 27
main	0	42740		Toolbars: Switch to toolbar 28
main	0	42741		Toolbars: Switch to toolbar 29
main	0	42742		Toolbars: Switch to toolbar 30
main	0	42743		Toolbars: Switch to toolbar 31
main	0	42744		Toolbars: Switch to toolbar 32
main	0	42745		Toolbar: Open/close MIDI toolbar 9
main	0	42746		Toolbar: Open/close MIDI toolbar 10
main	0	42747		Toolbar: Open/close MIDI toolbar 11
main	0	42748		Toolbar: Open/close MIDI toolbar 12
main	0	42749		Toolbar: Open/close MIDI toolbar 13
main	0	42750		Toolbar: Open/close MIDI toolbar 14
main	0	42751		Toolbar: Open/close MIDI toolbar 15
main	0	42752		Toolbar: Open/close MIDI toolbar 16
main	0	42753		Toolbars: Switch to MIDI toolbar 9
main	0	42754		Toolbars: Switch to MIDI toolbar 10
main	0	42755		Toolbars: Switch to MIDI toolbar 11
main	0	42756		Toolbars: Switch to MIDI toolbar 12
main	0	42757		Toolbars: Switch to MIDI toolbar 13
main	0	42758		Toolbars: Switch to MIDI toolbar 14
main	0	42759		Toolbars: Switch to MIDI toolbar 15
main	0	42760		Toolbars: Switch to MIDI toolbar 16
main	0	42761		Toolbar: Open toolbar 17 at mouse cursor
main	0	42762		Toolbar: Open toolbar 18 at mouse cursor
main	0	42763		Toolbar: Open toolbar 19 at mouse cursor
main	0	42764		Toolbar: Open toolbar 20 at mouse cursor
main	0	42765		Toolbar: Open toolbar 21 at mouse cursor
main	0	42766		Toolbar: Open toolbar 22 at mouse cursor
main	0	42767		Toolbar: Open toolbar 23 at mouse cursor
main	0	42768		Toolbar: Open toolbar 24 at mouse cursor
main	0	42769		Toolbar: Open toolbar 25 at mouse cursor
main	0	42770		Toolbar: Open toolbar 26 at mouse cursor
main	0	42771		Toolbar: Open toolbar 27 at mouse cursor
main	0	42772		Toolbar: Open toolbar 28 at mouse cursor
main	0	42773		Toolbar: Open toolbar 29 at mouse cursor
main	0	42774		Toolbar: Open toolbar 30 at mouse cursor
main	0	42775		Toolbar: Open toolbar 31 at mouse cursor
main	0	42776		Toolbar: Open toolbar 32 at mouse cursor
main	0	42777		Toolbar: Open MIDI toolbar 9 at mouse cursor
main	0	42778		Toolbar: Open MIDI toolbar 10 at mouse cursor
main	0	42779		Toolbar: Open MIDI toolbar 11 at mouse cursor
main	0	42780		Toolbar: Open MIDI toolbar 12 at mouse cursor
main	0	42781		Toolbar: Open MIDI toolbar 13 at mouse cursor
main	0	42782		Toolbar: Open MIDI toolbar 14 at mouse cursor
main	0	42783		Toolbar: Open MIDI toolbar 15 at mouse cursor
main	0	42784		Toolbar: Open MIDI toolbar 16 at mouse cursor
main	0	42785		Track: Move tracks to new folder
main	0	42786		Track: Move tracks to folder...
main	0	42787		Track lanes: Move items down to first available lane, add lane if needed
main	0	42788		Options: Track media/razor edit grouping affects items that start and end at the same time
main	0	42789		Track lanes: Delete comp areas for track under mouse
main	0	42790		Track lanes: Play only first lane
main	0	42791		Track lanes: Play only first lane for track under mouse
main	0	42792		Transport: Secondary time unit: Measures.Beats
main	0	42793		Options: When auto-punch recording into a fixed lane track, add the whole recording
main	0	42794		Options: Allow changing comp area source lane when clicking empty track space
main	0	42795		Options: Allow including empty track space in comp areas
main	0	42796		Track lanes: Delete all lanes (including media items)
main	0	42797		Track lanes: Comp into new empty lane
main	0	42798		Track lanes: Comp into new empty lane, automatically creating comp areas
main	0	42799		Track lanes: Play all lanes
main	0	42800		Track lanes: Play no lanes
main	0	42801		Track lanes: Reset all lane names
main	0	42802		Track lanes: Copy edited media items with no matching source lane to new lane and re-comp
main	0	42803		Options: Allow reordering/empty slots in TCP/MCP send lists
main	0	42933		Track lanes: Delete all lanes except lane under mouse for track under mouse (including media items)
main	0	42938		Track lanes: Move items up if possible to minimize lane usage (preserve relative lane positions)
main	0	42940		Track lanes: Media items in higher numbered lanes mask playback of lower lanes for track under mouse
main	0	42941		Track lanes: Media items in higher numbered lanes mask playback of lower lanes
main	0	42942		Track: Crop to playing media items for track under mouse
main	0	42943		Track: Crop to playing media items
main	0	42944		Track: Crop to playing media items, preserving fixed lanes, for track under mouse
main	0	42945		Track: Crop to playing media items, preserving fixed lanes
main	0	42946		Track: Copy playing media items to new track for track under mouse
main	0	42947		Track: Copy playing media items to new track
main	0	42949		Track lanes: Copy edited media item back to source lane and re-comp for track under mouse
main	0	42950		Track lanes: Discard media item edits and re-comp from source lane for track under mouse
main	0	42951		Edit: Dynamic split items using most recent settings
main	0	42952		Track lanes: Refresh out-of-sync comp areas for track under mouse
main	0	42953		Track lanes: Delete empty comp areas for track under mouse
main	0	42954		Track lanes: Delete empty comp areas
main	0	42955		Track lanes: Delete comp areas
main	0	42956		Track lanes: Delete comp areas (including source media)
main	0	42957		Razor edit: Select media items within razor edit area
main	0	42959		Track lanes: Move items up if possible to minimize lane usage
main	0	42960		Track: Exit fixed lane view for all fixed lane tracks in the project
main	0	42961		Track: Show only one lane for all fixed lane tracks in the project that have only one lane playing
main	0	42962		Track: Set small fixed lanes for all fixed lane tracks in the project
main	0	42963		Track: Set big fixed lanes for all fixed lane tracks in the project
main	0	42964		Move edit cursor to left edge of visible arrange view
main	0	43093		Track: Insert new track as first track
main	0	43094		Item properties: Set MIDI items to use current tempo and ignore project tempo changes, set item timebase to time
main	0	43095		Item properties: Set MIDI items to follow project tempo changes, set item timebase to beats (position, length, rate)
main	0	43096		Item properties: Set MIDI items to use current tempo and ignore project tempo changes, set item timebase to beats (position only)
main	0	43097		Options: Razor edits on small fixed lane tracks affect all lanes
main	0	43098		Track properties: Show/play only one fixed item lane
main	0	43099		Track properties: Show/play all fixed item lanes
main	0	43100		Track properties: Make fixed item lanes small
main	0	43101		Track properties: Make fixed item lanes big
main	0	43102		Regions: Set loop points to current region
main	0	43103		Regions: Set loop points to previous region
main	0	43144		Regions: Set loop points to next region
main	0	43145		Peaks: Toggle color peaks by momentary loudness (LUFS-M)
main	0	43146		Peaks: Toggle show graph of momentary loudness (LUFS-M)
main	0	43147		Peaks: Toggle color peaks by short-term loudness (LUFS-S)
main	0	43148		Peaks: Toggle show graph of short-term loudness (LUFS-S)
main	0	43149		Options: Show peak value tooltips on media items (and loudness, if peaks are configured to calculate it)
main	0	43150		FX: Toggle preference: Auto-bypass FX that require PDC on record arm-affected tracks
main	0	43151		Options: New recording adds lanes in layers (multiple lanes play at once)
main	0	43152		Options: New recording adds lanes (new lanes play exclusively)
main	0	43153		Options: New recording does not add lanes
main	0	43154		Item: Import media cues as take markers
main	0	43155		Item: Up-rank take or comp area under mouse
main	0	43156		Item: Down-rank take or comp area under mouse
main	0	43157		Item: Up-rank take marker at play position or edit cursor
main	0	43158		Item: Down-rank take marker at play position or edit cursor
main	0	43159		Item: Up-rank take marker at mouse position
main	0	43160		Item: Down-rank take marker at mouse position
main	0	43161		Item: Clear up-rank/down-rank markers
main	0	43162		Item: Clear up-rank/down-rank markers for take under mouse
main	0	43163		Item: Delete takes for item under mouse that are down-ranked (no confirm)
main	0	43164		Item: Delete takes for item under mouse that are not up-ranked (no confirm)
main	0	43165		Track: Clear up-rank/down-rank markers for all items on track
main	0	43166		Track: Delete takes for all items on track that are not up-ranked (no confirm)
main	0	43167		Track: Delete takes for all items on track that are down-ranked (no confirm)
main	0	43168		Item: Split at take markers (active take only)
main	0	43169		Item: Split at take markers for item under mouse (active take only)
main	0	43170		Item: Split at take markers for all items on track (active takes only)
main	0	43171		Item: Split at take markers (all takes)
main	0	43172		Item: Split at take markers for item under mouse (all takes)
main	0	43173		Item: Split at take markers for all items on track (all takes)
main	0	43174		Item: Up-rank take marker at 1 second before play position, or at edit cursor if not playing back
main	0	43175		Item: Down-rank take marker at 1 second before play position, or at edit cursor if not playing back
main	0	43176		Item: Up-rank take marker at 2 seconds before play position, or at edit cursor if not playing back
main	0	43177		Item: Down-rank take marker at 2 seconds before play position, or at edit cursor if not playing back
main	0	43178		Item: Split items at edit cursor (select left)
main	0	43179		Item: Split item under mouse cursor (select left)
main	0	43180		Item: Split item under mouse cursor (ignore grouping, select left)
main	0	43181		Item: Add/edit take marker at time selection
main	0	43182		Item: Delete take markers in time selection
main	0	43183		Item: Up-rank take marker at time selection
main	0	43184		Item: Down-rank take marker at time selection
main	0	43185		View: Toggle show TCP area
main	0	43188		View: Toggle to alternate TCP area width (alternate is zero by default)
main	0	43191		Options: Crossfade left when splitting
main	0	43192		Options: Crossfade right when splitting
main	0	43193		Options: Crossfade center when splitting
main	0	43194		View: Toggle display mouse position indicator vertical line in arrange view
main	0	43195		Options: Respect toolbar auto-crossfade button on split
main	0	43196		Options: Cycle split options: Crossfade left, crossfade center, crossfade right, no crossfade
main	0	43197		Item: Cycle through up-rank/down-rank levels for active take or last recording pass
main	0	43198		Item: Cycle through up-rank/down-rank levels for take or comp area under mouse
main	0	43199		Item: Cycle through up-rank/down-rank levels for take marker at play position or edit cursor
main	0	43200		Item: Cycle through up-rank/down-rank levels for take marker at mouse position
main	0	43201		Item: Cycle through up-rank/down-rank levels for take marker at time selection
main	0	43202		Item: Clear up-rank/down-rank markers within time selection
main	0	43203		View: If displayed, toggle mouse position indicator vertical line respects toolbar snap button
main	0	43204		View: Time unit for ruler: Minutes:Seconds (minimal)
main	0	43205		View: Time unit for ruler: Measures.Fractions
main	0	43206		Show render path in explorer
main	0	43207		Peaks: Toggle show spectral peaks and graph of momentary loudness (LUFS-M)
main	0	43208		Peaks: Toggle show spectral peaks and graph of short-term loudness (LUFS-S)
main	0	43209		Peaks: Toggle spectral peaks + spectrogram
main	0	43210		Loop points: Move start point to cursor (preserve length)
main	0	43211		Loop points: Move end point to cursor (preserve length)
main	0	43212		Time selection: Move start point to cursor (preserve length)
main	0	43213		Time selection: Move end point to cursor (preserve length)
main	0	43214		Group: Select all tracks in group 65
main	0	43215		Group: Select all tracks in group 66
main	0	43216		Group: Select all tracks in group 67
main	0	43217		Group: Select all tracks in group 68
main	0	43218		Group: Select all tracks in group 69
main	0	43219		Group: Select all tracks in group 70
main	0	43220		Group: Select all tracks in group 71
main	0	43221		Group: Select all tracks in group 72
main	0	43222		Group: Select all tracks in group 73
main	0	43223		Group: Select all tracks in group 74
main	0	43224		Group: Select all tracks in group 75
main	0	43225		Group: Select all tracks in group 76
main	0	43226		Group: Select all tracks in group 77
main	0	43227		Group: Select all tracks in group 78
main	0	43228		Group: Select all tracks in group 79
main	0	43229		Group: Select all tracks in group 80
main	0	43230		Group: Select all tracks in group 81
main	0	43231		Group: Select all tracks in group 82
main	0	43232		Group: Select all tracks in group 83
main	0	43233		Group: Select all tracks in group 84
main	0	43234		Group: Select all tracks in group 85
main	0	43235		Group: Select all tracks in group 86
main	0	43236		Group: Select all tracks in group 87
main	0	43237		Group: Select all tracks in group 88
main	0	43238		Group: Select all tracks in group 89
main	0	43239		Group: Select all tracks in group 90
main	0	43240		Group: Select all tracks in group 91
main	0	43241		Group: Select all tracks in group 92
main	0	43242		Group: Select all tracks in group 93
main	0	43243		Group: Select all tracks in group 94
main	0	43244		Group: Select all tracks in group 95
main	0	43245		Group: Select all tracks in group 96
main	0	43246		Group: Select all tracks in group 97
main	0	43247		Group: Select all tracks in group 98
main	0	43248		Group: Select all tracks in group 99
main	0	43249		Group: Select all tracks in group 100
main	0	43250		Group: Select all tracks in group 101
main	0	43251		Group: Select all tracks in group 102
main	0	43252		Group: Select all tracks in group 103
main	0	43253		Group: Select all tracks in group 104
main	0	43254		Group: Select all tracks in group 105
main	0	43255		Group: Select all tracks in group 106
main	0	43256		Group: Select all tracks in group 107
main	0	43257		Group: Select all tracks in group 108
main	0	43258		Group: Select all tracks in group 109
main	0	43259		Group: Select all tracks in group 110
main	0	43260		Group: Select all tracks in group 111
main	0	43261		Group: Select all tracks in group 112
main	0	43262		Group: Select all tracks in group 113
main	0	43263		Group: Select all tracks in group 114
main	0	43264		Group: Select all tracks in group 115
main	0	43265		Group: Select all tracks in group 116
main	0	43266		Group: Select all tracks in group 117
main	0	43267		Group: Select all tracks in group 118
main	0	43268		Group: Select all tracks in group 119
main	0	43269		Group: Select all tracks in group 120
main	0	43270		Group: Select all tracks in group 121
main	0	43271		Group: Select all tracks in group 122
main	0	43272		Group: Select all tracks in group 123
main	0	43273		Group: Select all tracks in group 124
main	0	43274		Group: Select all tracks in group 125
main	0	43275		Group: Select all tracks in group 126
main	0	43276		Group: Select all tracks in group 127
main	0	43277		Group: Select all tracks in group 128
main	0	43278		Group: Enable group 65
main	0	43279		Group: Enable group 66
main	0	43280		Group: Enable group 67
main	0	43281		Group: Enable group 68
main	0	43282		Group: Enable group 69
main	0	43283		Group: Enable group 70
main	0	43284		Group: Enable group 71
main	0	43285		Group: Enable group 72
main	0	43286		Group: Enable group 73
main	0	43287		Group: Enable group 74
main	0	43288		Group: Enable group 75
main	0	43289		Group: Enable group 76
main	0	43290		Group: Enable group 77
main	0	43291		Group: Enable group 78
main	0	43292		Group: Enable group 79
main	0	43293		Group: Enable group 80
main	0	43294		Group: Enable group 81
main	0	43295		Group: Enable group 82
main	0	43296		Group: Enable group 83
main	0	43297		Group: Enable group 84
main	0	43298		Group: Enable group 85
main	0	43299		Group: Enable group 86
main	0	43300		Group: Enable group 87
main	0	43301		Group: Enable group 88
main	0	43302		Group: Enable group 89
main	0	43303		Group: Enable group 90
main	0	43304		Group: Enable group 91
main	0	43305		Group: Enable group 92
main	0	43306		Group: Enable group 93
main	0	43307		Group: Enable group 94
main	0	43308		Group: Enable group 95
main	0	43309		Group: Enable group 96
main	0	43310		Group: Enable group 97
main	0	43311		Group: Enable group 98
main	0	43312		Group: Enable group 99
main	0	43313		Group: Enable group 100
main	0	43314		Group: Enable group 101
main	0	43315		Group: Enable group 102
main	0	43316		Group: Enable group 103
main	0	43317		Group: Enable group 104
main	0	43318		Group: Enable group 105
main	0	43319		Group: Enable group 106
main	0	43320		Group: Enable group 107
main	0	43321		Group: Enable group 108
main	0	43322		Group: Enable group 109
main	0	43323		Group: Enable group 110
main	0	43324		Group: Enable group 111
main	0	43325		Group: Enable group 112
main	0	43326		Group: Enable group 113
main	0	43327		Group: Enable group 114
main	0	43328		Group: Enable group 115
main	0	43329		Group: Enable group 116
main	0	43330		Group: Enable group 117
main	0	43331		Group: Enable group 118
main	0	43332		Group: Enable group 119
main	0	43333		Group: Enable group 120
main	0	43334		Group: Enable group 121
main	0	43335		Group: Enable group 122
main	0	43336		Group: Enable group 123
main	0	43337		Group: Enable group 124
main	0	43338		Group: Enable group 125
main	0	43339		Group: Enable group 126
main	0	43340		Group: Enable group 127
main	0	43341		Group: Enable group 128
main	0	43342		File: Open render statistics charts from most recent render in web browser (hide project regions/markers)
main	0	43343		File: Open render statistics charts from most recent render in web browser (hide file paths and project regions/markers)
main	0	43344		Item properties: Normalize items using most recent settings (force normalize to loudest item)
main	0	43345		Ruler: Set 0:00 to current edit cursor
main	0	43346		Ruler: Reset project start time
main	0	43347		Ruler: Set measure 1 to nearest measure to current edit cursor
main	0	43348		Ruler: Reset project start measure
main	0	43349		File: Dry run render project, using the most recent render settings
main	0	43354		Transport: Play (solo selected items)
main	0	43355		Transport: Play (stop at end of selected items, ignore loop selection)
main	0	43401		Toolbars: Show toolbar 1 as menu
main	0	43402		Toolbars: Show toolbar 2 as menu
main	0	43403		Toolbars: Show toolbar 3 as menu
main	0	43404		Toolbars: Show toolbar 4 as menu
main	0	43405		Toolbars: Show toolbar 5 as menu
main	0	43406		Toolbars: Show toolbar 6 as menu
main	0	43407		Toolbars: Show toolbar 7 as menu
main	0	43408		Toolbars: Show toolbar 8 as menu
main	0	43409		Toolbars: Show toolbar 9 as menu
main	0	43410		Toolbars: Show toolbar 10 as menu
main	0	43411		Toolbars: Show toolbar 11 as menu
main	0	43412		Toolbars: Show toolbar 12 as menu
main	0	43413		Toolbars: Show toolbar 13 as menu
main	0	43414		Toolbars: Show toolbar 14 as menu
main	0	43415		Toolbars: Show toolbar 15 as menu
main	0	43416		Toolbars: Show toolbar 16 as menu
main	0	43417		Toolbars: Show toolbar 17 as menu
main	0	43418		Toolbars: Show toolbar 18 as menu
main	0	43419		Toolbars: Show toolbar 19 as menu
main	0	43420		Toolbars: Show toolbar 20 as menu
main	0	43421		Toolbars: Show toolbar 21 as menu
main	0	43422		Toolbars: Show toolbar 22 as menu
main	0	43423		Toolbars: Show toolbar 23 as menu
main	0	43424		Toolbars: Show toolbar 24 as menu
main	0	43425		Toolbars: Show toolbar 25 as menu
main	0	43426		Toolbars: Show toolbar 26 as menu
main	0	43427		Toolbars: Show toolbar 27 as menu
main	0	43428		Toolbars: Show toolbar 28 as menu
main	0	43429		Toolbars: Show toolbar 29 as menu
main	0	43430		Toolbars: Show toolbar 30 as menu
main	0	43431		Toolbars: Show toolbar 31 as menu
main	0	43432		Toolbars: Show toolbar 32 as menu
main	0	43433		Toolbars: Show MIDI toolbar 1 as menu
main	0	43434		Toolbars: Show MIDI toolbar 2 as menu
main	0	43435		Toolbars: Show MIDI toolbar 3 as menu
main	0	43436		Toolbars: Show MIDI toolbar 4 as menu
main	0	43437		Toolbars: Show MIDI toolbar 5 as menu
main	0	43438		Toolbars: Show MIDI toolbar 6 as menu
main	0	43439		Toolbars: Show MIDI toolbar 7 as menu
main	0	43440		Toolbars: Show MIDI toolbar 8 as menu
main	0	43441		Toolbars: Show MIDI toolbar 9 as menu
main	0	43442		Toolbars: Show MIDI toolbar 10 as menu
main	0	43443		Toolbars: Show MIDI toolbar 11 as menu
main	0	43444		Toolbars: Show MIDI toolbar 12 as menu
main	0	43445		Toolbars: Show MIDI toolbar 13 as menu
main	0	43446		Toolbars: Show MIDI toolbar 14 as menu
main	0	43447		Toolbars: Show MIDI toolbar 15 as menu
main	0	43448		Toolbars: Show MIDI toolbar 16 as menu
main	0	43461		Project: Set project timebase to time
main	0	43462		Project: Set project timebase to beats (position, length, rate)
main	0	43463		Project: Set project timebase to beats (position only)
main	0	43464		Set project recording tag... ($rectag wildcard)
main	0	43465		Clear project recording tag ($rectag wildcard)
main	0	43466		Item edit: Phase alignment...
main	0	43467		Options: Ripple per-track affects each track lane separately
main	0	43468		Options: Ripple per-track when ripple is enabled
main	0	43469		Options: Ripple all tracks when ripple is enabled
main	0	43475		Options: Ripple edit when editing media item edges
main	0	43484		Ruler: Show/hide selected project markers
main	0	43485		Ruler: Show/hide all project markers
main	0	43486		Ruler: Show/hide selected project regions
main	0	43487		Ruler: Show/hide all project regions
main	0	43488		Ruler: Show/hide selected project regions and markers
main	0	43489		Ruler: Show/hide all project regions and markers
main	0	43492		Ruler: Rename ruler lane 1
main	0	43493		Ruler: Rename ruler lane 2
main	0	43494		Ruler: Rename ruler lane 3
main	0	43495		Ruler: Rename ruler lane 4
main	0	43496		Ruler: Rename ruler lane 5
main	0	43497		Ruler: Rename ruler lane 6
main	0	43498		Ruler: Rename ruler lane 7
main	0	43499		Ruler: Rename ruler lane 8
main	0	43500		Ruler: Rename ruler lane 9
main	0	43501		Ruler: Rename ruler lane 10
main	0	43502		Ruler: Rename ruler lane 11
main	0	43503		Ruler: Rename ruler lane 12
main	0	43504		Ruler: Rename ruler lane 13
main	0	43505		Ruler: Rename ruler lane 14
main	0	43506		Ruler: Rename ruler lane 15
main	0	43507		Ruler: Rename ruler lane 16
main	0	43508		Ruler: Show/hide ruler lane 1
main	0	43509		Ruler: Show/hide ruler lane 2
main	0	43510		Ruler: Show/hide ruler lane 3
main	0	43511		Ruler: Show/hide ruler lane 4
main	0	43512		Ruler: Show/hide ruler lane 5
main	0	43513		Ruler: Show/hide ruler lane 6
main	0	43514		Ruler: Show/hide ruler lane 7
main	0	43515		Ruler: Show/hide ruler lane 8
main	0	43516		Ruler: Show/hide ruler lane 9
main	0	43517		Ruler: Show/hide ruler lane 10
main	0	43518		Ruler: Show/hide ruler lane 11
main	0	43519		Ruler: Show/hide ruler lane 12
main	0	43520		Ruler: Show/hide ruler lane 13
main	0	43521		Ruler: Show/hide ruler lane 14
main	0	43522		Ruler: Show/hide ruler lane 15
main	0	43523		Ruler: Show/hide ruler lane 16
main	0	43524		Ruler: Delete ruler lane 1
main	0	43525		Ruler: Delete ruler lane 2
main	0	43526		Ruler: Delete ruler lane 3
main	0	43527		Ruler: Delete ruler lane 4
main	0	43528		Ruler: Delete ruler lane 5
main	0	43529		Ruler: Delete ruler lane 6
main	0	43530		Ruler: Delete ruler lane 7
main	0	43531		Ruler: Delete ruler lane 8
main	0	43532		Ruler: Delete ruler lane 9
main	0	43533		Ruler: Delete ruler lane 10
main	0	43534		Ruler: Delete ruler lane 11
main	0	43535		Ruler: Delete ruler lane 12
main	0	43536		Ruler: Delete ruler lane 13
main	0	43537		Ruler: Delete ruler lane 14
main	0	43538		Ruler: Delete ruler lane 15
main	0	43539		Ruler: Delete ruler lane 16
main	0	43540		Ruler: Add ruler lane...
main	0	43541		Ruler: Quick add ruler lane
main	0	43542		Ruler: Ruler lane manager...
main	0	43543		Region/Marker manager: Show regions
main	0	43544		Region/Marker manager: Show markers
main	0	43561		Automation: Save and clear all track envelope latches 
main	0	43562		Automation: Restore all saved track envelope latches
main	0	43563		Automation: Save and clear track envelope latches
main	0	43564		Automation: Restore saved track envelope latches
main	0	43565		Automation: Save and clear all track envelope latches if any, otherwise restore saved latches
main	0	43566		Automation: Save and clear track envelope latches if any, otherwise restore saved latches
main	0	43567		Options: Ripple edit all affects envelopes on all tracks
main	0	43568		Automation: Clear all saved track envelope latches
main	0	43569		Automation: Clear saved track envelope latches
main	0	43570		Project: Set tempo/time signature envelope timebase to time
main	0	43571		Project: Set tempo/time signature envelope timebase to beats
main	0	43572		Project: Set tempo/time signature envelope timebase to beats for time signature, time for tempo
main	0	43573		Track: Override/unpin all pinned tracks in TCP
main	0	43574		Track: Override/show all hidden tracks in TCP
main	0	43575		Track: Show/hide all pinned tracks in TCP
main	0	43576		Track: Show/hide all pinned tracks in TCP (ignore master)
main	0	43578		File: Save copy of project as (prompt with current name)...
main	0	43580		Markers: Insert marker at mouse position ignoring snap
main	0	43581		Markers: Insert and/or edit marker at mouse position ignoring snap
main	0	43582		Markers: Insert marker at mouse position
main	0	43583		Markers: Insert and/or edit marker at mouse position
main	0	43584		Markers: Quick-add or edit marker at current position
main	0	43585		Markers: Quick-add or edit marker at mouse position
main	0	43586		Markers: Quick-add or edit marker at mouse position ignoring snap
main	0	43587		Ruler: Collapse ruler lanes when ruler is too small to display them
main	0	43588		Envelope: Remove unnecessary points
main	0	43589		Envelope: Remove unnecessary points within time selection
main	0	43590		Envelope: Remove unnecessary selected points
main	0	43593		Scrub: Toggle preference for one-shot segment scrub when moving edit cursor
main	0	43594		Scrub: Play one one-shot segment scrub at edit cursor
main	0	43614		View: Move cursor left by grid division
main	0	43615		View: Move cursor right by grid division
main	0	43617		Scrub: Invert looped-segment scrub range
main	0	43631		Options: Solo via dedicated solo bus (preference, master outputs can be set to bypass solo bus)
main	0	43632		Scrub: Prompt to edit looped-segment scrub range
main	0	43636		Options: Move take envelope points when moving media item contents
main	0	43637		Project: Toggle project timebase to time
main	0	43638		Options: Track media/razor edit grouping affects items that start or end at the same time
main	0	43639		Options: Track media/razor edit grouping affects items that are enclosed by the edited item
main	0	43640		Project: Set project timebase to beats (auto-stretch at tempo changes)
main	0	43641		Project: Project timebase affects MIDI items
main	0	43642		View: Toggle show/hide media item timebase buttons
main	0	43643		View: Toggle show/hide media item timebase buttons if overridden for the track or item
main	0	43645		File: Duplicate project in new tab...
main	0	43647		Track: Move tracks up
main	0	43648		Track: Move tracks down
main	0	43651		Options: Toggle display group names/colors in arrange view
main	0	43652		Options: Enable display group names/colors in arrange view
main	0	43653		Options: Disable display group names/colors in arrange view
main	0	43654		Items: Set group color for selected items...
main	0	43655		Items: Set group to random color for selected items
main	0	43656		Items: Set group name for selected items...
main	0	43672		Track: Hide envelope, display previous envelope on same track (cycle)
main	0	43673		Insert/import media files from directory...
main	0	43674		Peaks: Increase peaks display zoom 2x for project
main	0	43675		Peaks: Decrease peaks display zoom 0.5x for project
main	0	43676		Toolbar: Customize empty TCP area toolbar...
main	0	43677		View: Toggle track zoom to minimum height (ignore pinned tracks)
main	0	43678		View: Toggle track zoom to default height (ignore pinned tracks)
main	0	43679		Spectrogram: Show high resolution spectrogram when zoomed-in
main	0	43680		Spectrogram: Bypass selected spectral edits
main	0	43681		Spectrogram: Solo selected spectral edits
main	0	43682		Spectrogram: Adjust gain of selected spectral edits by +0.5 dB
main	0	43683		Spectrogram: Adjust gain of selected spectral edits by -0.5 dB
main	0	43684		Spectrogram: Adjust gain of selected spectral edits by +3 dB
main	0	43685		Spectrogram: Adjust gain of selected spectral edits by -3 dB
main	0	43686		Spectrogram: Reset gain of selected spectral edits to +0 dB
main	0	43687		Spectrogram: Delete selected spectral edits
main	0	43688		Spectrogram: Show selected spectral edit configuration menu
main	0	43689		FX: Set all FX online one at a time
main	0	43690		Options: Ripple edit all affects regions/markers
main	0	43691		Items: Set take FX offline for all inactive takes in the project
main	0	43692		Items: Set take FX online for all active takes in the project
main	0	43693		Items: Set take FX online if active, offline if inactive for all takes in the project
main	0	43696		Item: Lock all items on selected tracks
main	0	43697		File: Choose project(s) to open...
main	0	43698		FX: Delete all track FX on selected tracks
main	0	43701		Track lanes: Play only most recently playing lane
main	0	43702		Track lanes: Play only most recently playing lane for track under mouse
main	0	43703		Options: Set metronome speed to 0.5x
main	0	43705		View: Secondary time unit for ruler: Minutes:Seconds (minimal)
main	0	43709		Ruler: Resize ruler when lane count changes
main	0	43710		Ruler: Display marker number even if marker is named
main	0	43711		Ruler: Resize now to fit all ruler lanes
main	0	43715		Regions/markers: Renumber all regions and markers in timeline order by ruler lane
main	0	43716		Ruler: Hide tempo/time signature area if project has no tempo/time signature changes
main	0	43719		Show project template path in explorer/finder
main	0	43720		Show track template path in explorer/finder
main	0	43721		Show FX chain path in explorer/finder
main	0	43722		Show ReaScript path in explorer/finder
main	0	43723		Show automation item path in explorer/finder
main	0	43724		Show theme path in explorer/finder
main	0	43725		Track: Automatically group folder/child tracks for media/razor editing
main	0	43726		Close and re-open audio/MIDI devices
main	0	43727		Fixed lane comp area: Delete all unsynced comp areas
main	0	43728		Fixed lane comp area: Delete unsynced comp areas in time selection
main	0	43730		Sample edits: Delete sample edits in time selection for channel at mouse
main	0	43731		Sample edits: Set sample values to zero in time selection for channel at mouse
main	0	43732		Sample edits: Set sample values to a straight line in time selection for channel at mouse
main	0	43733		Sample edits: Scale sample values in time selection for channel at mouse...
main	0	43734		Track: Automatically group folder sibling tracks for media/razor editing
main	0	43735		Item edit: Move items/envelope points left to grid
main	0	43736		Item edit: Move items/envelope points right to grid
main	0	43737		Envelopes: Move selected points left to grid
main	0	43738		Envelopes: Move selected points right to grid
main	0	43739		Sample edits: Set sample values to an interpolated curve in time selection for channel at mouse
main	0	43740		Sample edits: Delete sample edits in time selection for all channels at mouse
main	0	43741		Sample edits: Set sample values to zero in time selection for all channels at mouse
main	0	43742		Sample edits: Set sample values to a straight line in time selection for all channels at mouse
main	0	43743		Sample edits: Scale sample values in time selection for all channels at mouse...
main	0	43744		Sample edits: Set sample values to an interpolated curve in time selection for all channels at mouse
main	0	43778		Sample edits: Spectral repair sample values in time selection for channel at mouse...
main	0	43779		Sample edits: Spectral repair sample values in time selection for all channels at mouse...
main	0	43780		Item: Detect LTC and move to detected position
main	0	43781		Options: Automatically zoom to time selection when running sample edit actions
main	0	43789		Sample edits: Apply 1 ms spectral repair to sample values for channel at mouse...
main	0	43790		Sample edits: Apply 1 ms spectral repair to sample values for all channels at mouse...
main	0	43791		Sample edits: Apply 1 ms spectral repair to sample values for first selected item at edit cursor...
main	0	43792		Sample edits: Apply 10 ms spectral repair to sample values for channel at mouse...
main	0	43793		Sample edits: Apply 10 ms spectral repair to sample values for all channels at mouse...
main	0	43794		Sample edits: Apply 10 ms spectral repair to sample values for first selected item at edit cursor...
main	0	43796		Sample edits: Delete sample edits in time selection for first selected item
main	0	43797		Sample edits: Set sample values to zero in time selection for first selected item
main	0	43798		Sample edits: Set sample values to a straight line in time selection for first selected item
main	0	43799		Sample edits: Scale sample values in time selection for first selected item...
main	0	43800		Sample edits: Set sample values to an interpolated curve in time selection for first selected item
main	0	43801		Sample edits: Spectral repair sample values in time selection for first selected item...
main	0	43802		Sample edits: Delete all sample edits for channel at mouse
main	0	43803		Sample edits: Delete all sample edits for all channels of selected item at mouse
main	0	43804		Sample edits: Delete all sample edits for first selected item
main	0	45000		Take: Set 1st take active
main	0	45001		Take: Set 2nd take active
main	0	45002		Take: Set 3rd take active
main	0	45003		Take: Set 4th take active
main	0	45004		Take: Set 5th take active
main	0	45005		Take: Set 6th take active
main	0	45006		Take: Set 7th take active
main	0	45007		Take: Set 8th take active
main	0	45008		Take: Set 9th take active
main	0	46000		Track: Insert track from template...
main	0	47306		Markers: Insert marker at edit cursor
main	0	47307		Markers: Insert and/or edit marker at edit cursor
main	0	47308		Markers: Quick-add or edit marker at edit cursor
main	0	48500		Layout: Default layout
main	0	50122		Video: Fullscreen
main	0	50123		Video: Clear video cache/re-render frames
main	0	50124		Media explorer: Show/hide media explorer
main	0	50125		Video: Show/hide video window
main	0	50500		Automation: Save latch preset 1 for all tracks
main	0	50501		Automation: Save latch preset 2 for all tracks
main	0	50502		Automation: Save latch preset 3 for all tracks
main	0	50503		Automation: Save latch preset 4 for all tracks
main	0	50504		Automation: Save latch preset 5 for all tracks
main	0	50505		Automation: Save latch preset 6 for all tracks
main	0	50506		Automation: Save latch preset 7 for all tracks
main	0	50507		Automation: Save latch preset 8 for all tracks
main	0	50508		Automation: Save latch preset 9 for all tracks
main	0	50509		Automation: Save latch preset 10 for all tracks
main	0	50510		Automation: Save latch preset 11 for all tracks
main	0	50511		Automation: Save latch preset 12 for all tracks
main	0	50512		Automation: Save latch preset 13 for all tracks
main	0	50513		Automation: Save latch preset 14 for all tracks
main	0	50514		Automation: Save latch preset 15 for all tracks
main	0	50515		Automation: Save latch preset 16 for all tracks
main	0	50516		Automation: Save latch preset 17 for all tracks
main	0	50517		Automation: Save latch preset 18 for all tracks
main	0	50518		Automation: Save latch preset 19 for all tracks
main	0	50519		Automation: Save latch preset 20 for all tracks
main	0	50520		Automation: Save latch preset 21 for all tracks
main	0	50521		Automation: Save latch preset 22 for all tracks
main	0	50522		Automation: Save latch preset 23 for all tracks
main	0	50523		Automation: Save latch preset 24 for all tracks
main	0	50524		Automation: Save latch preset 25 for all tracks
main	0	50525		Automation: Save latch preset 26 for all tracks
main	0	50526		Automation: Save latch preset 27 for all tracks
main	0	50527		Automation: Save latch preset 28 for all tracks
main	0	50528		Automation: Save latch preset 29 for all tracks
main	0	50529		Automation: Save latch preset 30 for all tracks
main	0	50530		Automation: Save latch preset 31 for all tracks
main	0	50531		Automation: Save latch preset 32 for all tracks
main	0	50532		Automation: Save latch preset 33 for all tracks
main	0	50533		Automation: Save latch preset 34 for all tracks
main	0	50534		Automation: Save latch preset 35 for all tracks
main	0	50535		Automation: Save latch preset 36 for all tracks
main	0	50536		Automation: Save latch preset 37 for all tracks
main	0	50537		Automation: Save latch preset 38 for all tracks
main	0	50538		Automation: Save latch preset 39 for all tracks
main	0	50539		Automation: Save latch preset 40 for all tracks
main	0	50540		Automation: Save latch preset 41 for all tracks
main	0	50541		Automation: Save latch preset 42 for all tracks
main	0	50542		Automation: Save latch preset 43 for all tracks
main	0	50543		Automation: Save latch preset 44 for all tracks
main	0	50544		Automation: Save latch preset 45 for all tracks
main	0	50545		Automation: Save latch preset 46 for all tracks
main	0	50546		Automation: Save latch preset 47 for all tracks
main	0	50547		Automation: Save latch preset 48 for all tracks
main	0	50548		Automation: Save latch preset 49 for all tracks
main	0	50549		Automation: Save latch preset 50 for all tracks
main	0	50550		Automation: Save latch preset 51 for all tracks
main	0	50551		Automation: Save latch preset 52 for all tracks
main	0	50552		Automation: Save latch preset 53 for all tracks
main	0	50553		Automation: Save latch preset 54 for all tracks
main	0	50554		Automation: Save latch preset 55 for all tracks
main	0	50555		Automation: Save latch preset 56 for all tracks
main	0	50556		Automation: Save latch preset 57 for all tracks
main	0	50557		Automation: Save latch preset 58 for all tracks
main	0	50558		Automation: Save latch preset 59 for all tracks
main	0	50559		Automation: Save latch preset 60 for all tracks
main	0	50560		Automation: Save latch preset 61 for all tracks
main	0	50561		Automation: Save latch preset 62 for all tracks
main	0	50562		Automation: Save latch preset 63 for all tracks
main	0	50563		Automation: Save latch preset 64 for all tracks
main	0	50564		Automation: Load latch preset 1 for all tracks
main	0	50565		Automation: Load latch preset 2 for all tracks
main	0	50566		Automation: Load latch preset 3 for all tracks
main	0	50567		Automation: Load latch preset 4 for all tracks
main	0	50568		Automation: Load latch preset 5 for all tracks
main	0	50569		Automation: Load latch preset 6 for all tracks
main	0	50570		Automation: Load latch preset 7 for all tracks
main	0	50571		Automation: Load latch preset 8 for all tracks
main	0	50572		Automation: Load latch preset 9 for all tracks
main	0	50573		Automation: Load latch preset 10 for all tracks
main	0	50574		Automation: Load latch preset 11 for all tracks
main	0	50575		Automation: Load latch preset 12 for all tracks
main	0	50576		Automation: Load latch preset 13 for all tracks
main	0	50577		Automation: Load latch preset 14 for all tracks
main	0	50578		Automation: Load latch preset 15 for all tracks
main	0	50579		Automation: Load latch preset 16 for all tracks
main	0	50580		Automation: Load latch preset 17 for all tracks
main	0	50581		Automation: Load latch preset 18 for all tracks
main	0	50582		Automation: Load latch preset 19 for all tracks
main	0	50583		Automation: Load latch preset 20 for all tracks
main	0	50584		Automation: Load latch preset 21 for all tracks
main	0	50585		Automation: Load latch preset 22 for all tracks
main	0	50586		Automation: Load latch preset 23 for all tracks
main	0	50587		Automation: Load latch preset 24 for all tracks
main	0	50588		Automation: Load latch preset 25 for all tracks
main	0	50589		Automation: Load latch preset 26 for all tracks
main	0	50590		Automation: Load latch preset 27 for all tracks
main	0	50591		Automation: Load latch preset 28 for all tracks
main	0	50592		Automation: Load latch preset 29 for all tracks
main	0	50593		Automation: Load latch preset 30 for all tracks
main	0	50594		Automation: Load latch preset 31 for all tracks
main	0	50595		Automation: Load latch preset 32 for all tracks
main	0	50596		Automation: Load latch preset 33 for all tracks
main	0	50597		Automation: Load latch preset 34 for all tracks
main	0	50598		Automation: Load latch preset 35 for all tracks
main	0	50599		Automation: Load latch preset 36 for all tracks
main	0	50600		Automation: Load latch preset 37 for all tracks
main	0	50601		Automation: Load latch preset 38 for all tracks
main	0	50602		Automation: Load latch preset 39 for all tracks
main	0	50603		Automation: Load latch preset 40 for all tracks
main	0	50604		Automation: Load latch preset 41 for all tracks
main	0	50605		Automation: Load latch preset 42 for all tracks
main	0	50606		Automation: Load latch preset 43 for all tracks
main	0	50607		Automation: Load latch preset 44 for all tracks
main	0	50608		Automation: Load latch preset 45 for all tracks
main	0	50609		Automation: Load latch preset 46 for all tracks
main	0	50610		Automation: Load latch preset 47 for all tracks
main	0	50611		Automation: Load latch preset 48 for all tracks
main	0	50612		Automation: Load latch preset 49 for all tracks
main	0	50613		Automation: Load latch preset 50 for all tracks
main	0	50614		Automation: Load latch preset 51 for all tracks
main	0	50615		Automation: Load latch preset 52 for all tracks
main	0	50616		Automation: Load latch preset 53 for all tracks
main	0	50617		Automation: Load latch preset 54 for all tracks
main	0	50618		Automation: Load latch preset 55 for all tracks
main	0	50619		Automation: Load latch preset 56 for all tracks
main	0	50620		Automation: Load latch preset 57 for all tracks
main	0	50621		Automation: Load latch preset 58 for all tracks
main	0	50622		Automation: Load latch preset 59 for all tracks
main	0	50623		Automation: Load latch preset 60 for all tracks
main	0	50624		Automation: Load latch preset 61 for all tracks
main	0	50625		Automation: Load latch preset 62 for all tracks
main	0	50626		Automation: Load latch preset 63 for all tracks
main	0	50627		Automation: Load latch preset 64 for all tracks
main	0	50628		Automation: Save latch preset 1 for selected tracks
main	0	50629		Automation: Save latch preset 2 for selected tracks
main	0	50630		Automation: Save latch preset 3 for selected tracks
main	0	50631		Automation: Save latch preset 4 for selected tracks
main	0	50632		Automation: Save latch preset 5 for selected tracks
main	0	50633		Automation: Save latch preset 6 for selected tracks
main	0	50634		Automation: Save latch preset 7 for selected tracks
main	0	50635		Automation: Save latch preset 8 for selected tracks
main	0	50636		Automation: Save latch preset 9 for selected tracks
main	0	50637		Automation: Save latch preset 10 for selected tracks
main	0	50638		Automation: Save latch preset 11 for selected tracks
main	0	50639		Automation: Save latch preset 12 for selected tracks
main	0	50640		Automation: Save latch preset 13 for selected tracks
main	0	50641		Automation: Save latch preset 14 for selected tracks
main	0	50642		Automation: Save latch preset 15 for selected tracks
main	0	50643		Automation: Save latch preset 16 for selected tracks
main	0	50644		Automation: Save latch preset 17 for selected tracks
main	0	50645		Automation: Save latch preset 18 for selected tracks
main	0	50646		Automation: Save latch preset 19 for selected tracks
main	0	50647		Automation: Save latch preset 20 for selected tracks
main	0	50648		Automation: Save latch preset 21 for selected tracks
main	0	50649		Automation: Save latch preset 22 for selected tracks
main	0	50650		Automation: Save latch preset 23 for selected tracks
main	0	50651		Automation: Save latch preset 24 for selected tracks
main	0	50652		Automation: Save latch preset 25 for selected tracks
main	0	50653		Automation: Save latch preset 26 for selected tracks
main	0	50654		Automation: Save latch preset 27 for selected tracks
main	0	50655		Automation: Save latch preset 28 for selected tracks
main	0	50656		Automation: Save latch preset 29 for selected tracks
main	0	50657		Automation: Save latch preset 30 for selected tracks
main	0	50658		Automation: Save latch preset 31 for selected tracks
main	0	50659		Automation: Save latch preset 32 for selected tracks
main	0	50660		Automation: Save latch preset 33 for selected tracks
main	0	50661		Automation: Save latch preset 34 for selected tracks
main	0	50662		Automation: Save latch preset 35 for selected tracks
main	0	50663		Automation: Save latch preset 36 for selected tracks
main	0	50664		Automation: Save latch preset 37 for selected tracks
main	0	50665		Automation: Save latch preset 38 for selected tracks
main	0	50666		Automation: Save latch preset 39 for selected tracks
main	0	50667		Automation: Save latch preset 40 for selected tracks
main	0	50668		Automation: Save latch preset 41 for selected tracks
main	0	50669		Automation: Save latch preset 42 for selected tracks
main	0	50670		Automation: Save latch preset 43 for selected tracks
main	0	50671		Automation: Save latch preset 44 for selected tracks
main	0	50672		Automation: Save latch preset 45 for selected tracks
main	0	50673		Automation: Save latch preset 46 for selected tracks
main	0	50674		Automation: Save latch preset 47 for selected tracks
main	0	50675		Automation: Save latch preset 48 for selected tracks
main	0	50676		Automation: Save latch preset 49 for selected tracks
main	0	50677		Automation: Save latch preset 50 for selected tracks
main	0	50678		Automation: Save latch preset 51 for selected tracks
main	0	50679		Automation: Save latch preset 52 for selected tracks
main	0	50680		Automation: Save latch preset 53 for selected tracks
main	0	50681		Automation: Save latch preset 54 for selected tracks
main	0	50682		Automation: Save latch preset 55 for selected tracks
main	0	50683		Automation: Save latch preset 56 for selected tracks
main	0	50684		Automation: Save latch preset 57 for selected tracks
main	0	50685		Automation: Save latch preset 58 for selected tracks
main	0	50686		Automation: Save latch preset 59 for selected tracks
main	0	50687		Automation: Save latch preset 60 for selected tracks
main	0	50688		Automation: Save latch preset 61 for selected tracks
main	0	50689		Automation: Save latch preset 62 for selected tracks
main	0	50690		Automation: Save latch preset 63 for selected tracks
main	0	50691		Automation: Save latch preset 64 for selected tracks
main	0	50692		Automation: Load latch preset 1 for selected tracks
main	0	50693		Automation: Load latch preset 2 for selected tracks
main	0	50694		Automation: Load latch preset 3 for selected tracks
main	0	50695		Automation: Load latch preset 4 for selected tracks
main	0	50696		Automation: Load latch preset 5 for selected tracks
main	0	50697		Automation: Load latch preset 6 for selected tracks
main	0	50698		Automation: Load latch preset 7 for selected tracks
main	0	50699		Automation: Load latch preset 8 for selected tracks
main	0	50700		Automation: Load latch preset 9 for selected tracks
main	0	50701		Automation: Load latch preset 10 for selected tracks
main	0	50702		Automation: Load latch preset 11 for selected tracks
main	0	50703		Automation: Load latch preset 12 for selected tracks
main	0	50704		Automation: Load latch preset 13 for selected tracks
main	0	50705		Automation: Load latch preset 14 for selected tracks
main	0	50706		Automation: Load latch preset 15 for selected tracks
main	0	50707		Automation: Load latch preset 16 for selected tracks
main	0	50708		Automation: Load latch preset 17 for selected tracks
main	0	50709		Automation: Load latch preset 18 for selected tracks
main	0	50710		Automation: Load latch preset 19 for selected tracks
main	0	50711		Automation: Load latch preset 20 for selected tracks
main	0	50712		Automation: Load latch preset 21 for selected tracks
main	0	50713		Automation: Load latch preset 22 for selected tracks
main	0	50714		Automation: Load latch preset 23 for selected tracks
main	0	50715		Automation: Load latch preset 24 for selected tracks
main	0	50716		Automation: Load latch preset 25 for selected tracks
main	0	50717		Automation: Load latch preset 26 for selected tracks
main	0	50718		Automation: Load latch preset 27 for selected tracks
main	0	50719		Automation: Load latch preset 28 for selected tracks
main	0	50720		Automation: Load latch preset 29 for selected tracks
main	0	50721		Automation: Load latch preset 30 for selected tracks
main	0	50722		Automation: Load latch preset 31 for selected tracks
main	0	50723		Automation: Load latch preset 32 for selected tracks
main	0	50724		Automation: Load latch preset 33 for selected tracks
main	0	50725		Automation: Load latch preset 34 for selected tracks
main	0	50726		Automation: Load latch preset 35 for selected tracks
main	0	50727		Automation: Load latch preset 36 for selected tracks
main	0	50728		Automation: Load latch preset 37 for selected tracks
main	0	50729		Automation: Load latch preset 38 for selected tracks
main	0	50730		Automation: Load latch preset 39 for selected tracks
main	0	50731		Automation: Load latch preset 40 for selected tracks
main	0	50732		Automation: Load latch preset 41 for selected tracks
main	0	50733		Automation: Load latch preset 42 for selected tracks
main	0	50734		Automation: Load latch preset 43 for selected tracks
main	0	50735		Automation: Load latch preset 44 for selected tracks
main	0	50736		Automation: Load latch preset 45 for selected tracks
main	0	50737		Automation: Load latch preset 46 for selected tracks
main	0	50738		Automation: Load latch preset 47 for selected tracks
main	0	50739		Automation: Load latch preset 48 for selected tracks
main	0	50740		Automation: Load latch preset 49 for selected tracks
main	0	50741		Automation: Load latch preset 50 for selected tracks
main	0	50742		Automation: Load latch preset 51 for selected tracks
main	0	50743		Automation: Load latch preset 52 for selected tracks
main	0	50744		Automation: Load latch preset 53 for selected tracks
main	0	50745		Automation: Load latch preset 54 for selected tracks
main	0	50746		Automation: Load latch preset 55 for selected tracks
main	0	50747		Automation: Load latch preset 56 for selected tracks
main	0	50748		Automation: Load latch preset 57 for selected tracks
main	0	50749		Automation: Load latch preset 58 for selected tracks
main	0	50750		Automation: Load latch preset 59 for selected tracks
main	0	50751		Automation: Load latch preset 60 for selected tracks
main	0	50752		Automation: Load latch preset 61 for selected tracks
main	0	50753		Automation: Load latch preset 62 for selected tracks
main	0	50754		Automation: Load latch preset 63 for selected tracks
main	0	50755		Automation: Load latch preset 64 for selected tracks
main	0	50756		Automation: Clear latch preset 1
main	0	50757		Automation: Clear latch preset 2
main	0	50758		Automation: Clear latch preset 3
main	0	50759		Automation: Clear latch preset 4
main	0	50760		Automation: Clear latch preset 5
main	0	50761		Automation: Clear latch preset 6
main	0	50762		Automation: Clear latch preset 7
main	0	50763		Automation: Clear latch preset 8
main	0	50764		Automation: Clear latch preset 9
main	0	50765		Automation: Clear latch preset 10
main	0	50766		Automation: Clear latch preset 11
main	0	50767		Automation: Clear latch preset 12
main	0	50768		Automation: Clear latch preset 13
main	0	50769		Automation: Clear latch preset 14
main	0	50770		Automation: Clear latch preset 15
main	0	50771		Automation: Clear latch preset 16
main	0	50772		Automation: Clear latch preset 17
main	0	50773		Automation: Clear latch preset 18
main	0	50774		Automation: Clear latch preset 19
main	0	50775		Automation: Clear latch preset 20
main	0	50776		Automation: Clear latch preset 21
main	0	50777		Automation: Clear latch preset 22
main	0	50778		Automation: Clear latch preset 23
main	0	50779		Automation: Clear latch preset 24
main	0	50780		Automation: Clear latch preset 25
main	0	50781		Automation: Clear latch preset 26
main	0	50782		Automation: Clear latch preset 27
main	0	50783		Automation: Clear latch preset 28
main	0	50784		Automation: Clear latch preset 29
main	0	50785		Automation: Clear latch preset 30
main	0	50786		Automation: Clear latch preset 31
main	0	50787		Automation: Clear latch preset 32
main	0	50788		Automation: Clear latch preset 33
main	0	50789		Automation: Clear latch preset 34
main	0	50790		Automation: Clear latch preset 35
main	0	50791		Automation: Clear latch preset 36
main	0	50792		Automation: Clear latch preset 37
main	0	50793		Automation: Clear latch preset 38
main	0	50794		Automation: Clear latch preset 39
main	0	50795		Automation: Clear latch preset 40
main	0	50796		Automation: Clear latch preset 41
main	0	50797		Automation: Clear latch preset 42
main	0	50798		Automation: Clear latch preset 43
main	0	50799		Automation: Clear latch preset 44
main	0	50800		Automation: Clear latch preset 45
main	0	50801		Automation: Clear latch preset 46
main	0	50802		Automation: Clear latch preset 47
main	0	50803		Automation: Clear latch preset 48
main	0	50804		Automation: Clear latch preset 49
main	0	50805		Automation: Clear latch preset 50
main	0	50806		Automation: Clear latch preset 51
main	0	50807		Automation: Clear latch preset 52
main	0	50808		Automation: Clear latch preset 53
main	0	50809		Automation: Clear latch preset 54
main	0	50810		Automation: Clear latch preset 55
main	0	50811		Automation: Clear latch preset 56
main	0	50812		Automation: Clear latch preset 57
main	0	50813		Automation: Clear latch preset 58
main	0	50814		Automation: Clear latch preset 59
main	0	50815		Automation: Clear latch preset 60
main	0	50816		Automation: Clear latch preset 61
main	0	50817		Automation: Clear latch preset 62
main	0	50818		Automation: Clear latch preset 63
main	0	50819		Automation: Clear latch preset 64
main	0	50820		FX: Toggle bypass for FX in slot 1 for selected tracks
main	0	50821		FX: Toggle bypass for FX in slot 2 for selected tracks
main	0	50822		FX: Toggle bypass for FX in slot 3 for selected tracks
main	0	50823		FX: Toggle bypass for FX in slot 4 for selected tracks
main	0	50824		FX: Toggle bypass for FX in slot 5 for selected tracks
main	0	50825		FX: Toggle bypass for FX in slot 6 for selected tracks
main	0	50826		FX: Toggle bypass for FX in slot 7 for selected tracks
main	0	50827		FX: Toggle bypass for FX in slot 8 for selected tracks
main	0	50828		FX: Toggle bypass for FX in slot 9 for selected tracks
main	0	50829		FX: Toggle bypass for FX in slot 10 for selected tracks
main	0	53000	RS1ee9bb229dabffe151848d7efa3c10f748e1a1cf	Script: lyrics.lua
main	0	53002	RS1cbf05b0c4f875518496f34a5ce45adefe05cb67	Script: Default_6.0_theme_adjuster.lua
main	0	53003	RS6c2efb3f983d062c88752f161da4cbbd6ab222e9	Script: Default_7.0_theme_adjuster.lua
main	0	65535		No-op (no action)
main_alt	100	4		Track: Set volume for selected tracks (MIDI CC/OSC only)
main_alt	100	5		Track: Set pan for selected tracks (MIDI CC/OSC only)
main_alt	100	6		Track: Toggle mute for selected tracks
main_alt	100	7		Track: Toggle solo for selected tracks
main_alt	100	8		Track: Toggle FX bypass for selected tracks
main_alt	100	9		Track: Toggle record arm for selected tracks
main_alt	100	10		Track: Set mute for selected tracks (MIDI CC/OSC only)
main_alt	100	11		Track: Set solo for selected tracks (MIDI CC/OSC only)
main_alt	100	12		Track: Set volume for master track (MIDI CC/OSC only)
main_alt	100	13		Track: Set pan for master track (MIDI CC/OSC only)
main_alt	100	14		Track: Toggle mute for master track
main_alt	100	15		Track: Toggle solo for master track
main_alt	100	16		Track: Toggle FX bypass for master track
main_alt	100	18		Track: Set mute for master track (MIDI CC/OSC only)
main_alt	100	19		Track: Set solo for master track (MIDI CC/OSC only)
main_alt	100	20		Track: Set volume for track 01 (MIDI CC/OSC only)
main_alt	100	21		Track: Set pan for track 01 (MIDI CC/OSC only)
main_alt	100	22		Track: Toggle mute for track 01
main_alt	100	23		Track: Toggle solo for track 01
main_alt	100	24		Track: Toggle FX bypass for track 01
main_alt	100	25		Track: Toggle record arm for track 01
main_alt	100	26		Track: Set mute for track 01 (MIDI CC/OSC only)
main_alt	100	27		Track: Set solo for track 01 (MIDI CC/OSC only)
main_alt	100	28		Track: Set volume for track 02 (MIDI CC/OSC only)
main_alt	100	29		Track: Set pan for track 02 (MIDI CC/OSC only)
main_alt	100	30		Track: Toggle mute for track 02
main_alt	100	31		Track: Toggle solo for track 02
main_alt	100	32		Track: Toggle FX bypass for track 02
main_alt	100	33		Track: Toggle record arm for track 02
main_alt	100	34		Track: Set mute for track 02 (MIDI CC/OSC only)
main_alt	100	35		Track: Set solo for track 02 (MIDI CC/OSC only)
main_alt	100	36		Track: Set volume for track 03 (MIDI CC/OSC only)
main_alt	100	37		Track: Set pan for track 03 (MIDI CC/OSC only)
main_alt	100	38		Track: Toggle mute for track 03
main_alt	100	39		Track: Toggle solo for track 03
main_alt	100	40		Track: Toggle FX bypass for track 03
main_alt	100	41		Track: Toggle record arm for track 03
main_alt	100	42		Track: Set mute for track 03 (MIDI CC/OSC only)
main_alt	100	43		Track: Set solo for track 03 (MIDI CC/OSC only)
main_alt	100	44		Track: Set volume for track 04 (MIDI CC/OSC only)
main_alt	100	45		Track: Set pan for track 04 (MIDI CC/OSC only)
main_alt	100	46		Track: Toggle mute for track 04
main_alt	100	47		Track: Toggle solo for track 04
main_alt	100	48		Track: Toggle FX bypass for track 04
main_alt	100	49		Track: Toggle record arm for track 04
main_alt	100	50		Track: Set mute for track 04 (MIDI CC/OSC only)
main_alt	100	51		Track: Set solo for track 04 (MIDI CC/OSC only)
main_alt	100	52		Track: Set volume for track 05 (MIDI CC/OSC only)
main_alt	100	53		Track: Set pan for track 05 (MIDI CC/OSC only)
main_alt	100	54		Track: Toggle mute for track 05
main_alt	100	55		Track: Toggle solo for track 05
main_alt	100	56		Track: Toggle FX bypass for track 05
main_alt	100	57		Track: Toggle record arm for track 05
main_alt	100	58		Track: Set mute for track 05 (MIDI CC/OSC only)
main_alt	100	59		Track: Set solo for track 05 (MIDI CC/OSC only)
main_alt	100	60		Track: Set volume for track 06 (MIDI CC/OSC only)
main_alt	100	61		Track: Set pan for track 06 (MIDI CC/OSC only)
main_alt	100	62		Track: Toggle mute for track 06
main_alt	100	63		Track: Toggle solo for track 06
main_alt	100	64		Track: Toggle FX bypass for track 06
main_alt	100	65		Track: Toggle record arm for track 06
main_alt	100	66		Track: Set mute for track 06 (MIDI CC/OSC only)
main_alt	100	67		Track: Set solo for track 06 (MIDI CC/OSC only)
main_alt	100	68		Track: Set volume for track 07 (MIDI CC/OSC only)
main_alt	100	69		Track: Set pan for track 07 (MIDI CC/OSC only)
main_alt	100	70		Track: Toggle mute for track 07
main_alt	100	71		Track: Toggle solo for track 07
main_alt	100	72		Track: Toggle FX bypass for track 07
main_alt	100	73		Track: Toggle record arm for track 07
main_alt	100	74		Track: Set mute for track 07 (MIDI CC/OSC only)
main_alt	100	75		Track: Set solo for track 07 (MIDI CC/OSC only)
main_alt	100	76		Track: Set volume for track 08 (MIDI CC/OSC only)
main_alt	100	77		Track: Set pan for track 08 (MIDI CC/OSC only)
main_alt	100	78		Track: Toggle mute for track 08
main_alt	100	79		Track: Toggle solo for track 08
main_alt	100	80		Track: Toggle FX bypass for track 08
main_alt	100	81		Track: Toggle record arm for track 08
main_alt	100	82		Track: Set mute for track 08 (MIDI CC/OSC only)
main_alt	100	83		Track: Set solo for track 08 (MIDI CC/OSC only)
main_alt	100	84		Track: Set volume for track 09 (MIDI CC/OSC only)
main_alt	100	85		Track: Set pan for track 09 (MIDI CC/OSC only)
main_alt	100	86		Track: Toggle mute for track 09
main_alt	100	87		Track: Toggle solo for track 09
main_alt	100	88		Track: Toggle FX bypass for track 09
main_alt	100	89		Track: Toggle record arm for track 09
main_alt	100	90		Track: Set mute for track 09 (MIDI CC/OSC only)
main_alt	100	91		Track: Set solo for track 09 (MIDI CC/OSC only)
main_alt	100	92		Track: Set volume for track 10 (MIDI CC/OSC only)
main_alt	100	93		Track: Set pan for track 10 (MIDI CC/OSC only)
main_alt	100	94		Track: Toggle mute for track 10
main_alt	100	95		Track: Toggle solo for track 10
main_alt	100	96		Track: Toggle FX bypass for track 10
main_alt	100	97		Track: Toggle record arm for track 10
main_alt	100	98		Track: Set mute for track 10 (MIDI CC/OSC only)
main_alt	100	99		Track: Set solo for track 10 (MIDI CC/OSC only)
main_alt	100	100		Track: Set volume for track 11 (MIDI CC/OSC only)
main_alt	100	101		Track: Set pan for track 11 (MIDI CC/OSC only)
main_alt	100	102		Track: Toggle mute for track 11
main_alt	100	103		Track: Toggle solo for track 11
main_alt	100	104		Track: Toggle FX bypass for track 11
main_alt	100	105		Track: Toggle record arm for track 11
main_alt	100	106		Track: Set mute for track 11 (MIDI CC/OSC only)
main_alt	100	107		Track: Set solo for track 11 (MIDI CC/OSC only)
main_alt	100	108		Track: Set volume for track 12 (MIDI CC/OSC only)
main_alt	100	109		Track: Set pan for track 12 (MIDI CC/OSC only)
main_alt	100	110		Track: Toggle mute for track 12
main_alt	100	111		Track: Toggle solo for track 12
main_alt	100	112		Track: Toggle FX bypass for track 12
main_alt	100	113		Track: Toggle record arm for track 12
main_alt	100	114		Track: Set mute for track 12 (MIDI CC/OSC only)
main_alt	100	115		Track: Set solo for track 12 (MIDI CC/OSC only)
main_alt	100	116		Track: Set volume for track 13 (MIDI CC/OSC only)
main_alt	100	117		Track: Set pan for track 13 (MIDI CC/OSC only)
main_alt	100	118		Track: Toggle mute for track 13
main_alt	100	119		Track: Toggle solo for track 13
main_alt	100	120		Track: Toggle FX bypass for track 13
main_alt	100	121		Track: Toggle record arm for track 13
main_alt	100	122		Track: Set mute for track 13 (MIDI CC/OSC only)
main_alt	100	123		Track: Set solo for track 13 (MIDI CC/OSC only)
main_alt	100	124		Track: Set volume for track 14 (MIDI CC/OSC only)
main_alt	100	125		Track: Set pan for track 14 (MIDI CC/OSC only)
main_alt	100	126		Track: Toggle mute for track 14
main_alt	100	127		Track: Toggle solo for track 14
main_alt	100	128		Track: Toggle FX bypass for track 14
main_alt	100	129		Track: Toggle record arm for track 14
main_alt	100	130		Track: Set mute for track 14 (MIDI CC/OSC only)
main_alt	100	131		Track: Set solo for track 14 (MIDI CC/OSC only)
main_alt	100	132		Track: Set volume for track 15 (MIDI CC/OSC only)
main_alt	100	133		Track: Set pan for track 15 (MIDI CC/OSC only)
main_alt	100	134		Track: Toggle mute for track 15
main_alt	100	135		Track: Toggle solo for track 15
main_alt	100	136		Track: Toggle FX bypass for track 15
main_alt	100	137		Track: Toggle record arm for track 15
main_alt	100	138		Track: Set mute for track 15 (MIDI CC/OSC only)
main_alt	100	139		Track: Set solo for track 15 (MIDI CC/OSC only)
main_alt	100	140		Track: Set volume for track 16 (MIDI CC/OSC only)
main_alt	100	141		Track: Set pan for track 16 (MIDI CC/OSC only)
main_alt	100	142		Track: Toggle mute for track 16
main_alt	100	143		Track: Toggle solo for track 16
main_alt	100	144		Track: Toggle FX bypass for track 16
main_alt	100	145		Track: Toggle record arm for track 16
main_alt	100	146		Track: Set mute for track 16 (MIDI CC/OSC only)
main_alt	100	147		Track: Set solo for track 16 (MIDI CC/OSC only)
main_alt	100	148		Track: Set volume for track 17 (MIDI CC/OSC only)
main_alt	100	149		Track: Set pan for track 17 (MIDI CC/OSC only)
main_alt	100	150		Track: Toggle mute for track 17
main_alt	100	151		Track: Toggle solo for track 17
main_alt	100	152		Track: Toggle FX bypass for track 17
main_alt	100	153		Track: Toggle record arm for track 17
main_alt	100	154		Track: Set mute for track 17 (MIDI CC/OSC only)
main_alt	100	155		Track: Set solo for track 17 (MIDI CC/OSC only)
main_alt	100	156		Track: Set volume for track 18 (MIDI CC/OSC only)
main_alt	100	157		Track: Set pan for track 18 (MIDI CC/OSC only)
main_alt	100	158		Track: Toggle mute for track 18
main_alt	100	159		Track: Toggle solo for track 18
main_alt	100	160		Track: Toggle FX bypass for track 18
main_alt	100	161		Track: Toggle record arm for track 18
main_alt	100	162		Track: Set mute for track 18 (MIDI CC/OSC only)
main_alt	100	163		Track: Set solo for track 18 (MIDI CC/OSC only)
main_alt	100	164		Track: Set volume for track 19 (MIDI CC/OSC only)
main_alt	100	165		Track: Set pan for track 19 (MIDI CC/OSC only)
main_alt	100	166		Track: Toggle mute for track 19
main_alt	100	167		Track: Toggle solo for track 19
main_alt	100	168		Track: Toggle FX bypass for track 19
main_alt	100	169		Track: Toggle record arm for track 19
main_alt	100	170		Track: Set mute for track 19 (MIDI CC/OSC only)
main_alt	100	171		Track: Set solo for track 19 (MIDI CC/OSC only)
main_alt	100	172		Track: Set volume for track 20 (MIDI CC/OSC only)
main_alt	100	173		Track: Set pan for track 20 (MIDI CC/OSC only)
main_alt	100	174		Track: Toggle mute for track 20
main_alt	100	175		Track: Toggle solo for track 20
main_alt	100	176		Track: Toggle FX bypass for track 20
main_alt	100	177		Track: Toggle record arm for track 20
main_alt	100	178		Track: Set mute for track 20 (MIDI CC/OSC only)
main_alt	100	179		Track: Set solo for track 20 (MIDI CC/OSC only)
main_alt	100	180		Track: Set volume for track 21 (MIDI CC/OSC only)
main_alt	100	181		Track: Set pan for track 21 (MIDI CC/OSC only)
main_alt	100	182		Track: Toggle mute for track 21
main_alt	100	183		Track: Toggle solo for track 21
main_alt	100	184		Track: Toggle FX bypass for track 21
main_alt	100	185		Track: Toggle record arm for track 21
main_alt	100	186		Track: Set mute for track 21 (MIDI CC/OSC only)
main_alt	100	187		Track: Set solo for track 21 (MIDI CC/OSC only)
main_alt	100	188		Track: Set volume for track 22 (MIDI CC/OSC only)
main_alt	100	189		Track: Set pan for track 22 (MIDI CC/OSC only)
main_alt	100	190		Track: Toggle mute for track 22
main_alt	100	191		Track: Toggle solo for track 22
main_alt	100	192		Track: Toggle FX bypass for track 22
main_alt	100	193		Track: Toggle record arm for track 22
main_alt	100	194		Track: Set mute for track 22 (MIDI CC/OSC only)
main_alt	100	195		Track: Set solo for track 22 (MIDI CC/OSC only)
main_alt	100	196		Track: Set volume for track 23 (MIDI CC/OSC only)
main_alt	100	197		Track: Set pan for track 23 (MIDI CC/OSC only)
main_alt	100	198		Track: Toggle mute for track 23
main_alt	100	199		Track: Toggle solo for track 23
main_alt	100	200		Track: Toggle FX bypass for track 23
main_alt	100	201		Track: Toggle record arm for track 23
main_alt	100	202		Track: Set mute for track 23 (MIDI CC/OSC only)
main_alt	100	203		Track: Set solo for track 23 (MIDI CC/OSC only)
main_alt	100	204		Track: Set volume for track 24 (MIDI CC/OSC only)
main_alt	100	205		Track: Set pan for track 24 (MIDI CC/OSC only)
main_alt	100	206		Track: Toggle mute for track 24
main_alt	100	207		Track: Toggle solo for track 24
main_alt	100	208		Track: Toggle FX bypass for track 24
main_alt	100	209		Track: Toggle record arm for track 24
main_alt	100	210		Track: Set mute for track 24 (MIDI CC/OSC only)
main_alt	100	211		Track: Set solo for track 24 (MIDI CC/OSC only)
main_alt	100	212		Track: Set volume for track 25 (MIDI CC/OSC only)
main_alt	100	213		Track: Set pan for track 25 (MIDI CC/OSC only)
main_alt	100	214		Track: Toggle mute for track 25
main_alt	100	215		Track: Toggle solo for track 25
main_alt	100	216		Track: Toggle FX bypass for track 25
main_alt	100	217		Track: Toggle record arm for track 25
main_alt	100	218		Track: Set mute for track 25 (MIDI CC/OSC only)
main_alt	100	219		Track: Set solo for track 25 (MIDI CC/OSC only)
main_alt	100	220		Track: Set volume for track 26 (MIDI CC/OSC only)
main_alt	100	221		Track: Set pan for track 26 (MIDI CC/OSC only)
main_alt	100	222		Track: Toggle mute for track 26
main_alt	100	223		Track: Toggle solo for track 26
main_alt	100	224		Track: Toggle FX bypass for track 26
main_alt	100	225		Track: Toggle record arm for track 26
main_alt	100	226		Track: Set mute for track 26 (MIDI CC/OSC only)
main_alt	100	227		Track: Set solo for track 26 (MIDI CC/OSC only)
main_alt	100	228		Track: Set volume for track 27 (MIDI CC/OSC only)
main_alt	100	229		Track: Set pan for track 27 (MIDI CC/OSC only)
main_alt	100	230		Track: Toggle mute for track 27
main_alt	100	231		Track: Toggle solo for track 27
main_alt	100	232		Track: Toggle FX bypass for track 27
main_alt	100	233		Track: Toggle record arm for track 27
main_alt	100	234		Track: Set mute for track 27 (MIDI CC/OSC only)
main_alt	100	235		Track: Set solo for track 27 (MIDI CC/OSC only)
main_alt	100	236		Track: Set volume for track 28 (MIDI CC/OSC only)
main_alt	100	237		Track: Set pan for track 28 (MIDI CC/OSC only)
main_alt	100	238		Track: Toggle mute for track 28
main_alt	100	239		Track: Toggle solo for track 28
main_alt	100	240		Track: Toggle FX bypass for track 28
main_alt	100	241		Track: Toggle record arm for track 28
main_alt	100	242		Track: Set mute for track 28 (MIDI CC/OSC only)
main_alt	100	243		Track: Set solo for track 28 (MIDI CC/OSC only)
main_alt	100	244		Track: Set volume for track 29 (MIDI CC/OSC only)
main_alt	100	245		Track: Set pan for track 29 (MIDI CC/OSC only)
main_alt	100	246		Track: Toggle mute for track 29
main_alt	100	247		Track: Toggle solo for track 29
main_alt	100	248		Track: Toggle FX bypass for track 29
main_alt	100	249		Track: Toggle record arm for track 29
main_alt	100	250		Track: Set mute for track 29 (MIDI CC/OSC only)
main_alt	100	251		Track: Set solo for track 29 (MIDI CC/OSC only)
main_alt	100	252		Track: Set volume for track 30 (MIDI CC/OSC only)
main_alt	100	253		Track: Set pan for track 30 (MIDI CC/OSC only)
main_alt	100	254		Track: Toggle mute for track 30
main_alt	100	255		Track: Toggle solo for track 30
main_alt	100	256		Track: Toggle FX bypass for track 30
main_alt	100	257		Track: Toggle record arm for track 30
main_alt	100	258		Track: Set mute for track 30 (MIDI CC/OSC only)
main_alt	100	259		Track: Set solo for track 30 (MIDI CC/OSC only)
main_alt	100	260		Track: Set volume for track 31 (MIDI CC/OSC only)
main_alt	100	261		Track: Set pan for track 31 (MIDI CC/OSC only)
main_alt	100	262		Track: Toggle mute for track 31
main_alt	100	263		Track: Toggle solo for track 31
main_alt	100	264		Track: Toggle FX bypass for track 31
main_alt	100	265		Track: Toggle record arm for track 31
main_alt	100	266		Track: Set mute for track 31 (MIDI CC/OSC only)
main_alt	100	267		Track: Set solo for track 31 (MIDI CC/OSC only)
main_alt	100	268		Track: Set volume for track 32 (MIDI CC/OSC only)
main_alt	100	269		Track: Set pan for track 32 (MIDI CC/OSC only)
main_alt	100	270		Track: Toggle mute for track 32
main_alt	100	271		Track: Toggle solo for track 32
main_alt	100	272		Track: Toggle FX bypass for track 32
main_alt	100	273		Track: Toggle record arm for track 32
main_alt	100	274		Track: Set mute for track 32 (MIDI CC/OSC only)
main_alt	100	275		Track: Set solo for track 32 (MIDI CC/OSC only)
main_alt	100	276		Track: Set volume for track 33 (MIDI CC/OSC only)
main_alt	100	277		Track: Set pan for track 33 (MIDI CC/OSC only)
main_alt	100	278		Track: Toggle mute for track 33
main_alt	100	279		Track: Toggle solo for track 33
main_alt	100	280		Track: Toggle FX bypass for track 33
main_alt	100	281		Track: Toggle record arm for track 33
main_alt	100	282		Track: Set mute for track 33 (MIDI CC/OSC only)
main_alt	100	283		Track: Set solo for track 33 (MIDI CC/OSC only)
main_alt	100	284		Track: Set volume for track 34 (MIDI CC/OSC only)
main_alt	100	285		Track: Set pan for track 34 (MIDI CC/OSC only)
main_alt	100	286		Track: Toggle mute for track 34
main_alt	100	287		Track: Toggle solo for track 34
main_alt	100	288		Track: Toggle FX bypass for track 34
main_alt	100	289		Track: Toggle record arm for track 34
main_alt	100	290		Track: Set mute for track 34 (MIDI CC/OSC only)
main_alt	100	291		Track: Set solo for track 34 (MIDI CC/OSC only)
main_alt	100	292		Track: Set volume for track 35 (MIDI CC/OSC only)
main_alt	100	293		Track: Set pan for track 35 (MIDI CC/OSC only)
main_alt	100	294		Track: Toggle mute for track 35
main_alt	100	295		Track: Toggle solo for track 35
main_alt	100	296		Track: Toggle FX bypass for track 35
main_alt	100	297		Track: Toggle record arm for track 35
main_alt	100	298		Track: Set mute for track 35 (MIDI CC/OSC only)
main_alt	100	299		Track: Set solo for track 35 (MIDI CC/OSC only)
main_alt	100	300		Track: Set volume for track 36 (MIDI CC/OSC only)
main_alt	100	301		Track: Set pan for track 36 (MIDI CC/OSC only)
main_alt	100	302		Track: Toggle mute for track 36
main_alt	100	303		Track: Toggle solo for track 36
main_alt	100	304		Track: Toggle FX bypass for track 36
main_alt	100	305		Track: Toggle record arm for track 36
main_alt	100	306		Track: Set mute for track 36 (MIDI CC/OSC only)
main_alt	100	307		Track: Set solo for track 36 (MIDI CC/OSC only)
main_alt	100	308		Track: Set volume for track 37 (MIDI CC/OSC only)
main_alt	100	309		Track: Set pan for track 37 (MIDI CC/OSC only)
main_alt	100	310		Track: Toggle mute for track 37
main_alt	100	311		Track: Toggle solo for track 37
main_alt	100	312		Track: Toggle FX bypass for track 37
main_alt	100	313		Track: Toggle record arm for track 37
main_alt	100	314		Track: Set mute for track 37 (MIDI CC/OSC only)
main_alt	100	315		Track: Set solo for track 37 (MIDI CC/OSC only)
main_alt	100	316		Track: Set volume for track 38 (MIDI CC/OSC only)
main_alt	100	317		Track: Set pan for track 38 (MIDI CC/OSC only)
main_alt	100	318		Track: Toggle mute for track 38
main_alt	100	319		Track: Toggle solo for track 38
main_alt	100	320		Track: Toggle FX bypass for track 38
main_alt	100	321		Track: Toggle record arm for track 38
main_alt	100	322		Track: Set mute for track 38 (MIDI CC/OSC only)
main_alt	100	323		Track: Set solo for track 38 (MIDI CC/OSC only)
main_alt	100	324		Track: Set volume for track 39 (MIDI CC/OSC only)
main_alt	100	325		Track: Set pan for track 39 (MIDI CC/OSC only)
main_alt	100	326		Track: Toggle mute for track 39
main_alt	100	327		Track: Toggle solo for track 39
main_alt	100	328		Track: Toggle FX bypass for track 39
main_alt	100	329		Track: Toggle record arm for track 39
main_alt	100	330		Track: Set mute for track 39 (MIDI CC/OSC only)
main_alt	100	331		Track: Set solo for track 39 (MIDI CC/OSC only)
main_alt	100	332		Track: Set volume for track 40 (MIDI CC/OSC only)
main_alt	100	333		Track: Set pan for track 40 (MIDI CC/OSC only)
main_alt	100	334		Track: Toggle mute for track 40
main_alt	100	335		Track: Toggle solo for track 40
main_alt	100	336		Track: Toggle FX bypass for track 40
main_alt	100	337		Track: Toggle record arm for track 40
main_alt	100	338		Track: Set mute for track 40 (MIDI CC/OSC only)
main_alt	100	339		Track: Set solo for track 40 (MIDI CC/OSC only)
main_alt	100	340		Track: Set volume for track 41 (MIDI CC/OSC only)
main_alt	100	341		Track: Set pan for track 41 (MIDI CC/OSC only)
main_alt	100	342		Track: Toggle mute for track 41
main_alt	100	343		Track: Toggle solo for track 41
main_alt	100	344		Track: Toggle FX bypass for track 41
main_alt	100	345		Track: Toggle record arm for track 41
main_alt	100	346		Track: Set mute for track 41 (MIDI CC/OSC only)
main_alt	100	347		Track: Set solo for track 41 (MIDI CC/OSC only)
main_alt	100	348		Track: Set volume for track 42 (MIDI CC/OSC only)
main_alt	100	349		Track: Set pan for track 42 (MIDI CC/OSC only)
main_alt	100	350		Track: Toggle mute for track 42
main_alt	100	351		Track: Toggle solo for track 42
main_alt	100	352		Track: Toggle FX bypass for track 42
main_alt	100	353		Track: Toggle record arm for track 42
main_alt	100	354		Track: Set mute for track 42 (MIDI CC/OSC only)
main_alt	100	355		Track: Set solo for track 42 (MIDI CC/OSC only)
main_alt	100	356		Track: Set volume for track 43 (MIDI CC/OSC only)
main_alt	100	357		Track: Set pan for track 43 (MIDI CC/OSC only)
main_alt	100	358		Track: Toggle mute for track 43
main_alt	100	359		Track: Toggle solo for track 43
main_alt	100	360		Track: Toggle FX bypass for track 43
main_alt	100	361		Track: Toggle record arm for track 43
main_alt	100	362		Track: Set mute for track 43 (MIDI CC/OSC only)
main_alt	100	363		Track: Set solo for track 43 (MIDI CC/OSC only)
main_alt	100	364		Track: Set volume for track 44 (MIDI CC/OSC only)
main_alt	100	365		Track: Set pan for track 44 (MIDI CC/OSC only)
main_alt	100	366		Track: Toggle mute for track 44
main_alt	100	367		Track: Toggle solo for track 44
main_alt	100	368		Track: Toggle FX bypass for track 44
main_alt	100	369		Track: Toggle record arm for track 44
main_alt	100	370		Track: Set mute for track 44 (MIDI CC/OSC only)
main_alt	100	371		Track: Set solo for track 44 (MIDI CC/OSC only)
main_alt	100	372		Track: Set volume for track 45 (MIDI CC/OSC only)
main_alt	100	373		Track: Set pan for track 45 (MIDI CC/OSC only)
main_alt	100	374		Track: Toggle mute for track 45
main_alt	100	375		Track: Toggle solo for track 45
main_alt	100	376		Track: Toggle FX bypass for track 45
main_alt	100	377		Track: Toggle record arm for track 45
main_alt	100	378		Track: Set mute for track 45 (MIDI CC/OSC only)
main_alt	100	379		Track: Set solo for track 45 (MIDI CC/OSC only)
main_alt	100	380		Track: Set volume for track 46 (MIDI CC/OSC only)
main_alt	100	381		Track: Set pan for track 46 (MIDI CC/OSC only)
main_alt	100	382		Track: Toggle mute for track 46
main_alt	100	383		Track: Toggle solo for track 46
main_alt	100	384		Track: Toggle FX bypass for track 46
main_alt	100	385		Track: Toggle record arm for track 46
main_alt	100	386		Track: Set mute for track 46 (MIDI CC/OSC only)
main_alt	100	387		Track: Set solo for track 46 (MIDI CC/OSC only)
main_alt	100	388		Track: Set volume for track 47 (MIDI CC/OSC only)
main_alt	100	389		Track: Set pan for track 47 (MIDI CC/OSC only)
main_alt	100	390		Track: Toggle mute for track 47
main_alt	100	391		Track: Toggle solo for track 47
main_alt	100	392		Track: Toggle FX bypass for track 47
main_alt	100	393		Track: Toggle record arm for track 47
main_alt	100	394		Track: Set mute for track 47 (MIDI CC/OSC only)
main_alt	100	395		Track: Set solo for track 47 (MIDI CC/OSC only)
main_alt	100	396		Track: Set volume for track 48 (MIDI CC/OSC only)
main_alt	100	397		Track: Set pan for track 48 (MIDI CC/OSC only)
main_alt	100	398		Track: Toggle mute for track 48
main_alt	100	399		Track: Toggle solo for track 48
main_alt	100	400		Track: Toggle FX bypass for track 48
main_alt	100	401		Track: Toggle record arm for track 48
main_alt	100	402		Track: Set mute for track 48 (MIDI CC/OSC only)
main_alt	100	403		Track: Set solo for track 48 (MIDI CC/OSC only)
main_alt	100	404		Track: Set volume for track 49 (MIDI CC/OSC only)
main_alt	100	405		Track: Set pan for track 49 (MIDI CC/OSC only)
main_alt	100	406		Track: Toggle mute for track 49
main_alt	100	407		Track: Toggle solo for track 49
main_alt	100	408		Track: Toggle FX bypass for track 49
main_alt	100	409		Track: Toggle record arm for track 49
main_alt	100	410		Track: Set mute for track 49 (MIDI CC/OSC only)
main_alt	100	411		Track: Set solo for track 49 (MIDI CC/OSC only)
main_alt	100	412		Track: Set volume for track 50 (MIDI CC/OSC only)
main_alt	100	413		Track: Set pan for track 50 (MIDI CC/OSC only)
main_alt	100	414		Track: Toggle mute for track 50
main_alt	100	415		Track: Toggle solo for track 50
main_alt	100	416		Track: Toggle FX bypass for track 50
main_alt	100	417		Track: Toggle record arm for track 50
main_alt	100	418		Track: Set mute for track 50 (MIDI CC/OSC only)
main_alt	100	419		Track: Set solo for track 50 (MIDI CC/OSC only)
main_alt	100	420		Track: Set volume for track 51 (MIDI CC/OSC only)
main_alt	100	421		Track: Set pan for track 51 (MIDI CC/OSC only)
main_alt	100	422		Track: Toggle mute for track 51
main_alt	100	423		Track: Toggle solo for track 51
main_alt	100	424		Track: Toggle FX bypass for track 51
main_alt	100	425		Track: Toggle record arm for track 51
main_alt	100	426		Track: Set mute for track 51 (MIDI CC/OSC only)
main_alt	100	427		Track: Set solo for track 51 (MIDI CC/OSC only)
main_alt	100	428		Track: Set volume for track 52 (MIDI CC/OSC only)
main_alt	100	429		Track: Set pan for track 52 (MIDI CC/OSC only)
main_alt	100	430		Track: Toggle mute for track 52
main_alt	100	431		Track: Toggle solo for track 52
main_alt	100	432		Track: Toggle FX bypass for track 52
main_alt	100	433		Track: Toggle record arm for track 52
main_alt	100	434		Track: Set mute for track 52 (MIDI CC/OSC only)
main_alt	100	435		Track: Set solo for track 52 (MIDI CC/OSC only)
main_alt	100	436		Track: Set volume for track 53 (MIDI CC/OSC only)
main_alt	100	437		Track: Set pan for track 53 (MIDI CC/OSC only)
main_alt	100	438		Track: Toggle mute for track 53
main_alt	100	439		Track: Toggle solo for track 53
main_alt	100	440		Track: Toggle FX bypass for track 53
main_alt	100	441		Track: Toggle record arm for track 53
main_alt	100	442		Track: Set mute for track 53 (MIDI CC/OSC only)
main_alt	100	443		Track: Set solo for track 53 (MIDI CC/OSC only)
main_alt	100	444		Track: Set volume for track 54 (MIDI CC/OSC only)
main_alt	100	445		Track: Set pan for track 54 (MIDI CC/OSC only)
main_alt	100	446		Track: Toggle mute for track 54
main_alt	100	447		Track: Toggle solo for track 54
main_alt	100	448		Track: Toggle FX bypass for track 54
main_alt	100	449		Track: Toggle record arm for track 54
main_alt	100	450		Track: Set mute for track 54 (MIDI CC/OSC only)
main_alt	100	451		Track: Set solo for track 54 (MIDI CC/OSC only)
main_alt	100	452		Track: Set volume for track 55 (MIDI CC/OSC only)
main_alt	100	453		Track: Set pan for track 55 (MIDI CC/OSC only)
main_alt	100	454		Track: Toggle mute for track 55
main_alt	100	455		Track: Toggle solo for track 55
main_alt	100	456		Track: Toggle FX bypass for track 55
main_alt	100	457		Track: Toggle record arm for track 55
main_alt	100	458		Track: Set mute for track 55 (MIDI CC/OSC only)
main_alt	100	459		Track: Set solo for track 55 (MIDI CC/OSC only)
main_alt	100	460		Track: Set volume for track 56 (MIDI CC/OSC only)
main_alt	100	461		Track: Set pan for track 56 (MIDI CC/OSC only)
main_alt	100	462		Track: Toggle mute for track 56
main_alt	100	463		Track: Toggle solo for track 56
main_alt	100	464		Track: Toggle FX bypass for track 56
main_alt	100	465		Track: Toggle record arm for track 56
main_alt	100	466		Track: Set mute for track 56 (MIDI CC/OSC only)
main_alt	100	467		Track: Set solo for track 56 (MIDI CC/OSC only)
main_alt	100	468		Track: Set volume for track 57 (MIDI CC/OSC only)
main_alt	100	469		Track: Set pan for track 57 (MIDI CC/OSC only)
main_alt	100	470		Track: Toggle mute for track 57
main_alt	100	471		Track: Toggle solo for track 57
main_alt	100	472		Track: Toggle FX bypass for track 57
main_alt	100	473		Track: Toggle record arm for track 57
main_alt	100	474		Track: Set mute for track 57 (MIDI CC/OSC only)
main_alt	100	475		Track: Set solo for track 57 (MIDI CC/OSC only)
main_alt	100	476		Track: Set volume for track 58 (MIDI CC/OSC only)
main_alt	100	477		Track: Set pan for track 58 (MIDI CC/OSC only)
main_alt	100	478		Track: Toggle mute for track 58
main_alt	100	479		Track: Toggle solo for track 58
main_alt	100	480		Track: Toggle FX bypass for track 58
main_alt	100	481		Track: Toggle record arm for track 58
main_alt	100	482		Track: Set mute for track 58 (MIDI CC/OSC only)
main_alt	100	483		Track: Set solo for track 58 (MIDI CC/OSC only)
main_alt	100	484		Track: Set volume for track 59 (MIDI CC/OSC only)
main_alt	100	485		Track: Set pan for track 59 (MIDI CC/OSC only)
main_alt	100	486		Track: Toggle mute for track 59
main_alt	100	487		Track: Toggle solo for track 59
main_alt	100	488		Track: Toggle FX bypass for track 59
main_alt	100	489		Track: Toggle record arm for track 59
main_alt	100	490		Track: Set mute for track 59 (MIDI CC/OSC only)
main_alt	100	491		Track: Set solo for track 59 (MIDI CC/OSC only)
main_alt	100	492		Track: Set volume for track 60 (MIDI CC/OSC only)
main_alt	100	493		Track: Set pan for track 60 (MIDI CC/OSC only)
main_alt	100	494		Track: Toggle mute for track 60
main_alt	100	495		Track: Toggle solo for track 60
main_alt	100	496		Track: Toggle FX bypass for track 60
main_alt	100	497		Track: Toggle record arm for track 60
main_alt	100	498		Track: Set mute for track 60 (MIDI CC/OSC only)
main_alt	100	499		Track: Set solo for track 60 (MIDI CC/OSC only)
main_alt	100	500		Track: Set volume for track 61 (MIDI CC/OSC only)
main_alt	100	501		Track: Set pan for track 61 (MIDI CC/OSC only)
main_alt	100	502		Track: Toggle mute for track 61
main_alt	100	503		Track: Toggle solo for track 61
main_alt	100	504		Track: Toggle FX bypass for track 61
main_alt	100	505		Track: Toggle record arm for track 61
main_alt	100	506		Track: Set mute for track 61 (MIDI CC/OSC only)
main_alt	100	507		Track: Set solo for track 61 (MIDI CC/OSC only)
main_alt	100	508		Track: Set volume for track 62 (MIDI CC/OSC only)
main_alt	100	509		Track: Set pan for track 62 (MIDI CC/OSC only)
main_alt	100	510		Track: Toggle mute for track 62
main_alt	100	511		Track: Toggle solo for track 62
main_alt	100	512		Track: Toggle FX bypass for track 62
main_alt	100	513		Track: Toggle record arm for track 62
main_alt	100	514		Track: Set mute for track 62 (MIDI CC/OSC only)
main_alt	100	515		Track: Set solo for track 62 (MIDI CC/OSC only)
main_alt	100	516		Track: Set volume for track 63 (MIDI CC/OSC only)
main_alt	100	517		Track: Set pan for track 63 (MIDI CC/OSC only)
main_alt	100	518		Track: Toggle mute for track 63
main_alt	100	519		Track: Toggle solo for track 63
main_alt	100	520		Track: Toggle FX bypass for track 63
main_alt	100	521		Track: Toggle record arm for track 63
main_alt	100	522		Track: Set mute for track 63 (MIDI CC/OSC only)
main_alt	100	523		Track: Set solo for track 63 (MIDI CC/OSC only)
main_alt	100	524		Track: Set volume for track 64 (MIDI CC/OSC only)
main_alt	100	525		Track: Set pan for track 64 (MIDI CC/OSC only)
main_alt	100	526		Track: Toggle mute for track 64
main_alt	100	527		Track: Toggle solo for track 64
main_alt	100	528		Track: Toggle FX bypass for track 64
main_alt	100	529		Track: Toggle record arm for track 64
main_alt	100	530		Track: Set mute for track 64 (MIDI CC/OSC only)
main_alt	100	531		Track: Set solo for track 64 (MIDI CC/OSC only)
main_alt	100	532		Track: Set volume for track 65 (MIDI CC/OSC only)
main_alt	100	533		Track: Set pan for track 65 (MIDI CC/OSC only)
main_alt	100	534		Track: Toggle mute for track 65
main_alt	100	535		Track: Toggle solo for track 65
main_alt	100	536		Track: Toggle FX bypass for track 65
main_alt	100	537		Track: Toggle record arm for track 65
main_alt	100	538		Track: Set mute for track 65 (MIDI CC/OSC only)
main_alt	100	539		Track: Set solo for track 65 (MIDI CC/OSC only)
main_alt	100	540		Track: Set volume for track 66 (MIDI CC/OSC only)
main_alt	100	541		Track: Set pan for track 66 (MIDI CC/OSC only)
main_alt	100	542		Track: Toggle mute for track 66
main_alt	100	543		Track: Toggle solo for track 66
main_alt	100	544		Track: Toggle FX bypass for track 66
main_alt	100	545		Track: Toggle record arm for track 66
main_alt	100	546		Track: Set mute for track 66 (MIDI CC/OSC only)
main_alt	100	547		Track: Set solo for track 66 (MIDI CC/OSC only)
main_alt	100	548		Track: Set volume for track 67 (MIDI CC/OSC only)
main_alt	100	549		Track: Set pan for track 67 (MIDI CC/OSC only)
main_alt	100	550		Track: Toggle mute for track 67
main_alt	100	551		Track: Toggle solo for track 67
main_alt	100	552		Track: Toggle FX bypass for track 67
main_alt	100	553		Track: Toggle record arm for track 67
main_alt	100	554		Track: Set mute for track 67 (MIDI CC/OSC only)
main_alt	100	555		Track: Set solo for track 67 (MIDI CC/OSC only)
main_alt	100	556		Track: Set volume for track 68 (MIDI CC/OSC only)
main_alt	100	557		Track: Set pan for track 68 (MIDI CC/OSC only)
main_alt	100	558		Track: Toggle mute for track 68
main_alt	100	559		Track: Toggle solo for track 68
main_alt	100	560		Track: Toggle FX bypass for track 68
main_alt	100	561		Track: Toggle record arm for track 68
main_alt	100	562		Track: Set mute for track 68 (MIDI CC/OSC only)
main_alt	100	563		Track: Set solo for track 68 (MIDI CC/OSC only)
main_alt	100	564		Track: Set volume for track 69 (MIDI CC/OSC only)
main_alt	100	565		Track: Set pan for track 69 (MIDI CC/OSC only)
main_alt	100	566		Track: Toggle mute for track 69
main_alt	100	567		Track: Toggle solo for track 69
main_alt	100	568		Track: Toggle FX bypass for track 69
main_alt	100	569		Track: Toggle record arm for track 69
main_alt	100	570		Track: Set mute for track 69 (MIDI CC/OSC only)
main_alt	100	571		Track: Set solo for track 69 (MIDI CC/OSC only)
main_alt	100	572		Track: Set volume for track 70 (MIDI CC/OSC only)
main_alt	100	573		Track: Set pan for track 70 (MIDI CC/OSC only)
main_alt	100	574		Track: Toggle mute for track 70
main_alt	100	575		Track: Toggle solo for track 70
main_alt	100	576		Track: Toggle FX bypass for track 70
main_alt	100	577		Track: Toggle record arm for track 70
main_alt	100	578		Track: Set mute for track 70 (MIDI CC/OSC only)
main_alt	100	579		Track: Set solo for track 70 (MIDI CC/OSC only)
main_alt	100	580		Track: Set volume for track 71 (MIDI CC/OSC only)
main_alt	100	581		Track: Set pan for track 71 (MIDI CC/OSC only)
main_alt	100	582		Track: Toggle mute for track 71
main_alt	100	583		Track: Toggle solo for track 71
main_alt	100	584		Track: Toggle FX bypass for track 71
main_alt	100	585		Track: Toggle record arm for track 71
main_alt	100	586		Track: Set mute for track 71 (MIDI CC/OSC only)
main_alt	100	587		Track: Set solo for track 71 (MIDI CC/OSC only)
main_alt	100	588		Track: Set volume for track 72 (MIDI CC/OSC only)
main_alt	100	589		Track: Set pan for track 72 (MIDI CC/OSC only)
main_alt	100	590		Track: Toggle mute for track 72
main_alt	100	591		Track: Toggle solo for track 72
main_alt	100	592		Track: Toggle FX bypass for track 72
main_alt	100	593		Track: Toggle record arm for track 72
main_alt	100	594		Track: Set mute for track 72 (MIDI CC/OSC only)
main_alt	100	595		Track: Set solo for track 72 (MIDI CC/OSC only)
main_alt	100	596		Track: Set volume for track 73 (MIDI CC/OSC only)
main_alt	100	597		Track: Set pan for track 73 (MIDI CC/OSC only)
main_alt	100	598		Track: Toggle mute for track 73
main_alt	100	599		Track: Toggle solo for track 73
main_alt	100	600		Track: Toggle FX bypass for track 73
main_alt	100	601		Track: Toggle record arm for track 73
main_alt	100	602		Track: Set mute for track 73 (MIDI CC/OSC only)
main_alt	100	603		Track: Set solo for track 73 (MIDI CC/OSC only)
main_alt	100	604		Track: Set volume for track 74 (MIDI CC/OSC only)
main_alt	100	605		Track: Set pan for track 74 (MIDI CC/OSC only)
main_alt	100	606		Track: Toggle mute for track 74
main_alt	100	607		Track: Toggle solo for track 74
main_alt	100	608		Track: Toggle FX bypass for track 74
main_alt	100	609		Track: Toggle record arm for track 74
main_alt	100	610		Track: Set mute for track 74 (MIDI CC/OSC only)
main_alt	100	611		Track: Set solo for track 74 (MIDI CC/OSC only)
main_alt	100	612		Track: Set volume for track 75 (MIDI CC/OSC only)
main_alt	100	613		Track: Set pan for track 75 (MIDI CC/OSC only)
main_alt	100	614		Track: Toggle mute for track 75
main_alt	100	615		Track: Toggle solo for track 75
main_alt	100	616		Track: Toggle FX bypass for track 75
main_alt	100	617		Track: Toggle record arm for track 75
main_alt	100	618		Track: Set mute for track 75 (MIDI CC/OSC only)
main_alt	100	619		Track: Set solo for track 75 (MIDI CC/OSC only)
main_alt	100	620		Track: Set volume for track 76 (MIDI CC/OSC only)
main_alt	100	621		Track: Set pan for track 76 (MIDI CC/OSC only)
main_alt	100	622		Track: Toggle mute for track 76
main_alt	100	623		Track: Toggle solo for track 76
main_alt	100	624		Track: Toggle FX bypass for track 76
main_alt	100	625		Track: Toggle record arm for track 76
main_alt	100	626		Track: Set mute for track 76 (MIDI CC/OSC only)
main_alt	100	627		Track: Set solo for track 76 (MIDI CC/OSC only)
main_alt	100	628		Track: Set volume for track 77 (MIDI CC/OSC only)
main_alt	100	629		Track: Set pan for track 77 (MIDI CC/OSC only)
main_alt	100	630		Track: Toggle mute for track 77
main_alt	100	631		Track: Toggle solo for track 77
main_alt	100	632		Track: Toggle FX bypass for track 77
main_alt	100	633		Track: Toggle record arm for track 77
main_alt	100	634		Track: Set mute for track 77 (MIDI CC/OSC only)
main_alt	100	635		Track: Set solo for track 77 (MIDI CC/OSC only)
main_alt	100	636		Track: Set volume for track 78 (MIDI CC/OSC only)
main_alt	100	637		Track: Set pan for track 78 (MIDI CC/OSC only)
main_alt	100	638		Track: Toggle mute for track 78
main_alt	100	639		Track: Toggle solo for track 78
main_alt	100	640		Track: Toggle FX bypass for track 78
main_alt	100	641		Track: Toggle record arm for track 78
main_alt	100	642		Track: Set mute for track 78 (MIDI CC/OSC only)
main_alt	100	643		Track: Set solo for track 78 (MIDI CC/OSC only)
main_alt	100	644		Track: Set volume for track 79 (MIDI CC/OSC only)
main_alt	100	645		Track: Set pan for track 79 (MIDI CC/OSC only)
main_alt	100	646		Track: Toggle mute for track 79
main_alt	100	647		Track: Toggle solo for track 79
main_alt	100	648		Track: Toggle FX bypass for track 79
main_alt	100	649		Track: Toggle record arm for track 79
main_alt	100	650		Track: Set mute for track 79 (MIDI CC/OSC only)
main_alt	100	651		Track: Set solo for track 79 (MIDI CC/OSC only)
main_alt	100	652		Track: Set volume for track 80 (MIDI CC/OSC only)
main_alt	100	653		Track: Set pan for track 80 (MIDI CC/OSC only)
main_alt	100	654		Track: Toggle mute for track 80
main_alt	100	655		Track: Toggle solo for track 80
main_alt	100	656		Track: Toggle FX bypass for track 80
main_alt	100	657		Track: Toggle record arm for track 80
main_alt	100	658		Track: Set mute for track 80 (MIDI CC/OSC only)
main_alt	100	659		Track: Set solo for track 80 (MIDI CC/OSC only)
main_alt	100	660		Track: Set volume for track 81 (MIDI CC/OSC only)
main_alt	100	661		Track: Set pan for track 81 (MIDI CC/OSC only)
main_alt	100	662		Track: Toggle mute for track 81
main_alt	100	663		Track: Toggle solo for track 81
main_alt	100	664		Track: Toggle FX bypass for track 81
main_alt	100	665		Track: Toggle record arm for track 81
main_alt	100	666		Track: Set mute for track 81 (MIDI CC/OSC only)
main_alt	100	667		Track: Set solo for track 81 (MIDI CC/OSC only)
main_alt	100	668		Track: Set volume for track 82 (MIDI CC/OSC only)
main_alt	100	669		Track: Set pan for track 82 (MIDI CC/OSC only)
main_alt	100	670		Track: Toggle mute for track 82
main_alt	100	671		Track: Toggle solo for track 82
main_alt	100	672		Track: Toggle FX bypass for track 82
main_alt	100	673		Track: Toggle record arm for track 82
main_alt	100	674		Track: Set mute for track 82 (MIDI CC/OSC only)
main_alt	100	675		Track: Set solo for track 82 (MIDI CC/OSC only)
main_alt	100	676		Track: Set volume for track 83 (MIDI CC/OSC only)
main_alt	100	677		Track: Set pan for track 83 (MIDI CC/OSC only)
main_alt	100	678		Track: Toggle mute for track 83
main_alt	100	679		Track: Toggle solo for track 83
main_alt	100	680		Track: Toggle FX bypass for track 83
main_alt	100	681		Track: Toggle record arm for track 83
main_alt	100	682		Track: Set mute for track 83 (MIDI CC/OSC only)
main_alt	100	683		Track: Set solo for track 83 (MIDI CC/OSC only)
main_alt	100	684		Track: Set volume for track 84 (MIDI CC/OSC only)
main_alt	100	685		Track: Set pan for track 84 (MIDI CC/OSC only)
main_alt	100	686		Track: Toggle mute for track 84
main_alt	100	687		Track: Toggle solo for track 84
main_alt	100	688		Track: Toggle FX bypass for track 84
main_alt	100	689		Track: Toggle record arm for track 84
main_alt	100	690		Track: Set mute for track 84 (MIDI CC/OSC only)
main_alt	100	691		Track: Set solo for track 84 (MIDI CC/OSC only)
main_alt	100	692		Track: Set volume for track 85 (MIDI CC/OSC only)
main_alt	100	693		Track: Set pan for track 85 (MIDI CC/OSC only)
main_alt	100	694		Track: Toggle mute for track 85
main_alt	100	695		Track: Toggle solo for track 85
main_alt	100	696		Track: Toggle FX bypass for track 85
main_alt	100	697		Track: Toggle record arm for track 85
main_alt	100	698		Track: Set mute for track 85 (MIDI CC/OSC only)
main_alt	100	699		Track: Set solo for track 85 (MIDI CC/OSC only)
main_alt	100	700		Track: Set volume for track 86 (MIDI CC/OSC only)
main_alt	100	701		Track: Set pan for track 86 (MIDI CC/OSC only)
main_alt	100	702		Track: Toggle mute for track 86
main_alt	100	703		Track: Toggle solo for track 86
main_alt	100	704		Track: Toggle FX bypass for track 86
main_alt	100	705		Track: Toggle record arm for track 86
main_alt	100	706		Track: Set mute for track 86 (MIDI CC/OSC only)
main_alt	100	707		Track: Set solo for track 86 (MIDI CC/OSC only)
main_alt	100	708		Track: Set volume for track 87 (MIDI CC/OSC only)
main_alt	100	709		Track: Set pan for track 87 (MIDI CC/OSC only)
main_alt	100	710		Track: Toggle mute for track 87
main_alt	100	711		Track: Toggle solo for track 87
main_alt	100	712		Track: Toggle FX bypass for track 87
main_alt	100	713		Track: Toggle record arm for track 87
main_alt	100	714		Track: Set mute for track 87 (MIDI CC/OSC only)
main_alt	100	715		Track: Set solo for track 87 (MIDI CC/OSC only)
main_alt	100	716		Track: Set volume for track 88 (MIDI CC/OSC only)
main_alt	100	717		Track: Set pan for track 88 (MIDI CC/OSC only)
main_alt	100	718		Track: Toggle mute for track 88
main_alt	100	719		Track: Toggle solo for track 88
main_alt	100	720		Track: Toggle FX bypass for track 88
main_alt	100	721		Track: Toggle record arm for track 88
main_alt	100	722		Track: Set mute for track 88 (MIDI CC/OSC only)
main_alt	100	723		Track: Set solo for track 88 (MIDI CC/OSC only)
main_alt	100	724		Track: Set volume for track 89 (MIDI CC/OSC only)
main_alt	100	725		Track: Set pan for track 89 (MIDI CC/OSC only)
main_alt	100	726		Track: Toggle mute for track 89
main_alt	100	727		Track: Toggle solo for track 89
main_alt	100	728		Track: Toggle FX bypass for track 89
main_alt	100	729		Track: Toggle record arm for track 89
main_alt	100	730		Track: Set mute for track 89 (MIDI CC/OSC only)
main_alt	100	731		Track: Set solo for track 89 (MIDI CC/OSC only)
main_alt	100	732		Track: Set volume for track 90 (MIDI CC/OSC only)
main_alt	100	733		Track: Set pan for track 90 (MIDI CC/OSC only)
main_alt	100	734		Track: Toggle mute for track 90
main_alt	100	735		Track: Toggle solo for track 90
main_alt	100	736		Track: Toggle FX bypass for track 90
main_alt	100	737		Track: Toggle record arm for track 90
main_alt	100	738		Track: Set mute for track 90 (MIDI CC/OSC only)
main_alt	100	739		Track: Set solo for track 90 (MIDI CC/OSC only)
main_alt	100	740		Track: Set volume for track 91 (MIDI CC/OSC only)
main_alt	100	741		Track: Set pan for track 91 (MIDI CC/OSC only)
main_alt	100	742		Track: Toggle mute for track 91
main_alt	100	743		Track: Toggle solo for track 91
main_alt	100	744		Track: Toggle FX bypass for track 91
main_alt	100	745		Track: Toggle record arm for track 91
main_alt	100	746		Track: Set mute for track 91 (MIDI CC/OSC only)
main_alt	100	747		Track: Set solo for track 91 (MIDI CC/OSC only)
main_alt	100	748		Track: Set volume for track 92 (MIDI CC/OSC only)
main_alt	100	749		Track: Set pan for track 92 (MIDI CC/OSC only)
main_alt	100	750		Track: Toggle mute for track 92
main_alt	100	751		Track: Toggle solo for track 92
main_alt	100	752		Track: Toggle FX bypass for track 92
main_alt	100	753		Track: Toggle record arm for track 92
main_alt	100	754		Track: Set mute for track 92 (MIDI CC/OSC only)
main_alt	100	755		Track: Set solo for track 92 (MIDI CC/OSC only)
main_alt	100	756		Track: Set volume for track 93 (MIDI CC/OSC only)
main_alt	100	757		Track: Set pan for track 93 (MIDI CC/OSC only)
main_alt	100	758		Track: Toggle mute for track 93
main_alt	100	759		Track: Toggle solo for track 93
main_alt	100	760		Track: Toggle FX bypass for track 93
main_alt	100	761		Track: Toggle record arm for track 93
main_alt	100	762		Track: Set mute for track 93 (MIDI CC/OSC only)
main_alt	100	763		Track: Set solo for track 93 (MIDI CC/OSC only)
main_alt	100	764		Track: Set volume for track 94 (MIDI CC/OSC only)
main_alt	100	765		Track: Set pan for track 94 (MIDI CC/OSC only)
main_alt	100	766		Track: Toggle mute for track 94
main_alt	100	767		Track: Toggle solo for track 94
main_alt	100	768		Track: Toggle FX bypass for track 94
main_alt	100	769		Track: Toggle record arm for track 94
main_alt	100	770		Track: Set mute for track 94 (MIDI CC/OSC only)
main_alt	100	771		Track: Set solo for track 94 (MIDI CC/OSC only)
main_alt	100	772		Track: Set volume for track 95 (MIDI CC/OSC only)
main_alt	100	773		Track: Set pan for track 95 (MIDI CC/OSC only)
main_alt	100	774		Track: Toggle mute for track 95
main_alt	100	775		Track: Toggle solo for track 95
main_alt	100	776		Track: Toggle FX bypass for track 95
main_alt	100	777		Track: Toggle record arm for track 95
main_alt	100	778		Track: Set mute for track 95 (MIDI CC/OSC only)
main_alt	100	779		Track: Set solo for track 95 (MIDI CC/OSC only)
main_alt	100	780		Track: Set volume for track 96 (MIDI CC/OSC only)
main_alt	100	781		Track: Set pan for track 96 (MIDI CC/OSC only)
main_alt	100	782		Track: Toggle mute for track 96
main_alt	100	783		Track: Toggle solo for track 96
main_alt	100	784		Track: Toggle FX bypass for track 96
main_alt	100	785		Track: Toggle record arm for track 96
main_alt	100	786		Track: Set mute for track 96 (MIDI CC/OSC only)
main_alt	100	787		Track: Set solo for track 96 (MIDI CC/OSC only)
main_alt	100	788		Track: Set volume for track 97 (MIDI CC/OSC only)
main_alt	100	789		Track: Set pan for track 97 (MIDI CC/OSC only)
main_alt	100	790		Track: Toggle mute for track 97
main_alt	100	791		Track: Toggle solo for track 97
main_alt	100	792		Track: Toggle FX bypass for track 97
main_alt	100	793		Track: Toggle record arm for track 97
main_alt	100	794		Track: Set mute for track 97 (MIDI CC/OSC only)
main_alt	100	795		Track: Set solo for track 97 (MIDI CC/OSC only)
main_alt	100	796		Track: Set volume for track 98 (MIDI CC/OSC only)
main_alt	100	797		Track: Set pan for track 98 (MIDI CC/OSC only)
main_alt	100	798		Track: Toggle mute for track 98
main_alt	100	799		Track: Toggle solo for track 98
main_alt	100	800		Track: Toggle FX bypass for track 98
main_alt	100	801		Track: Toggle record arm for track 98
main_alt	100	802		Track: Set mute for track 98 (MIDI CC/OSC only)
main_alt	100	803		Track: Set solo for track 98 (MIDI CC/OSC only)
main_alt	100	804		Track: Set volume for track 99 (MIDI CC/OSC only)
main_alt	100	805		Track: Set pan for track 99 (MIDI CC/OSC only)
main_alt	100	806		Track: Toggle mute for track 99
main_alt	100	807		Track: Toggle solo for track 99
main_alt	100	808		Track: Toggle FX bypass for track 99
main_alt	100	809		Track: Toggle record arm for track 99
main_alt	100	810		Track: Set mute for track 99 (MIDI CC/OSC only)
main_alt	100	811		Track: Set solo for track 99 (MIDI CC/OSC only)
main_alt	100	812		Track: Set volume for last touched track (MIDI CC/OSC only)
main_alt	100	813		Track: Set pan for last touched track (MIDI CC/OSC only)
main_alt	100	814		Track: Toggle mute for last touched track
main_alt	100	815		Track: Toggle solo for last touched track
main_alt	100	816		Track: Toggle FX bypass for last touched track
main_alt	100	817		Track: Toggle record arm for last touched track
main_alt	100	818		Track: Set mute for last touched track (MIDI CC/OSC only)
main_alt	100	819		Track: Set solo for last touched track (MIDI CC/OSC only)
main_alt	100	901		Adjust track send 1 volume (MIDI CC/OSC only)
main_alt	100	902		Adjust track send 2 volume (MIDI CC/OSC only)
main_alt	100	903		Adjust track send 3 volume (MIDI CC/OSC only)
main_alt	100	904		Adjust track send 4 volume (MIDI CC/OSC only)
main_alt	100	905		Adjust track send 5 volume (MIDI CC/OSC only)
main_alt	100	906		Adjust track send 6 volume (MIDI CC/OSC only)
main_alt	100	907		Adjust track send 7 volume (MIDI CC/OSC only)
main_alt	100	908		Adjust track send 8 volume (MIDI CC/OSC only)
main_alt	100	911		Adjust track send 1 pan (MIDI CC/OSC only)
main_alt	100	912		Adjust track send 2 pan (MIDI CC/OSC only)
main_alt	100	913		Adjust track send 3 pan (MIDI CC/OSC only)
main_alt	100	914		Adjust track send 4 pan (MIDI CC/OSC only)
main_alt	100	915		Adjust track send 5 pan (MIDI CC/OSC only)
main_alt	100	916		Adjust track send 6 pan (MIDI CC/OSC only)
main_alt	100	917		Adjust track send 7 pan (MIDI CC/OSC only)
main_alt	100	918		Adjust track send 8 pan (MIDI CC/OSC only)
main_alt	100	950		Adjust track FX parameter 01 (MIDI CC/OSC only)
main_alt	100	951		Adjust track FX parameter 02 (MIDI CC/OSC only)
main_alt	100	952		Adjust track FX parameter 03 (MIDI CC/OSC only)
main_alt	100	953		Adjust track FX parameter 04 (MIDI CC/OSC only)
main_alt	100	954		Adjust track FX parameter 05 (MIDI CC/OSC only)
main_alt	100	955		Adjust track FX parameter 06 (MIDI CC/OSC only)
main_alt	100	956		Adjust track FX parameter 07 (MIDI CC/OSC only)
main_alt	100	957		Adjust track FX parameter 08 (MIDI CC/OSC only)
main_alt	100	958		Adjust track FX parameter 09 (MIDI CC/OSC only)
main_alt	100	959		Adjust track FX parameter 10 (MIDI CC/OSC only)
main_alt	100	960		Adjust track FX parameter 11 (MIDI CC/OSC only)
main_alt	100	961		Adjust track FX parameter 12 (MIDI CC/OSC only)
main_alt	100	962		Adjust track FX parameter 13 (MIDI CC/OSC only)
main_alt	100	963		Adjust track FX parameter 14 (MIDI CC/OSC only)
main_alt	100	964		Adjust track FX parameter 15 (MIDI CC/OSC only)
main_alt	100	965		Adjust track FX parameter 16 (MIDI CC/OSC only)
main_alt	100	967		Transient detection sensitivity: Adjust (MIDI CC/mousewheel only)
main_alt	100	968		Transient detection threshold: Adjust (MIDI CC/mousewheel only)
main_alt	100	969		Grid: Adjust swing grid (MIDI CC/mousewheel only)
main_alt	100	970		View: Adjust selected track heights a little bit (MIDI CC relative/mousewheel)
main_alt	100	971		View: Adjust selected track heights (MIDI CC/OSC only)
main_alt	100	972		View: Adjust selected track heights (MIDI CC relative/mousewheel)
main_alt	100	973		Adjust last touched FX parameter (MIDI CC/OSC only)
main_alt	100	974		Transport: Scrub/jog fine control (MIDI CC relative only)
main_alt	100	975		View: Scroll view horizontally one page reversed (MIDI CC relative/mousewheel)
main_alt	100	976		View: Scroll view vertically one page (MIDI CC relative/mousewheel)
main_alt	100	977		View: Scroll horizontally reversed (MIDI CC relative/mousewheel)
main_alt	100	978		View: Scroll vertically reversed (MIDI CC relative/mousewheel)
main_alt	100	979		View: Zoom horizontally reversed (MIDI CC relative/mousewheel)
main_alt	100	980		View: Zoom vertically reversed, snap to theme-defined sizes (MIDI CC relative/mousewheel)
main_alt	100	981		View: Scroll view horizontally one page (MIDI CC relative/mousewheel)
main_alt	100	982		View: Scroll view vertically one page reversed (MIDI CC relative/mousewheel)
main_alt	100	983		Set tempo, coarse, latch for fine (MIDI CC/OSC only)
main_alt	100	984		Set tempo, coarse (MIDI CC/OSC only)
main_alt	100	985		Set tempo, fine (MIDI CC/OSC only)
main_alt	100	986		Automation lane: Set active fader (MIDI CC/OSC only)
main_alt	100	987		Adjust solo in front dim (MIDI CC/mousewheel only)
main_alt	100	988		View: Scroll horizontally (MIDI CC relative/mousewheel)
main_alt	100	989		View: Scroll vertically (MIDI CC relative/mousewheel)
main_alt	100	990		View: Zoom horizontally (MIDI CC relative/mousewheel)
main_alt	100	991		View: Zoom vertically, snap to theme-defined sizes (MIDI CC relative/mousewheel)
main_alt	100	992		Transport: Scrub/jog (MIDI CC relative/absolute only)
main_alt	100	993		View: Go to track (MIDI CC/OSC only)
main_alt	100	994		View: Adjust vertical zoom (MIDI CC/OSC only)
main_alt	100	995		View: Adjust vertical scroll (MIDI CC/OSC only)
main_alt	100	996		View: Move edit cursor (MIDI CC/OSC only - relative recommended)
main_alt	100	997		View: Adjust horizontal scroll (MIDI CC/OSC only - relative recommended)
main_alt	100	998		View: Adjust horizontal zoom (MIDI CC/OSC only)
main_alt	100	999		Options: Set metronome volume (MIDI CC/OSC only)
main_alt	100	1000		View: Zoom vertically (MIDI CC relative/mousewheel)
main_alt	100	1001		View: Zoom vertically reversed (MIDI CC relative/mousewheel)
main_alt	100	1007		Transport: Play
main_alt	100	1008		Transport: Pause
main_alt	100	1011		View: Zoom out horizontal
main_alt	100	1012		View: Zoom in horizontal
main_alt	100	1013		Transport: Record
main_alt	100	1016		Transport: Stop
main_alt	100	1041		Track: Cycle track folder state
main_alt	100	1042		Track: Cycle folder collapsed state
main_alt	100	1068		Transport: Toggle repeat
main_alt	100	1101		Big clock plus: Extended display (recording pass, markers, etc)...
main_alt	100	1134		Transport: Tap tempo
main_alt	100	1135		Options: Toggle locking
main_alt	100	1155		Options: Cycle ripple editing mode
main_alt	100	1156		Options: Toggle item grouping and track media/razor edit grouping
main_alt	100	1157		Options: Toggle snapping
main_alt	100	1161		Set ripple editing on
main_alt	100	1162		Toggle ripple editing on/off
main_alt	100	1528		Menu: Customize...
main_alt	100	1582		Project bay: Force refresh
main_alt	100	2000		Action: Prompt to continue (only valid within custom actions)
main_alt	100	2001		Action: Set action loop start (only valid within custom actions)
main_alt	100	2002		Action: Prompt to go to action loop start (only valid within custom actions)
main_alt	100	2003		Action: Modify MIDI CC/mousewheel: Negative
main_alt	100	2004		Action: Modify MIDI CC/mousewheel: 0.5x
main_alt	100	2005		Action: Modify MIDI CC/mousewheel: 2x
main_alt	100	2006		Action: Modify MIDI CC/mousewheel: +10%
main_alt	100	2007		Action: Modify MIDI CC/mousewheel: -10%
main_alt	100	2008		Action: Wait 0.1 seconds before next action
main_alt	100	2009		Action: Wait 0.5 seconds before next action
main_alt	100	2010		Action: Wait 1 second before next action
main_alt	100	2011		Action: Wait 5 seconds before next action
main_alt	100	2012		Action: Wait 10 seconds before next action
main_alt	100	2013		Action: Skip next action if CC parameter <0/mid
main_alt	100	2014		Action: Skip next action if CC parameter >0/mid
main_alt	100	2015		Action: Skip next action if CC parameter <=0/mid
main_alt	100	2016		Action: Skip next action if CC parameter >=0/mid
main_alt	100	2017		Action: Skip next action if CC parameter ==0/mid
main_alt	100	2018		Action: Skip next action if CC parameter !=0/mid
main_alt	100	2019		Action: Arm next action
main_alt	100	2020		Action: Disarm action
main_alt	100	2021		Action: Toggle arm of next action
main_alt	100	2022		Action: Skip next action, set CC parameter to relative +1 if action toggle state enabled, -1 if disabled, 0 if toggle state unavailable.
main_alt	100	2023		Action: Skip next action, set CC parameter to relative +1 if action armed, 0 otherwise
main_alt	100	2024		Action: Debug MIDI CC/mousewheel value to console
main_alt	100	2999		Action: Repeat the most recent action
main_alt	100	3000		Action: Repeat the action prior to the most recent action
main_alt	100	3002		Action: Momentarily send next action to project tab 1
main_alt	100	3003		Action: Momentarily send next action to project tab 2
main_alt	100	3004		Action: Momentarily send next action to project tab 3
main_alt	100	3005		Action: Momentarily send next action to project tab 4
main_alt	100	3006		Action: Momentarily send next action to project tab 5
main_alt	100	3007		Action: Momentarily send next action to project tab 6
main_alt	100	3008		Action: Momentarily send next action to project tab 7
main_alt	100	3009		Action: Momentarily send next action to project tab 8
main_alt	100	3010		Action: Momentarily send next action to project tab 9
main_alt	100	3011		Action: Momentarily send next action to project tab 10
main_alt	100	3032		Action: Momentarily send next action to project tab N
main_alt	100	3033		Action: Momentarily send next action to project tab N-1
main_alt	100	3034		Action: Momentarily send next action to project tab N-2
main_alt	100	3035		Action: Momentarily send next action to project tab N-3
main_alt	100	3036		Action: Momentarily send next action to project tab N-4
main_alt	100	3037		Action: Momentarily send next action to project tab N-5
main_alt	100	3038		Action: Momentarily send next action to project tab N-6
main_alt	100	3039		Action: Momentarily send next action to project tab N-7
main_alt	100	3040		Action: Momentarily send next action to project tab N-8
main_alt	100	3041		Action: Momentarily send next action to project tab N-9
main_alt	100	3061		Action: Momentarily send next action to next project tab 1
main_alt	100	3062		Action: Momentarily send next action to next project tab 2
main_alt	100	3063		Action: Momentarily send next action to next project tab 3
main_alt	100	3064		Action: Momentarily send next action to next project tab 4
main_alt	100	3065		Action: Momentarily send next action to next project tab 5
main_alt	100	3091		Action: Momentarily send next action to previous project tab 1
main_alt	100	3092		Action: Momentarily send next action to previous project tab 2
main_alt	100	3093		Action: Momentarily send next action to previous project tab 3
main_alt	100	3094		Action: Momentarily send next action to previous project tab 4
main_alt	100	3095		Action: Momentarily send next action to previous project tab 5
main_alt	100	3120		Action: Momentarily send next action to previously active project tab
main_alt	100	3121		Project tabs: Switch to previously-active project tab
main_alt	100	3122		Project tabs: Switch to project tab 1
main_alt	100	3123		Project tabs: Switch to project tab 2
main_alt	100	3124		Project tabs: Switch to project tab 3
main_alt	100	3125		Project tabs: Switch to project tab 4
main_alt	100	3126		Project tabs: Switch to project tab 5
main_alt	100	3127		Project tabs: Switch to project tab 6
main_alt	100	3128		Project tabs: Switch to project tab 7
main_alt	100	3129		Project tabs: Switch to project tab 8
main_alt	100	3130		Project tabs: Switch to project tab 9
main_alt	100	3131		Project tabs: Switch to project tab 10
main_alt	100	3152		Project tabs: Switch to project tab N
main_alt	100	3153		Project tabs: Switch to project tab N-1
main_alt	100	3154		Project tabs: Switch to project tab N-2
main_alt	100	3155		Project tabs: Switch to project tab N-3
main_alt	100	3156		Project tabs: Switch to project tab N-4
main_alt	100	3157		Project tabs: Switch to project tab N-5
main_alt	100	3158		Project tabs: Switch to project tab N-6
main_alt	100	3159		Project tabs: Switch to project tab N-7
main_alt	100	3160		Project tabs: Switch to project tab N-8
main_alt	100	3161		Project tabs: Switch to project tab N-9
main_alt	100	3182		Project tabs: Move project tab to position 1
main_alt	100	3183		Project tabs: Move project tab to position 2
main_alt	100	3184		Project tabs: Move project tab to position 3
main_alt	100	3185		Project tabs: Move project tab to position 4
main_alt	100	3186		Project tabs: Move project tab to position 5
main_alt	100	3187		Project tabs: Move project tab to position 6
main_alt	100	3188		Project tabs: Move project tab to position 7
main_alt	100	3189		Project tabs: Move project tab to position 8
main_alt	100	3190		Project tabs: Move project tab to position 9
main_alt	100	3191		Project tabs: Move project tab to position 10
main_alt	100	3212		Project tabs: Move project tab to position N
main_alt	100	3213		Project tabs: Move project tab to position N-1
main_alt	100	3214		Project tabs: Move project tab to position N-2
main_alt	100	3215		Project tabs: Move project tab to position N-3
main_alt	100	3216		Project tabs: Move project tab to position N-4
main_alt	100	3217		Project tabs: Move project tab to position N-5
main_alt	100	3218		Project tabs: Move project tab to position N-6
main_alt	100	3219		Project tabs: Move project tab to position N-7
main_alt	100	3220		Project tabs: Move project tab to position N-8
main_alt	100	3221		Project tabs: Move project tab to position N-9
main_alt	100	3242		Project tabs: Move project tab left by one
main_alt	100	3243		Project tabs: Move project tab right by one
main_alt	100	24000		Spectrogram: Adjust brightness (MIDI CC/mousewheel/OSC only)
main_alt	100	24001		Spectrogram: Adjust contrast (MIDI CC/mousewheel/OSC only)
main_alt	100	24002		Spectrogram: Adjust color curve (MIDI CC/mousewheel/OSC only)
main_alt	100	24003		Spectrogram: Adjust frequency log-scaling (MIDI CC/mousewheel/OSC only)
main_alt	100	24800		Main action section: Clear any override
main_alt	100	24801		Main action section: Set override to default
main_alt	100	24802		Main action section: Toggle override to recording
main_alt	100	24803		Main action section: Toggle override to alt-1
main_alt	100	24804		Main action section: Toggle override to alt-2
main_alt	100	24805		Main action section: Toggle override to alt-3
main_alt	100	24806		Main action section: Toggle override to alt-4
main_alt	100	24807		Main action section: Toggle override to alt-5
main_alt	100	24808		Main action section: Toggle override to alt-6
main_alt	100	24809		Main action section: Toggle override to alt-7
main_alt	100	24810		Main action section: Toggle override to alt-8
main_alt	100	24811		Main action section: Toggle override to alt-9
main_alt	100	24812		Main action section: Toggle override to alt-10
main_alt	100	24813		Main action section: Toggle override to alt-11
main_alt	100	24814		Main action section: Toggle override to alt-12
main_alt	100	24815		Main action section: Toggle override to alt-13
main_alt	100	24816		Main action section: Toggle override to alt-14
main_alt	100	24817		Main action section: Toggle override to alt-15
main_alt	100	24818		Main action section: Toggle override to alt-16
main_alt	100	24851		Main action section: Momentarily set override to default
main_alt	100	24852		Main action section: Momentarily set override to recording
main_alt	100	24853		Main action section: Momentarily set override to alt-1
main_alt	100	24854		Main action section: Momentarily set override to alt-2
main_alt	100	24855		Main action section: Momentarily set override to alt-3
main_alt	100	24856		Main action section: Momentarily set override to alt-4
main_alt	100	24857		Main action section: Momentarily set override to alt-5
main_alt	100	24858		Main action section: Momentarily set override to alt-6
main_alt	100	24859		Main action section: Momentarily set override to alt-7
main_alt	100	24860		Main action section: Momentarily set override to alt-8
main_alt	100	24861		Main action section: Momentarily set override to alt-9
main_alt	100	24862		Main action section: Momentarily set override to alt-10
main_alt	100	24863		Main action section: Momentarily set override to alt-11
main_alt	100	24864		Main action section: Momentarily set override to alt-12
main_alt	100	24865		Main action section: Momentarily set override to alt-13
main_alt	100	24866		Main action section: Momentarily set override to alt-14
main_alt	100	24867		Main action section: Momentarily set override to alt-15
main_alt	100	24868		Main action section: Momentarily set override to alt-16
main_alt	100	30000		Track: Set stereo width (or right channel pan) for selected tracks (MIDI CC/OSC only)
main_alt	100	30001		Track: Set stereo width (or right channel pan) for master track (MIDI CC/OSC only)
main_alt	100	30002		Track: Set stereo width (or right channel pan) for track 01 (MIDI CC/OSC only)
main_alt	100	30003		Track: Set stereo width (or right channel pan) for track 02 (MIDI CC/OSC only)
main_alt	100	30004		Track: Set stereo width (or right channel pan) for track 03 (MIDI CC/OSC only)
main_alt	100	30005		Track: Set stereo width (or right channel pan) for track 04 (MIDI CC/OSC only)
main_alt	100	30006		Track: Set stereo width (or right channel pan) for track 05 (MIDI CC/OSC only)
main_alt	100	30007		Track: Set stereo width (or right channel pan) for track 06 (MIDI CC/OSC only)
main_alt	100	30008		Track: Set stereo width (or right channel pan) for track 07 (MIDI CC/OSC only)
main_alt	100	30009		Track: Set stereo width (or right channel pan) for track 08 (MIDI CC/OSC only)
main_alt	100	30010		Track: Set stereo width (or right channel pan) for track 09 (MIDI CC/OSC only)
main_alt	100	30011		Track: Set stereo width (or right channel pan) for track 10 (MIDI CC/OSC only)
main_alt	100	30012		Track: Set stereo width (or right channel pan) for track 11 (MIDI CC/OSC only)
main_alt	100	30013		Track: Set stereo width (or right channel pan) for track 12 (MIDI CC/OSC only)
main_alt	100	30014		Track: Set stereo width (or right channel pan) for track 13 (MIDI CC/OSC only)
main_alt	100	30015		Track: Set stereo width (or right channel pan) for track 14 (MIDI CC/OSC only)
main_alt	100	30016		Track: Set stereo width (or right channel pan) for track 15 (MIDI CC/OSC only)
main_alt	100	30017		Track: Set stereo width (or right channel pan) for track 16 (MIDI CC/OSC only)
main_alt	100	30018		Track: Set stereo width (or right channel pan) for track 17 (MIDI CC/OSC only)
main_alt	100	30019		Track: Set stereo width (or right channel pan) for track 18 (MIDI CC/OSC only)
main_alt	100	30020		Track: Set stereo width (or right channel pan) for track 19 (MIDI CC/OSC only)
main_alt	100	30021		Track: Set stereo width (or right channel pan) for track 20 (MIDI CC/OSC only)
main_alt	100	30022		Track: Set stereo width (or right channel pan) for track 21 (MIDI CC/OSC only)
main_alt	100	30023		Track: Set stereo width (or right channel pan) for track 22 (MIDI CC/OSC only)
main_alt	100	30024		Track: Set stereo width (or right channel pan) for track 23 (MIDI CC/OSC only)
main_alt	100	30025		Track: Set stereo width (or right channel pan) for track 24 (MIDI CC/OSC only)
main_alt	100	30026		Track: Set stereo width (or right channel pan) for track 25 (MIDI CC/OSC only)
main_alt	100	30027		Track: Set stereo width (or right channel pan) for track 26 (MIDI CC/OSC only)
main_alt	100	30028		Track: Set stereo width (or right channel pan) for track 27 (MIDI CC/OSC only)
main_alt	100	30029		Track: Set stereo width (or right channel pan) for track 28 (MIDI CC/OSC only)
main_alt	100	30030		Track: Set stereo width (or right channel pan) for track 29 (MIDI CC/OSC only)
main_alt	100	30031		Track: Set stereo width (or right channel pan) for track 30 (MIDI CC/OSC only)
main_alt	100	30032		Track: Set stereo width (or right channel pan) for track 31 (MIDI CC/OSC only)
main_alt	100	30033		Track: Set stereo width (or right channel pan) for track 32 (MIDI CC/OSC only)
main_alt	100	30034		Track: Set stereo width (or right channel pan) for track 33 (MIDI CC/OSC only)
main_alt	100	30035		Track: Set stereo width (or right channel pan) for track 34 (MIDI CC/OSC only)
main_alt	100	30036		Track: Set stereo width (or right channel pan) for track 35 (MIDI CC/OSC only)
main_alt	100	30037		Track: Set stereo width (or right channel pan) for track 36 (MIDI CC/OSC only)
main_alt	100	30038		Track: Set stereo width (or right channel pan) for track 37 (MIDI CC/OSC only)
main_alt	100	30039		Track: Set stereo width (or right channel pan) for track 38 (MIDI CC/OSC only)
main_alt	100	30040		Track: Set stereo width (or right channel pan) for track 39 (MIDI CC/OSC only)
main_alt	100	30041		Track: Set stereo width (or right channel pan) for track 40 (MIDI CC/OSC only)
main_alt	100	30042		Track: Set stereo width (or right channel pan) for track 41 (MIDI CC/OSC only)
main_alt	100	30043		Track: Set stereo width (or right channel pan) for track 42 (MIDI CC/OSC only)
main_alt	100	30044		Track: Set stereo width (or right channel pan) for track 43 (MIDI CC/OSC only)
main_alt	100	30045		Track: Set stereo width (or right channel pan) for track 44 (MIDI CC/OSC only)
main_alt	100	30046		Track: Set stereo width (or right channel pan) for track 45 (MIDI CC/OSC only)
main_alt	100	30047		Track: Set stereo width (or right channel pan) for track 46 (MIDI CC/OSC only)
main_alt	100	30048		Track: Set stereo width (or right channel pan) for track 47 (MIDI CC/OSC only)
main_alt	100	30049		Track: Set stereo width (or right channel pan) for track 48 (MIDI CC/OSC only)
main_alt	100	30050		Track: Set stereo width (or right channel pan) for track 49 (MIDI CC/OSC only)
main_alt	100	30051		Track: Set stereo width (or right channel pan) for track 50 (MIDI CC/OSC only)
main_alt	100	30052		Track: Set stereo width (or right channel pan) for track 51 (MIDI CC/OSC only)
main_alt	100	30053		Track: Set stereo width (or right channel pan) for track 52 (MIDI CC/OSC only)
main_alt	100	30054		Track: Set stereo width (or right channel pan) for track 53 (MIDI CC/OSC only)
main_alt	100	30055		Track: Set stereo width (or right channel pan) for track 54 (MIDI CC/OSC only)
main_alt	100	30056		Track: Set stereo width (or right channel pan) for track 55 (MIDI CC/OSC only)
main_alt	100	30057		Track: Set stereo width (or right channel pan) for track 56 (MIDI CC/OSC only)
main_alt	100	30058		Track: Set stereo width (or right channel pan) for track 57 (MIDI CC/OSC only)
main_alt	100	30059		Track: Set stereo width (or right channel pan) for track 58 (MIDI CC/OSC only)
main_alt	100	30060		Track: Set stereo width (or right channel pan) for track 59 (MIDI CC/OSC only)
main_alt	100	30061		Track: Set stereo width (or right channel pan) for track 60 (MIDI CC/OSC only)
main_alt	100	30062		Track: Set stereo width (or right channel pan) for track 61 (MIDI CC/OSC only)
main_alt	100	30063		Track: Set stereo width (or right channel pan) for track 62 (MIDI CC/OSC only)
main_alt	100	30064		Track: Set stereo width (or right channel pan) for track 63 (MIDI CC/OSC only)
main_alt	100	30065		Track: Set stereo width (or right channel pan) for track 64 (MIDI CC/OSC only)
main_alt	100	30066		Track: Set stereo width (or right channel pan) for track 65 (MIDI CC/OSC only)
main_alt	100	30067		Track: Set stereo width (or right channel pan) for track 66 (MIDI CC/OSC only)
main_alt	100	30068		Track: Set stereo width (or right channel pan) for track 67 (MIDI CC/OSC only)
main_alt	100	30069		Track: Set stereo width (or right channel pan) for track 68 (MIDI CC/OSC only)
main_alt	100	30070		Track: Set stereo width (or right channel pan) for track 69 (MIDI CC/OSC only)
main_alt	100	30071		Track: Set stereo width (or right channel pan) for track 70 (MIDI CC/OSC only)
main_alt	100	30072		Track: Set stereo width (or right channel pan) for track 71 (MIDI CC/OSC only)
main_alt	100	30073		Track: Set stereo width (or right channel pan) for track 72 (MIDI CC/OSC only)
main_alt	100	30074		Track: Set stereo width (or right channel pan) for track 73 (MIDI CC/OSC only)
main_alt	100	30075		Track: Set stereo width (or right channel pan) for track 74 (MIDI CC/OSC only)
main_alt	100	30076		Track: Set stereo width (or right channel pan) for track 75 (MIDI CC/OSC only)
main_alt	100	30077		Track: Set stereo width (or right channel pan) for track 76 (MIDI CC/OSC only)
main_alt	100	30078		Track: Set stereo width (or right channel pan) for track 77 (MIDI CC/OSC only)
main_alt	100	30079		Track: Set stereo width (or right channel pan) for track 78 (MIDI CC/OSC only)
main_alt	100	30080		Track: Set stereo width (or right channel pan) for track 79 (MIDI CC/OSC only)
main_alt	100	30081		Track: Set stereo width (or right channel pan) for track 80 (MIDI CC/OSC only)
main_alt	100	30082		Track: Set stereo width (or right channel pan) for track 81 (MIDI CC/OSC only)
main_alt	100	30083		Track: Set stereo width (or right channel pan) for track 82 (MIDI CC/OSC only)
main_alt	100	30084		Track: Set stereo width (or right channel pan) for track 83 (MIDI CC/OSC only)
main_alt	100	30085		Track: Set stereo width (or right channel pan) for track 84 (MIDI CC/OSC only)
main_alt	100	30086		Track: Set stereo width (or right channel pan) for track 85 (MIDI CC/OSC only)
main_alt	100	30087		Track: Set stereo width (or right channel pan) for track 86 (MIDI CC/OSC only)
main_alt	100	30088		Track: Set stereo width (or right channel pan) for track 87 (MIDI CC/OSC only)
main_alt	100	30089		Track: Set stereo width (or right channel pan) for track 88 (MIDI CC/OSC only)
main_alt	100	30090		Track: Set stereo width (or right channel pan) for track 89 (MIDI CC/OSC only)
main_alt	100	30091		Track: Set stereo width (or right channel pan) for track 90 (MIDI CC/OSC only)
main_alt	100	30092		Track: Set stereo width (or right channel pan) for track 91 (MIDI CC/OSC only)
main_alt	100	30093		Track: Set stereo width (or right channel pan) for track 92 (MIDI CC/OSC only)
main_alt	100	30094		Track: Set stereo width (or right channel pan) for track 93 (MIDI CC/OSC only)
main_alt	100	30095		Track: Set stereo width (or right channel pan) for track 94 (MIDI CC/OSC only)
main_alt	100	30096		Track: Set stereo width (or right channel pan) for track 95 (MIDI CC/OSC only)
main_alt	100	30097		Track: Set stereo width (or right channel pan) for track 96 (MIDI CC/OSC only)
main_alt	100	30098		Track: Set stereo width (or right channel pan) for track 97 (MIDI CC/OSC only)
main_alt	100	30099		Track: Set stereo width (or right channel pan) for track 98 (MIDI CC/OSC only)
main_alt	100	30100		Track: Set stereo width (or right channel pan) for track 99 (MIDI CC/OSC only)
main_alt	100	30101		Track: Set stereo width (or right channel pan) for last touched track (MIDI CC/OSC only)
main_alt	100	40000		Track: Pin tracks to top of arrange view
main_alt	100	40001		Track: Insert new track
main_alt	100	40002		Set project tempo from time selection (detect tempo, align items and loop points to measure start)
main_alt	100	40003		Transport: Start/stop recording at next measure
main_alt	100	40004		File: Quit REAPER
main_alt	100	40005		Track: Remove tracks
main_alt	100	40006		Item: Remove items
main_alt	100	40007		Help: About REAPER
main_alt	100	40008		Track: Pin tracks to top of arrange view, unpin all other tracks (except master)
main_alt	100	40009		Item properties: Show media item/take properties
main_alt	100	40011		Item properties: Show media item source properties
main_alt	100	40012		Item: Split items at edit or play cursor (select right)
main_alt	100	40013		Insert click source
main_alt	100	40014		Item: Copy loop of selected area of audio items
main_alt	100	40015		File: Render project to disk...
main_alt	100	40016		Options: Preferences...
main_alt	100	40017		File: Save live output to disk (bounce)...
main_alt	100	40018		Insert/import media files...
main_alt	100	40019		Envelopes: View envelopes for last touched track/item
main_alt	100	40020		Time selection: Remove (unselect) time selection and loop points
main_alt	100	40021		File: Project settings...
main_alt	100	40022		File: Save project as...
main_alt	100	40023		File: New project
main_alt	100	40024		Show record path in explorer
main_alt	100	40025		File: Open project
main_alt	100	40026		File: Save project
main_alt	100	40027		Show REAPER resource path in explorer
main_alt	100	40028		Show secondary record path in explorer
main_alt	100	40029		Edit: Undo
main_alt	100	40030		Edit: Redo
main_alt	100	40031		View: Zoom time selection
main_alt	100	40032		Item grouping: Group items
main_alt	100	40033		Item grouping: Remove items from group
main_alt	100	40034		Item grouping: Select all items in groups
main_alt	100	40035		Select all items/tracks/envelope points (depending on focus)
main_alt	100	40036		View: Toggle auto-view-scroll during playback
main_alt	100	40037		Time selection: Shift left (by time selection length)
main_alt	100	40038		Time selection: Shift right (by time selection length)
main_alt	100	40039		Time selection: Nudge left
main_alt	100	40040		Time selection: Nudge right
main_alt	100	40041		Options: Auto-crossfade media items when editing
main_alt	100	40042		Transport: Go to start of project
main_alt	100	40043		Transport: Go to end of project
main_alt	100	40044		Transport: Play/stop
main_alt	100	40045		Transport: Start/stop recording at next beat
main_alt	100	40046		Transport: Start/stop recording at edit cursor
main_alt	100	40047		Peaks: Build any missing peaks
main_alt	100	40048		Peaks: Rebuild all peaks
main_alt	100	40049		Time selection: Crop project to time selection
main_alt	100	40050		Track: Toggle track pre-FX volume envelope active
main_alt	100	40051		Track: Toggle track pre-FX pan envelope active
main_alt	100	40052		Track: Toggle track volume envelope active
main_alt	100	40053		Track: Toggle track pan envelope active
main_alt	100	40056		Transport: Start/stop recording at next project marker
main_alt	100	40057		Edit: Copy items/tracks/envelope points (depending on focus) ignoring time selection
main_alt	100	40058		Item: Paste items/tracks (old-style handling of hidden tracks)
main_alt	100	40059		Edit: Cut items/tracks/envelope points (depending on focus) ignoring time selection
main_alt	100	40060		Item: Copy selected area of items
main_alt	100	40061		Item: Split items at time selection or razor edit
main_alt	100	40062		Track: Duplicate tracks
main_alt	100	40063		File: Spawn new instance of REAPER
main_alt	100	40064		Envelope: Insert new point at current position to all visible track envelopes (do not remove nearby points)
main_alt	100	40065		Envelope: Clear or remove envelope
main_alt	100	40067		Transport: Start/stop recording after 2 beats
main_alt	100	40068		Track lanes: Move items up one lane
main_alt	100	40069		View: Jump (go) to time window
main_alt	100	40070		Options: Move envelope points with media items
main_alt	100	40071		Options: Show snap/grid settings
main_alt	100	40072		Edit: Show undo history window
main_alt	100	40073		Transport: Play/pause
main_alt	100	40075		View: Toggle master track visible
main_alt	100	40076		Record: Set record mode to time selection auto-punch
main_alt	100	40078		View: Toggle mixer visible
main_alt	100	40080		Mixer: Toggle show folder tracks in mixer
main_alt	100	40081		Mixer: Toggle folder tracks grouping to left
main_alt	100	40082		Mixer: Toggle show normal top level tracks in mixer
main_alt	100	40083		Mixer: Toggle docking in docker
main_alt	100	40084		Transport: Rewind a little bit
main_alt	100	40085		Transport: Fast forward a little bit
main_alt	100	40086		Automation: Set all tracks automation mode to read
main_alt	100	40087		Automation: Set all tracks automation mode to touch
main_alt	100	40088		Automation: Set all tracks automation mode to trim/read
main_alt	100	40089		Envelope: Delete all points in time selection
main_alt	100	40090		Automation: Set all tracks automation mode to write
main_alt	100	40091		Track properties: Show fixed lane buttons
main_alt	100	40092		Track properties: Hide fixed lane buttons
main_alt	100	40097		Peaks: Remove all peak cache files
main_alt	100	40098		File: Clean current project directory...
main_alt	100	40099		Audio device configuration...
main_alt	100	40100		Item: Set all media offline
main_alt	100	40101		Item: Set all media online
main_alt	100	40102		Time selection: Move cursor left, creating time selection
main_alt	100	40103		Time selection: Move cursor right, creating time selection
main_alt	100	40104		View: Move cursor left one pixel
main_alt	100	40105		View: Move cursor right one pixel
main_alt	100	40106		Envelope: Insert new point at current position (do not remove nearby points)
main_alt	100	40107		Track lanes: Move items down one lane
main_alt	100	40108		Item properties: Normalize items (each item separately) to +0dB peak
main_alt	100	40109		Item: Open items in primary external editor
main_alt	100	40110		View: Toggle track zoom to minimum height
main_alt	100	40111		View: Zoom in vertical
main_alt	100	40112		View: Zoom out vertical
main_alt	100	40113		View: Toggle track zoom to maximum height (limit to 100% of arrange view)
main_alt	100	40114		Options: Loop recording always adds takes
main_alt	100	40115		Track: Nudge track volume up
main_alt	100	40116		Track: Nudge track volume down
main_alt	100	40117		Item edit: Move items/envelope points up one track/a bit
main_alt	100	40118		Item edit: Move items/envelope points down one track/a bit
main_alt	100	40119		Item edit: Move items/envelope points right
main_alt	100	40120		Item edit: Move items/envelope points left
main_alt	100	40121		Item edit: Move items left, preserving timing of contents
main_alt	100	40122		Item edit: Move items right, preserving timing of contents
main_alt	100	40123		Item edit: Move contents of items left
main_alt	100	40124		Item edit: Move contents of items right
main_alt	100	40125		Take: Switch items to next take
main_alt	100	40126		Take: Switch items to previous take
main_alt	100	40129		Take: Delete active take from items
main_alt	100	40130		Take: Delete active take from items (prompt to confirm)
main_alt	100	40131		Take: Crop to active take in items
main_alt	100	40132		Item: Open item copies in primary external editor
main_alt	100	40138		View: Scroll view up
main_alt	100	40139		View: Scroll view down
main_alt	100	40140		View: Scroll view left
main_alt	100	40141		View: Scroll view right
main_alt	100	40142		Insert empty item
main_alt	100	40145		Options: Toggle grid lines
main_alt	100	40146		Fixed lane comp area: Split comp area at mouse position ignoring snap
main_alt	100	40147		Options: Allow empty slots in TCP/MCP FX lists
main_alt	100	40150		View: Go to play cursor/position
main_alt	100	40151		View: Go to edit cursor
main_alt	100	40152		Envelope: Add/edit envelope point value exactly at cursor
main_alt	100	40153		Item: Open in built-in MIDI editor (set default behavior in preferences)
main_alt	100	40155		Peaks: Increase peaks display zoom for project
main_alt	100	40156		Peaks: Decrease peaks display zoom for project
main_alt	100	40157		Markers: Insert marker at current position
main_alt	100	40160		Markers: Go to marker 10
main_alt	100	40161		Markers: Go to marker 01
main_alt	100	40162		Markers: Go to marker 02
main_alt	100	40163		Markers: Go to marker 03
main_alt	100	40164		Markers: Go to marker 04
main_alt	100	40165		Markers: Go to marker 05
main_alt	100	40166		Markers: Go to marker 06
main_alt	100	40167		Markers: Go to marker 07
main_alt	100	40168		Markers: Go to marker 08
main_alt	100	40169		Markers: Go to marker 09
main_alt	100	40171		Markers: Insert and/or edit marker at current position
main_alt	100	40172		Markers: Go to previous marker/project start
main_alt	100	40173		Markers: Go to next marker/project end
main_alt	100	40174		Markers: Insert region from time selection
main_alt	100	40175		Item properties: Toggle mute
main_alt	100	40176		Item properties: Set take channel mode to normal
main_alt	100	40177		Item properties: Set take channel mode to reverse stereo
main_alt	100	40178		Item properties: Set take channel mode to mono (downmix)
main_alt	100	40179		Item properties: Set take channel mode to mono (left)
main_alt	100	40180		Item properties: Set take channel mode to mono (right)
main_alt	100	40181		Item properties: Toggle polarity/phase for active take
main_alt	100	40182		Item: Select all items
main_alt	100	40183		Item properties: Toggle items/tracks mute (depending on focus)
main_alt	100	40184		Remove items/tracks/envelope points (depending on focus) - no prompting
main_alt	100	40185		File: Consolidate tracks...
main_alt	100	40186		Item: Split items at edit or play cursor (ignore grouping, select right)
main_alt	100	40187		Envelope: Set default point shape to linear
main_alt	100	40188		Envelope: Set default point shape to square
main_alt	100	40189		Envelope: Set shape of selected points to linear
main_alt	100	40190		Envelope: Set shape of selected points to square
main_alt	100	40195		Project bay: Add comment for items
main_alt	100	40196		Item: Split items at play cursor (select right)
main_alt	100	40197		Mixer: Toggle tracks with receives in mixer
main_alt	100	40198		Mixer: Toggle tracks with receives grouping to left
main_alt	100	40199		Mixer: Toggle show tracks in folders in mixer
main_alt	100	40200		Time selection: Insert empty space at time selection (moving later items)
main_alt	100	40201		Time selection: Remove contents of time selection (moving later items)
main_alt	100	40202		Item: Open items in secondary external editor
main_alt	100	40203		Item: Open item copies in secondary external editor
main_alt	100	40204		Item properties: Pitch item up one semitone
main_alt	100	40205		Item properties: Pitch item down one semitone
main_alt	100	40206		Item properties: Pitch item up one cent
main_alt	100	40207		Item properties: Pitch item down one cent
main_alt	100	40208		Insert timecode generator
main_alt	100	40209		Item: Apply track/take FX to items
main_alt	100	40210		Track: Copy tracks
main_alt	100	40211		MIDI: Insert recent retroactively recorded MIDI for armed and selected tracks
main_alt	100	40212		MIDI: Insert all available retroactively recorded MIDI for armed and selected tracks
main_alt	100	40213		MIDI: Insert all available retroactively recorded MIDI for armed tracks
main_alt	100	40214		Insert new MIDI item...
main_alt	100	40218		Transient detection threshold: Increase
main_alt	100	40219		Transient detection threshold: Decrease
main_alt	100	40221		Mixer: Toggle scroll view when tracks activated
main_alt	100	40222		Loop points: Set start point
main_alt	100	40223		Loop points: Set end point
main_alt	100	40224		Take: Explode takes of items across tracks
main_alt	100	40225		Item edit: Grow left edge of items
main_alt	100	40226		Item edit: Shrink left edge of items
main_alt	100	40227		Item edit: Shrink right edge of items
main_alt	100	40228		Item edit: Grow right edge of items
main_alt	100	40229		Item: Delete takes that are not up-ranked (no confirm)
main_alt	100	40230		Move edit cursor to start of current/previous beat
main_alt	100	40231		Move edit cursor to start of next beat
main_alt	100	40239		Options: Toggle always on top
main_alt	100	40240		View: Show performance meter window
main_alt	100	40245		Peaks: Build any missing peaks for selected items
main_alt	100	40249		Options: Select takes for all selected items when clicking take
main_alt	100	40250		Track: Toggle show/hide in mixer
main_alt	100	40251		View: Show routing matrix window
main_alt	100	40252		Record: Set record mode to normal
main_alt	100	40253		Record: Set record mode to selected item auto-punch
main_alt	100	40254		Item properties: Normalize items (to loudest item) to +0dB peak
main_alt	100	40256		Tempo envelope: Insert tempo/time signature change marker at edit cursor...
main_alt	100	40257		Item: Glue items, ignoring time selection, including leading fade-in and trailing fade-out
main_alt	100	40258		View: Toggle displaying labels above/within media items
main_alt	100	40259		View: Toggle transport visible (Play/Record/Stop...)
main_alt	100	40260		Transport: Toggle transport docked to main window
main_alt	100	40262		View: Toggle auto-view-scroll while recording
main_alt	100	40263		Options: When importing, copy imported media to project media directory
main_alt	100	40266		Automation: Set all tracks automation mode to latch
main_alt	100	40267		Mixer: Group sends with (before/after) FX inserts
main_alt	100	40268		View: Show navigator window
main_alt	100	40270		Item: Reverse items to new take
main_alt	100	40271		View: Show FX browser window
main_alt	100	40276		Options: Move edit cursor to start of time selection, when time selection changes
main_alt	100	40277		Options: Show lock settings
main_alt	100	40279		View: Show docker
main_alt	100	40280		Track: Mute/unmute tracks
main_alt	100	40281		Track: Solo/unsolo tracks
main_alt	100	40282		Track: Invert track polarity/phase
main_alt	100	40283		Track: Nudge track pan left
main_alt	100	40284		Track: Nudge track pan right
main_alt	100	40285		Track: Go to next track
main_alt	100	40286		Track: Go to previous track
main_alt	100	40287		Track: Go to next track (leaving other tracks selected)
main_alt	100	40288		Track: Go to previous track (leaving other tracks selected)
main_alt	100	40289		Item: Unselect (clear selection of) all items
main_alt	100	40290		Time selection: Set time selection to items
main_alt	100	40291		Track: View FX chain for current/last touched track
main_alt	100	40292		Track: View envelopes for current/last touched track
main_alt	100	40293		Track: View routing and I/O for current/last touched track
main_alt	100	40294		Track: Toggle record arming for current/last touched track
main_alt	100	40295		View: Zoom out project
main_alt	100	40296		Track: Select all tracks
main_alt	100	40297		Track: Unselect (clear selection of) all tracks
main_alt	100	40298		Track: Toggle FX bypass for current/last touched track
main_alt	100	40299		Item: Move to media source preferred position (BWF start offset)
main_alt	100	40300		Options: Move edit cursor to end of recording, when recording ends
main_alt	100	40301		View: Scale finder window
main_alt	100	40302		Options: Show FX inserts in TCP (when size permits)
main_alt	100	40303		Toolbars: Switch to MIDI piano roll toolbar
main_alt	100	40304		Markers: Change color for marker near cursor...
main_alt	100	40305		Markers: Change color for region near cursor...
main_alt	100	40306		Markers: Insert region from time selection and edit...
main_alt	100	40307		Item: Cut selected area of items
main_alt	100	40308		Help: Mouse modifier keys and action shortcuts
main_alt	100	40309		Set ripple editing off
main_alt	100	40310		Set ripple editing per-track
main_alt	100	40311		Set ripple editing all tracks
main_alt	100	40312		Item: Remove selected area of items
main_alt	100	40313		View: Attach/unattach docker to/from main window
main_alt	100	40315		Item: Auto trim/split items (remove silence)...
main_alt	100	40316		Item: Quantize item positions to grid...
main_alt	100	40317		Transport: Play (skip time selection)
main_alt	100	40318		Item navigation: Move cursor left to edge of item
main_alt	100	40319		Item navigation: Move cursor right to edge of item
main_alt	100	40320		Time selection: Nudge left edge left
main_alt	100	40321		Time selection: Nudge left edge right
main_alt	100	40322		Time selection: Nudge right edge left
main_alt	100	40323		Time selection: Nudge right edge right
main_alt	100	40324		Envelope: Copy points within time selection
main_alt	100	40325		Envelope: Cut points within time selection
main_alt	100	40326		View: Show region/marker manager window
main_alt	100	40327		View: Show track group manager window
main_alt	100	40328		Transport: Play/stop (move edit cursor on stop)
main_alt	100	40330		Envelope: Select points in time selection
main_alt	100	40331		Envelope: Unselect (clear selection of) all points
main_alt	100	40332		Envelope: Select all points
main_alt	100	40333		Envelope: Delete all selected points
main_alt	100	40334		Envelope: Invert selected points
main_alt	100	40335		Envelope: Copy selected points
main_alt	100	40336		Envelope: Cut selected points
main_alt	100	40337		Track: Cut tracks
main_alt	100	40338		Create measure from time selection (detect tempo, detect number of measures)
main_alt	100	40339		Track: Unmute all tracks
main_alt	100	40340		Track: Unsolo all tracks
main_alt	100	40341		Track: Mute all tracks
main_alt	100	40342		Track: Bypass FX on all tracks
main_alt	100	40343		Track: Unbypass FX on all tracks
main_alt	100	40344		Track: Toggle FX bypass on all tracks
main_alt	100	40345		Send all-notes-off and all-sounds-off to all MIDI outputs/plug-ins
main_alt	100	40346		Toggle fullscreen
main_alt	100	40348		Markers: Insert region from selected items
main_alt	100	40357		Track: Set to custom color...
main_alt	100	40358		Track: Set to random colors
main_alt	100	40359		Track: Set to default color
main_alt	100	40360		Track: Set to one random color
main_alt	100	40361		Item: Apply track/take FX to items (mono output)
main_alt	100	40362		Item: Glue items, ignoring time selection
main_alt	100	40363		Options: Show metronome/pre-roll settings
main_alt	100	40364		Options: Toggle metronome
main_alt	100	40365		View: Time unit for ruler: Minutes:Seconds
main_alt	100	40366		View: Time unit for ruler: Measures.Beats / minutes:Seconds
main_alt	100	40367		View: Time unit for ruler: Measures.Beats
main_alt	100	40368		View: Time unit for ruler: Seconds
main_alt	100	40369		View: Time unit for ruler: Samples
main_alt	100	40370		View: Time unit for ruler: Hours:Minutes:Seconds:Frames
main_alt	100	40371		Mixer: Toggle show multiple rows when space
main_alt	100	40372		Mixer: Toggle show multiple rows even when space to fit tracks in less rows
main_alt	100	40375		Item navigation: Move cursor to next transient in items
main_alt	100	40376		Item navigation: Move cursor to previous transient in items
main_alt	100	40377		View: Show virtual MIDI keyboard
main_alt	100	40378		View: Show big clock plus window
main_alt	100	40379		Transport: Time unit to ruler
main_alt	100	40380		Item properties: Set item timebase to project/track default
main_alt	100	40381		Options: Switch to next color theme
main_alt	100	40382		Options: Switch to previous color theme
main_alt	100	40383		Options: Switch to a random color theme
main_alt	100	40389		Mixer: Toggle show master track on right side
main_alt	100	40390		Options: Toggle smooth seek (see preferences/Audio/Seeking)
main_alt	100	40392		Track: Save tracks as track template...
main_alt	100	40393		Markers: Insert region from selected items and edit...
main_alt	100	40394		File: Save project as template...
main_alt	100	40396		Time selection: Move contents of time selection to edit cursor (moving later items)
main_alt	100	40397		Time selection: Copy contents of time selection to edit cursor (moving later items)
main_alt	100	40400		Automation: Set track automation mode to trim/read
main_alt	100	40401		Automation: Set track automation mode to read
main_alt	100	40402		Automation: Set track automation mode to touch
main_alt	100	40403		Automation: Set track automation mode to write
main_alt	100	40404		Automation: Set track automation mode to latch
main_alt	100	40405		Track: Render tracks to stereo post-fader stem tracks (and mute originals)
main_alt	100	40406		Track: Toggle track volume envelope visible
main_alt	100	40407		Track: Toggle track pan envelope visible
main_alt	100	40408		Track: Toggle track pre-FX volume envelope visible
main_alt	100	40409		Track: Toggle track pre-FX pan envelope visible
main_alt	100	40410		Transport: Time unit: Minutes:Seconds
main_alt	100	40411		Transport: Time unit: Measures.Beats
main_alt	100	40412		Transport: Time unit: Seconds
main_alt	100	40413		Transport: Time unit: Samples
main_alt	100	40414		Transport: Time unit: Hours:Minutes:Seconds:Frames
main_alt	100	40415		Envelope: Reset selected points to zero/center
main_alt	100	40416		Item navigation: Select and move to previous item
main_alt	100	40417		Item navigation: Select and move to next item
main_alt	100	40418		Item navigation: Select and move to item in previous track
main_alt	100	40419		Item navigation: Select and move to item in next track
main_alt	100	40420		Markers: Remove all markers from time selection
main_alt	100	40421		Item: Select all items in track
main_alt	100	40422		View: Show screensets/layouts window
main_alt	100	40424		Envelope: Set shape of selected points to slow start/end
main_alt	100	40425		Envelope: Set default point shape to slow start/end
main_alt	100	40428		Envelope: Set shape of selected points to fast start
main_alt	100	40429		Envelope: Set shape of selected points to fast end
main_alt	100	40430		Envelope: Set default point shape to fast start
main_alt	100	40431		Envelope: Set default point shape to fast end
main_alt	100	40433		Item properties: Set item timebase to time
main_alt	100	40434		View: Move edit cursor to play cursor
main_alt	100	40435		Options: Show all takes (when room)
main_alt	100	40436		Item: Apply track/take FX to items (MIDI output)
main_alt	100	40437		Item properties: Toggle item play all takes
main_alt	100	40438		Take: Implode items across tracks into takes
main_alt	100	40439		Item: Set selected media online
main_alt	100	40440		Item: Set selected media temporarily offline
main_alt	100	40441		Peaks: Rebuild peaks for selected items
main_alt	100	40442		Help: Check for new versions
main_alt	100	40444		Screenset: Load track view #01
main_alt	100	40445		Screenset: Load track view #02
main_alt	100	40446		Screenset: Load track view #03
main_alt	100	40447		Screenset: Load track view #04
main_alt	100	40448		Screenset: Load track view #05
main_alt	100	40449		Screenset: Load track view #06
main_alt	100	40450		Screenset: Load track view #07
main_alt	100	40451		Screenset: Load track view #08
main_alt	100	40452		Screenset: Load track view #09
main_alt	100	40453		Screenset: Load track view #10
main_alt	100	40454		Screenset: Load window set #01
main_alt	100	40455		Screenset: Load window set #02
main_alt	100	40456		Screenset: Load window set #03
main_alt	100	40457		Screenset: Load window set #04
main_alt	100	40458		Screenset: Load window set #05
main_alt	100	40459		Screenset: Load window set #06
main_alt	100	40460		Screenset: Load window set #07
main_alt	100	40461		Screenset: Load window set #08
main_alt	100	40462		Screenset: Load window set #09
main_alt	100	40463		Screenset: Load window set #10
main_alt	100	40464		Screenset: Save track view #01
main_alt	100	40465		Screenset: Save track view #02
main_alt	100	40466		Screenset: Save track view #03
main_alt	100	40467		Screenset: Save track view #04
main_alt	100	40468		Screenset: Save track view #05
main_alt	100	40469		Screenset: Save track view #06
main_alt	100	40470		Screenset: Save track view #07
main_alt	100	40471		Screenset: Save track view #08
main_alt	100	40472		Screenset: Save track view #09
main_alt	100	40473		Screenset: Save track view #10
main_alt	100	40474		Screenset: Save window set #01
main_alt	100	40475		Screenset: Save window set #02
main_alt	100	40476		Screenset: Save window set #03
main_alt	100	40477		Screenset: Save window set #04
main_alt	100	40478		Screenset: Save window set #05
main_alt	100	40479		Screenset: Save window set #06
main_alt	100	40480		Screenset: Save window set #07
main_alt	100	40481		Screenset: Save window set #08
main_alt	100	40482		Screenset: Save window set #09
main_alt	100	40483		Screenset: Save window set #10
main_alt	100	40484		Item properties: Set item timebase to beats (position, length, rate)
main_alt	100	40485		Item properties: Set item timebase to beats (position only)
main_alt	100	40486		Track properties: Set track timebase to project default
main_alt	100	40487		Track properties: Set track timebase to time
main_alt	100	40488		Track properties: Set track timebase to beats (position, length, rate)
main_alt	100	40489		Track properties: Set track timebase to beats (position only)
main_alt	100	40490		Track: Arm all tracks for recording
main_alt	100	40491		Track: Unarm all tracks for recording
main_alt	100	40492		Track: Set track record monitor to off
main_alt	100	40493		Track: Set track record monitor to on
main_alt	100	40494		Track: Set track record monitor to auto/tape
main_alt	100	40495		Track: Cycle track record monitor
main_alt	100	40496		Track: Set track record mode to input
main_alt	100	40497		Track: Set track record mode to output (stereo)
main_alt	100	40498		Track: Set track record mode to none (monitoring only)
main_alt	100	40499		Track: Set track record mode to output (stereo latency compensated)
main_alt	100	40500		Track: Set track record mode to MIDI output
main_alt	100	40501		Track: Set track record mode to output (mono)
main_alt	100	40502		Track: Set track record mode to output (mono latency compensated)
main_alt	100	40503		Track: Set track record mode to MIDI overdub
main_alt	100	40504		Track: Set track record mode to MIDI replace
main_alt	100	40505		Track: Select last touched track
main_alt	100	40507		Options: Offset overlapping media items vertically
main_alt	100	40508		Item: Trim items to selected area
main_alt	100	40509		Item: Fade items in to cursor
main_alt	100	40510		Item: Fade items out from cursor
main_alt	100	40511		Item: Trim items left of cursor
main_alt	100	40512		Item: Trim items right of cursor
main_alt	100	40513		View: Move edit cursor to mouse cursor
main_alt	100	40514		View: Move edit cursor to mouse cursor (no snapping)
main_alt	100	40515		Item properties: Pitch item up one octave
main_alt	100	40516		Item properties: Pitch item down one octave
main_alt	100	40517		Item properties: Increase item rate by ~6% (one semitone)
main_alt	100	40518		Item properties: Decrease item rate by ~6% (one semitone)
main_alt	100	40519		Item properties: Increase item rate by ~0.6% (10 cents)
main_alt	100	40520		Item properties: Decrease item rate by ~0.6% (10 cents)
main_alt	100	40521		Transport: Set playrate to 1.0
main_alt	100	40522		Transport: Increase playrate by ~6% (one semitone)
main_alt	100	40523		Transport: Decrease playrate by ~6% (one semitone)
main_alt	100	40524		Transport: Increase playrate by ~0.6% (10 cents)
main_alt	100	40525		Transport: Decrease playrate by ~0.6% (10 cents)
main_alt	100	40526		Transport: Apply playrate to current BPM (no reset playrate)
main_alt	100	40527		View: Clear all peak indicators
main_alt	100	40528		Item: Select item under mouse cursor
main_alt	100	40529		Item: Select item under mouse cursor (leaving other items selected)
main_alt	100	40530		Item: Toggle selection of item under mouse cursor
main_alt	100	40531		Transport: Show playrate control
main_alt	100	40532		Transport: Show play state as text
main_alt	100	40533		Transport: Center transport controls
main_alt	100	40534		Transport: Time unit: Measures.Beats / minutes:Seconds
main_alt	100	40535		Track: Set all FX offline for selected tracks
main_alt	100	40536		Track: Set all FX online for selected tracks
main_alt	100	40537		Track: Render tracks to mono post-fader stem tracks (and mute originals)
main_alt	100	40541		Item: Set snap offset to cursor
main_alt	100	40542		Item: Set snap offset to nearest grid line
main_alt	100	40543		Take: Implode items on same track into takes
main_alt	100	40547		Item properties: Loop section of audio item source
main_alt	100	40548		Item: Heal splits in items
main_alt	100	40549		Mixer: Toggle show FX inserts (when size permits)
main_alt	100	40557		Mixer: Toggle show sends (when size permits)
main_alt	100	40566		Item properties: Toggle take preserve pitch
main_alt	100	40567		Locking: Clear all lock modes
main_alt	100	40568		Locking: Set all lock modes
main_alt	100	40569		Locking: Enable locking
main_alt	100	40570		Locking: Disable locking
main_alt	100	40571		Locking: Set time selection locking mode
main_alt	100	40572		Locking: Clear time selection locking mode
main_alt	100	40573		Locking: Toggle time selection locking mode
main_alt	100	40574		Locking: Set full item locking mode
main_alt	100	40575		Locking: Clear full item locking mode
main_alt	100	40576		Locking: Toggle full item locking mode
main_alt	100	40577		Locking: Set left/right item locking mode
main_alt	100	40578		Locking: Clear left/right item locking mode
main_alt	100	40579		Locking: Toggle left/right item locking mode
main_alt	100	40580		Locking: Set up/down item locking mode
main_alt	100	40581		Locking: Clear up/down item locking mode
main_alt	100	40582		Locking: Toggle up/down item locking mode
main_alt	100	40583		Locking: Set track envelope locking mode
main_alt	100	40584		Locking: Clear track envelope locking mode
main_alt	100	40585		Locking: Toggle track envelope locking mode
main_alt	100	40586		Locking: Set region locking mode
main_alt	100	40587		Locking: Clear region locking mode
main_alt	100	40588		Locking: Toggle region locking mode
main_alt	100	40589		Locking: Set marker locking mode
main_alt	100	40590		Locking: Clear marker locking mode
main_alt	100	40591		Locking: Toggle marker locking mode
main_alt	100	40592		Locking: Set time signature marker locking mode
main_alt	100	40593		Locking: Clear time signature marker locking mode
main_alt	100	40594		Locking: Toggle time signature marker locking mode
main_alt	100	40595		Locking: Set item edges locking mode
main_alt	100	40596		Locking: Clear item edges locking mode
main_alt	100	40597		Locking: Toggle item edges locking mode
main_alt	100	40598		Locking: Set item fade/volume handles locking mode
main_alt	100	40599		Locking: Clear item fade/volume handles locking mode
main_alt	100	40600		Locking: Toggle item fade/volume handles locking mode
main_alt	100	40601		Item: Render items to new take (preserve source type)
main_alt	100	40602		Performance meter: Reset graph
main_alt	100	40603		Take: Paste as takes in items
main_alt	100	40604		Track: View track recording settings (MIDI quantize, file format/path) for last touched track
main_alt	100	40605		Show action list
main_alt	100	40606		Item: Glue items, expanding to time selection if any, including leading fade-in and trailing fade-out
main_alt	100	40607		Track: Allow track media buffering
main_alt	100	40608		Track: Prevent track media buffering
main_alt	100	40609		Track: Allow track anticipative FX
main_alt	100	40610		Track: Prevent track anticipative FX
main_alt	100	40611		Item: Set item end to cursor
main_alt	100	40612		Item: Set item end to source media end
main_alt	100	40613		Markers: Delete marker near cursor
main_alt	100	40614		Markers: Edit marker near cursor
main_alt	100	40615		Markers: Delete region near cursor
main_alt	100	40616		Markers: Edit region near cursor
main_alt	100	40617		Markers: Delete time signature marker near cursor
main_alt	100	40618		Markers: Edit time signature marker near cursor
main_alt	100	40619		Show external timecode synchronization settings
main_alt	100	40620		Toggle external timecode synchronization
main_alt	100	40621		Options: Toggle loop points linked to time selection
main_alt	100	40622		Time selection: Move loop points to time selection
main_alt	100	40623		Time selection: Move time selection to loop points
main_alt	100	40624		Loop points: Remove (unselect) loop points, if not linked to time selection, ignoring lock state
main_alt	100	40625		Time selection: Set start point
main_alt	100	40626		Time selection: Set end point
main_alt	100	40627		Locking: Set loop points locking mode
main_alt	100	40628		Locking: Clear loop points locking mode
main_alt	100	40629		Locking: Toggle loop points locking mode
main_alt	100	40630		Go to start of time selection
main_alt	100	40631		Go to end of time selection
main_alt	100	40632		Go to start of loop
main_alt	100	40633		Go to end of loop
main_alt	100	40634		Loop points: Remove (unselect) loop point selection
main_alt	100	40635		Time selection: Remove (unselect) time selection
main_alt	100	40636		Item properties: Loop item source
main_alt	100	40637		Virtual MIDI keyboard: Send all input to VKB
main_alt	100	40638		Item: Show FX chain for item take
main_alt	100	40639		Take: Duplicate active take
main_alt	100	40640		Item: Remove FX for item take
main_alt	100	40641		Track properties: Free item positioning
main_alt	100	40642		Take: Explode takes of items in place
main_alt	100	40643		Take: Explode takes of items in order
main_alt	100	40644		Item: Implode items across tracks into items on one track
main_alt	100	40645		Item: Auto-reposition items in free item positioning mode
main_alt	100	40646		View: Move cursor left to grid division
main_alt	100	40647		View: Move cursor right to grid division
main_alt	100	40648		Options: Add edge points when moving envelope points with items
main_alt	100	40649		Options: Add envelope edge points when ripple editing or inserting time
main_alt	100	40650		Options: Reduce envelope data when recording or drawing automation
main_alt	100	40651		View: Toggle show/hide item labels
main_alt	100	40652		Item properties: Set item rate to 1.0
main_alt	100	40653		Item properties: Reset item pitch
main_alt	100	40656		Markers: Add/move marker 10 to play/edit cursor
main_alt	100	40657		Markers: Add/move marker 1 to play/edit cursor
main_alt	100	40658		Markers: Add/move marker 2 to play/edit cursor
main_alt	100	40659		Markers: Add/move marker 3 to play/edit cursor
main_alt	100	40660		Markers: Add/move marker 4 to play/edit cursor
main_alt	100	40661		Markers: Add/move marker 5 to play/edit cursor
main_alt	100	40662		Markers: Add/move marker 6 to play/edit cursor
main_alt	100	40663		Markers: Add/move marker 7 to play/edit cursor
main_alt	100	40664		Markers: Add/move marker 8 to play/edit cursor
main_alt	100	40665		Markers: Add/move marker 9 to play/edit cursor
main_alt	100	40666		Record: Start new files during recording
main_alt	100	40667		Transport: Stop (save all recorded media)
main_alt	100	40668		Transport: Stop (DELETE all recorded media)
main_alt	100	40669		Record: Remove recorded media not yet in project
main_alt	100	40670		Record: Add recorded media to project
main_alt	100	40671		Transport: Toggle preserve pitch in audio items when changing master playrate
main_alt	100	40672		Transport: Apply playrate to current BPM
main_alt	100	40677		Options: Show sends in TCP (when size permits)
main_alt	100	40680		Transport: Show time signature
main_alt	100	40681		Envelope: Set default point shape to bezier
main_alt	100	40683		Envelope: Set shape of selected points to bezier
main_alt	100	40684		Convert active take MIDI to in-project MIDI source data
main_alt	100	40685		Convert active take MIDI to .mid file reference
main_alt	100	40686		MIDI: Insert recent retroactively recorded MIDI for armed tracks
main_alt	100	40687		Item properties: Toggle lock
main_alt	100	40688		Item properties: Lock
main_alt	100	40689		Item properties: Unlock
main_alt	100	40690		Theme development: Show theme element finder
main_alt	100	40691		View: Toggle show media cues in items
main_alt	100	40692		Item: Import item media cues as project markers
main_alt	100	40693		Take: Toggle take volume envelope
main_alt	100	40694		Take: Toggle take pan envelope
main_alt	100	40695		Take: Toggle take mute envelope
main_alt	100	40696		Track: Rename last touched track
main_alt	100	40697		Remove items/tracks/envelope points (depending on focus)
main_alt	100	40698		Edit: Copy items
main_alt	100	40699		Edit: Cut items
main_alt	100	40701		Insert virtual instrument on new track...
main_alt	100	40702		Track: Insert new track at end of track list
main_alt	100	40703		View: Show item labels
main_alt	100	40704		Item: Set to custom color...
main_alt	100	40705		Item: Set to random colors
main_alt	100	40706		Item: Set to one random color
main_alt	100	40707		Item: Set to default color
main_alt	100	40708		View: Hide item labels
main_alt	100	40716		View: Toggle show MIDI editor windows
main_alt	100	40717		Item: Select all items in current time selection
main_alt	100	40718		Item: Select all items on selected tracks in current time selection
main_alt	100	40719		Item properties: Mute
main_alt	100	40720		Item properties: Unmute
main_alt	100	40721		Loop points: Halve loop length
main_alt	100	40722		Loop points: Double loop length
main_alt	100	40723		View: Expand selected track height, minimize others
main_alt	100	40725		Grid: Toggle measure grid
main_alt	100	40726		Envelope: Insert 4 envelope points at time selection
main_alt	100	40727		View: Minimize all tracks
main_alt	100	40728		Track: Solo tracks
main_alt	100	40729		Track: Unsolo tracks
main_alt	100	40730		Track: Mute tracks
main_alt	100	40731		Track: Unmute tracks
main_alt	100	40732		Item: Split at media cues
main_alt	100	40733		Item: Shrink to first media cue
main_alt	100	40734		Item: Shrink to last media cue
main_alt	100	40735		Item: Shrink to first and last media cues
main_alt	100	40736		Track: Toggle automatic record-arm when track selected
main_alt	100	40737		Track: Set automatic record-arm when track selected
main_alt	100	40738		Track: Clear automatic record-arm
main_alt	100	40740		Track: Set/clear all tracks automatic record-arm
main_alt	100	40741		Move edit cursor to next cue in items
main_alt	100	40742		Move edit cursor to previous cue in items
main_alt	100	40743		Track: Nudge master track volume up
main_alt	100	40744		Track: Nudge master track volume down
main_alt	100	40745		Options: Solo in front
main_alt	100	40746		Item: Split item under mouse cursor (ignore grouping, no change selection)
main_alt	100	40748		Item: Split item under mouse cursor (ignore grouping, select right)
main_alt	100	40749		Options: Set loop points linked to time selection
main_alt	100	40750		Options: Unset loop points linked to time selection
main_alt	100	40751		Track properties: Set free item positioning
main_alt	100	40752		Track properties: Unset free item positioning/fixed item lanes
main_alt	100	40753		Snapping: Disable snap
main_alt	100	40754		Snapping: Enable snap
main_alt	100	40755		Snapping: Save snap state
main_alt	100	40756		Snapping: Restore snap state
main_alt	100	40757		Item: Split items at edit cursor (no change selection)
main_alt	100	40759		Item: Split items at edit cursor (select right)
main_alt	100	40760		Edit: Dynamic split items...
main_alt	100	40762		View: Restore next zoom/scroll position
main_alt	100	40768		View: Show track grouping matrix window
main_alt	100	40769		Unselect (clear selection of) all tracks/items/envelope points
main_alt	100	40770		Track: Unset track solo defeat (all tracks)
main_alt	100	40771		Track: Toggle all track grouping enabled
main_alt	100	40772		Track: Set track grouping parameters...
main_alt	100	40773		Item: Create chromatic MIDI from items
main_alt	100	40774		Grid: Set to 1/64
main_alt	100	40775		Grid: Set to 1/32
main_alt	100	40776		Grid: Set to 1/16
main_alt	100	40777		Grid: Set to 1/12 (1/8 triplet)
main_alt	100	40778		Grid: Set to 1/8
main_alt	100	40779		Grid: Set to 1/4
main_alt	100	40780		Grid: Set to 1/2
main_alt	100	40781		Grid: Set to 1
main_alt	100	40782		Grid: Adjust by 1/1.5
main_alt	100	40783		Grid: Adjust by 1/2
main_alt	100	40784		Grid: Adjust by 1/3
main_alt	100	40785		Grid: Adjust by 1.5
main_alt	100	40786		Grid: Adjust by 2
main_alt	100	40787		Grid: Adjust by 3
main_alt	100	40788		Track: Render tracks to stereo stem tracks (and mute originals)
main_alt	100	40789		Track: Render tracks to mono stem tracks (and mute originals)
main_alt	100	40790		Move edit cursor to previous zero crossing in items
main_alt	100	40791		Move edit cursor to next zero crossing in items
main_alt	100	40792		Item: Split at previous zero crossing
main_alt	100	40793		Item edit: Move items/envelope points left by grid size
main_alt	100	40794		Item edit: Move items/envelope points right by grid size
main_alt	100	40795		Item properties: Set take preserve pitch
main_alt	100	40796		Item properties: Clear take preserve pitch
main_alt	100	40797		Item properties: Increase item rate by ~6% (one semitone), clear 'preserve pitch'
main_alt	100	40798		Item properties: Decrease item rate by ~6% (one semitone), clear 'preserve pitch'
main_alt	100	40799		Item properties: Increase item rate by ~0.6% (10 cents), clear 'preserve pitch'
main_alt	100	40800		Item properties: Decrease item rate by ~0.6% (10 cents), clear 'preserve pitch'
main_alt	100	40801		Create measure from time selection (new time signature)...
main_alt	100	40802		Time selection: Extend time selection to next transient in items
main_alt	100	40803		Time selection: Swap left edge of time selection to next transient in items
main_alt	100	40804		Group: Select all tracks in group 01
main_alt	100	40805		Group: Select all tracks in group 02
main_alt	100	40806		Group: Select all tracks in group 03
main_alt	100	40807		Group: Select all tracks in group 04
main_alt	100	40808		Group: Select all tracks in group 05
main_alt	100	40809		Group: Select all tracks in group 06
main_alt	100	40810		Group: Select all tracks in group 07
main_alt	100	40811		Group: Select all tracks in group 08
main_alt	100	40812		Group: Select all tracks in group 09
main_alt	100	40813		Group: Select all tracks in group 10
main_alt	100	40814		Group: Select all tracks in group 11
main_alt	100	40815		Group: Select all tracks in group 12
main_alt	100	40816		Group: Select all tracks in group 13
main_alt	100	40817		Group: Select all tracks in group 14
main_alt	100	40818		Group: Select all tracks in group 15
main_alt	100	40819		Group: Select all tracks in group 16
main_alt	100	40820		Group: Select all tracks in group 17
main_alt	100	40821		Group: Select all tracks in group 18
main_alt	100	40822		Group: Select all tracks in group 19
main_alt	100	40823		Group: Select all tracks in group 20
main_alt	100	40824		Group: Select all tracks in group 21
main_alt	100	40825		Group: Select all tracks in group 22
main_alt	100	40826		Group: Select all tracks in group 23
main_alt	100	40827		Group: Select all tracks in group 24
main_alt	100	40828		Group: Select all tracks in group 25
main_alt	100	40829		Group: Select all tracks in group 26
main_alt	100	40830		Group: Select all tracks in group 27
main_alt	100	40831		Group: Select all tracks in group 28
main_alt	100	40832		Group: Select all tracks in group 29
main_alt	100	40833		Group: Select all tracks in group 30
main_alt	100	40834		Group: Select all tracks in group 31
main_alt	100	40835		Group: Select all tracks in group 32
main_alt	100	40836		Item navigation: Move cursor to nearest transient in items
main_alt	100	40837		Move edit cursor to start of next measure (no seek)
main_alt	100	40838		Move edit cursor to start of current/previous measure (no seek)
main_alt	100	40839		Move edit cursor forward one measure (no seek)
main_alt	100	40840		Move edit cursor back one measure (no seek)
main_alt	100	40841		Move edit cursor forward one beat (no seek)
main_alt	100	40842		Move edit cursor back one beat (no seek)
main_alt	100	40843		Set project tempo from time selection (new time signature)...
main_alt	100	40844		Track: View input FX chain for current/last touched track
main_alt	100	40845		Help: All actions
main_alt	100	40846		Track: View FX chain for master track
main_alt	100	40847		Item: Open item inline editors
main_alt	100	40848		View: Restore previous zoom/scroll position
main_alt	100	40849		File: Export project MIDI...
main_alt	100	40850		Item: Show notes for items...
main_alt	100	40851		Envelope: Toggle display in separate lane for selected envelope
main_alt	100	40852		Track: Set track record mode to MIDI touch-replace
main_alt	100	40853		Track: Toggle show/hide in TCP
main_alt	100	40855		Item: Mute active take of multitake item within time selection
main_alt	100	40856		Item: Solo active take of multitake item within time selection
main_alt	100	40857		Automation lane: Increase active fader a little bit
main_alt	100	40858		Automation lane: Decrease active fader a little bit
main_alt	100	40859		New project tab
main_alt	100	40860		Close current project tab
main_alt	100	40861		Project tabs: Switch to next project tab
main_alt	100	40862		Project tabs: Switch to previous project tab
main_alt	100	40863		Envelope: Toggle record arm for selected envelope
main_alt	100	40866		Track: Toggle track mute envelope active
main_alt	100	40867		Track: Toggle track mute envelope visible
main_alt	100	40868		Transport: Toggle transport home/end marker navigation
main_alt	100	40869		View: Restore previous zoom level
main_alt	100	40870		Item properties: Unmute all items
main_alt	100	40871		Project tabs: Run background projects
main_alt	100	40872		Project tabs: Auto-offline background project media
main_alt	100	40873		Project tabs: Run stopped background projects
main_alt	100	40874		Project tabs: Always show project tabs
main_alt	100	40875		View: Restore next zoom level
main_alt	100	40876		Global automation override: No override (set automation modes per track)
main_alt	100	40877		Track: Freeze to multichannel (render pre-fader, save/remove items and online FX)
main_alt	100	40878		Global automation override: All automation in trim/read mode
main_alt	100	40879		Global automation override: All automation in read mode
main_alt	100	40880		Global automation override: All automation in touch mode
main_alt	100	40881		Global automation override: All automation in latch mode
main_alt	100	40882		Global automation override: All automation in write mode
main_alt	100	40883		Envelope: Toggle bypass for selected envelope
main_alt	100	40884		Envelope: Toggle hide/display selected envelope
main_alt	100	40885		Global automation override: Bypass all automation
main_alt	100	40886		File: Close all projects
main_alt	100	40887		Envelope: Reduce number of points...
main_alt	100	40888		Envelope: Show all active envelopes for tracks
main_alt	100	40889		Envelope: Hide all envelopes for tracks
main_alt	100	40890		Envelope: Toggle show all active envelopes for tracks
main_alt	100	40891		Envelope: Toggle display all visible envelopes in lanes for tracks
main_alt	100	40892		Track: Render tracks to multichannel post-fader stem tracks (and mute originals)
main_alt	100	40893		Track: Render tracks to multichannel stem tracks (and mute originals)
main_alt	100	40894		Item: Explode multichannel audio or MIDI to new one-channel items
main_alt	100	40895		Track: Set track record mode to output (full multichannel)
main_alt	100	40896		Track: Set track record mode to output (full multichannel compensated)
main_alt	100	40897		File: Save all projects
main_alt	100	40898		Regions/markers: Renumber all regions and markers in timeline order
main_alt	100	40899		Track: Set track icon...
main_alt	100	40900		Track: Remove track icon
main_alt	100	40901		Track: Freeze to mono (render pre-fader, save/remove items and online FX)
main_alt	100	40903		Mixer: Toggle show track icons in mixer
main_alt	100	40904		Grid: Set framerate grid
main_alt	100	40905		Toolbars: Customize...
main_alt	100	40906		View: Show track manager window
main_alt	100	40907		Track: Insert/show ReaControlMIDI (MIDI track control)
main_alt	100	40908		Global automation override: Toggle bypass all automation
main_alt	100	40909		Project tabs: Hide all background project windows
main_alt	100	40910		Mixer: Toggle show FX parameters (when size permits)
main_alt	100	40911		Item: Set focus to item under mouse cursor
main_alt	100	40912		Options: Toggle crossfade on split (disregard toolbar auto-crossfade button)
main_alt	100	40913		Track: Vertical scroll selected tracks into view
main_alt	100	40914		Track: Set first selected track as last touched track
main_alt	100	40915		Envelope: Insert new point at current position (remove nearby points)
main_alt	100	40916		Item: Crossfade items within time selection
main_alt	100	40917		Master track: Toggle stereo/mono (L+R)
main_alt	100	40918		Item: Set item mix behavior to enclosed items replace enclosing items
main_alt	100	40919		Item: Set item mix behavior to always mix
main_alt	100	40920		Item: Explode MIDI note rows (pitch) to new items
main_alt	100	40921		Item: Set item mix behavior to always replace
main_alt	100	40922		Item: Set item mix behavior to project default
main_alt	100	40923		Grid: Set measure grid
main_alt	100	40925		Markers: Quantize tempo markers to MIDI resolution
main_alt	100	40926		Envelope: Toggle show all active envelopes for all tracks
main_alt	100	40927		Options: Enable crossfade on split (disregard toolbar auto-crossfade button)
main_alt	100	40928		Options: Disable crossfade on split (disregard toolbar auto-crossfade button)
main_alt	100	40929		File: Open render queue
main_alt	100	40930		Item: Remove content (trim) behind items
main_alt	100	40931		Item: Split items at project markers
main_alt	100	40932		Item: Split items at timeline grid
main_alt	100	40933		Tempo envelope: Set display range...
main_alt	100	40934		Project recording settings
main_alt	100	40936		Item properties: Normalize items to +0dB peak (reset to unity if already normalized)
main_alt	100	40937		Item properties: Normalize items (to loudest item) to +0dB peak (reset to unity if already normalized)
main_alt	100	40938		Item properties: Reset item take gain to +0dB (un-normalize)
main_alt	100	40939		Track: Select track 01
main_alt	100	40940		Track: Select track 02
main_alt	100	40941		Track: Select track 03
main_alt	100	40942		Track: Select track 04
main_alt	100	40943		Track: Select track 05
main_alt	100	40944		Track: Select track 06
main_alt	100	40945		Track: Select track 07
main_alt	100	40946		Track: Select track 08
main_alt	100	40947		Track: Select track 09
main_alt	100	40948		Track: Select track 10
main_alt	100	40949		Track: Select track 11
main_alt	100	40950		Track: Select track 12
main_alt	100	40951		Track: Select track 13
main_alt	100	40952		Track: Select track 14
main_alt	100	40953		Track: Select track 15
main_alt	100	40954		Track: Select track 16
main_alt	100	40955		Track: Select track 17
main_alt	100	40956		Track: Select track 18
main_alt	100	40957		Track: Select track 19
main_alt	100	40958		Track: Select track 20
main_alt	100	40959		Track: Select track 21
main_alt	100	40960		Track: Select track 22
main_alt	100	40961		Track: Select track 23
main_alt	100	40962		Track: Select track 24
main_alt	100	40963		Track: Select track 25
main_alt	100	40964		Track: Select track 26
main_alt	100	40965		Track: Select track 27
main_alt	100	40966		Track: Select track 28
main_alt	100	40967		Track: Select track 29
main_alt	100	40968		Track: Select track 30
main_alt	100	40969		Track: Select track 31
main_alt	100	40970		Track: Select track 32
main_alt	100	40971		Track: Select track 33
main_alt	100	40972		Track: Select track 34
main_alt	100	40973		Track: Select track 35
main_alt	100	40974		Track: Select track 36
main_alt	100	40975		Track: Select track 37
main_alt	100	40976		Track: Select track 38
main_alt	100	40977		Track: Select track 39
main_alt	100	40978		Track: Select track 40
main_alt	100	40979		Track: Select track 41
main_alt	100	40980		Track: Select track 42
main_alt	100	40981		Track: Select track 43
main_alt	100	40982		Track: Select track 44
main_alt	100	40983		Track: Select track 45
main_alt	100	40984		Track: Select track 46
main_alt	100	40985		Track: Select track 47
main_alt	100	40986		Track: Select track 48
main_alt	100	40987		Track: Select track 49
main_alt	100	40988		Track: Select track 50
main_alt	100	40989		Track: Select track 51
main_alt	100	40990		Track: Select track 52
main_alt	100	40991		Track: Select track 53
main_alt	100	40992		Track: Select track 54
main_alt	100	40993		Track: Select track 55
main_alt	100	40994		Track: Select track 56
main_alt	100	40995		Track: Select track 57
main_alt	100	40996		Track: Select track 58
main_alt	100	40997		Track: Select track 59
main_alt	100	40998		Track: Select track 60
main_alt	100	40999		Track: Select track 61
main_alt	100	41000		Track: Select track 62
main_alt	100	41001		Track: Select track 63
main_alt	100	41002		Track: Select track 64
main_alt	100	41003		Track: Select track 65
main_alt	100	41004		Track: Select track 66
main_alt	100	41005		Track: Select track 67
main_alt	100	41006		Track: Select track 68
main_alt	100	41007		Track: Select track 69
main_alt	100	41008		Track: Select track 70
main_alt	100	41009		Track: Select track 71
main_alt	100	41010		Track: Select track 72
main_alt	100	41011		Track: Select track 73
main_alt	100	41012		Track: Select track 74
main_alt	100	41013		Track: Select track 75
main_alt	100	41014		Track: Select track 76
main_alt	100	41015		Track: Select track 77
main_alt	100	41016		Track: Select track 78
main_alt	100	41017		Track: Select track 79
main_alt	100	41018		Track: Select track 80
main_alt	100	41019		Track: Select track 81
main_alt	100	41020		Track: Select track 82
main_alt	100	41021		Track: Select track 83
main_alt	100	41022		Track: Select track 84
main_alt	100	41023		Track: Select track 85
main_alt	100	41024		Track: Select track 86
main_alt	100	41025		Track: Select track 87
main_alt	100	41026		Track: Select track 88
main_alt	100	41027		Track: Select track 89
main_alt	100	41028		Track: Select track 90
main_alt	100	41029		Track: Select track 91
main_alt	100	41030		Track: Select track 92
main_alt	100	41031		Track: Select track 93
main_alt	100	41032		Track: Select track 94
main_alt	100	41033		Track: Select track 95
main_alt	100	41034		Track: Select track 96
main_alt	100	41035		Track: Select track 97
main_alt	100	41036		Track: Select track 98
main_alt	100	41037		Track: Select track 99
main_alt	100	41038		Pre-roll: Toggle pre-roll on record [deprecated duplicate]
main_alt	100	41039		Loop points: Set loop points to items
main_alt	100	41040		Move edit cursor to start of next measure
main_alt	100	41041		Move edit cursor to start of current/previous measure
main_alt	100	41042		Move edit cursor forward one measure
main_alt	100	41043		Move edit cursor back one measure
main_alt	100	41044		Move edit cursor forward one beat
main_alt	100	41045		Move edit cursor back one beat
main_alt	100	41046		Toggle show master tempo envelope
main_alt	100	41047		Grid: Set to 1/128
main_alt	100	41048		Reset project recording pass counter ($recpass wildcard)
main_alt	100	41049		Insert new subproject...
main_alt	100	41050		Toggle show master track and tempo envelope
main_alt	100	41051		Item properties: Toggle take reverse
main_alt	100	41052		Item edit: Enable relative grid snap
main_alt	100	41053		Item edit: Disable relative grid snap
main_alt	100	41054		Item edit: Toggle relative grid snap
main_alt	100	41059		Item: Crossfade any overlapping items
main_alt	100	41060		ReaScript: Run ReaScript (EEL2 or Lua)...
main_alt	100	41061		ReaScript: Run last ReaScript (EEL2 or Lua)
main_alt	100	41062		Project tabs: Play stopped background projects with active project
main_alt	100	41063		Project tabs: Synchronize play start times w/ play background projects
main_alt	100	41064		[developer] Write C++ API functions header
main_alt	100	41065		ReaScript: Open ReaScript documentation (html)...
main_alt	100	41067		Track: Insert multiple new tracks...
main_alt	100	41069		Item: Move, stretch, and loop items to fit time selection
main_alt	100	41070		Reset soft takeover for all MIDI controller assignments
main_alt	100	41071		Options: Toggle pooled (ghost) MIDI source data when copying media items
main_alt	100	41072		Item: Paste items/tracks, creating pooled (ghost) MIDI items and automation items regardless of preferences/Media/MIDI and preferences/Media/Automation settings
main_alt	100	41074		Toggle show all floating windows
main_alt	100	41075		[developer] Debug console
main_alt	100	41076		File: Batch file converter
main_alt	100	41077		Toggle show all floating windows (except mixer)
main_alt	100	41078		FX: Auto-float new FX windows
main_alt	100	41079		Toggle show all floating windows (except unattached docker)
main_alt	100	41080		Toggle show all floating windows (except mixer and unattached docker)
main_alt	100	41082		Fixed lane comp area: Move up
main_alt	100	41083		Fixed lane comp area: Move down
main_alt	100	41084		Toolbar: Show/hide toolbar docker
main_alt	100	41085		Toolbar: Press active toolbar button 01
main_alt	100	41086		Toolbar: Press active toolbar button 02
main_alt	100	41087		Toolbar: Press active toolbar button 03
main_alt	100	41088		Toolbar: Press active toolbar button 04
main_alt	100	41089		Toolbar: Press active toolbar button 05
main_alt	100	41090		Toolbar: Press active toolbar button 06
main_alt	100	41091		Toolbar: Press active toolbar button 07
main_alt	100	41092		Toolbar: Press active toolbar button 08
main_alt	100	41093		Toolbar: Press active toolbar button 09
main_alt	100	41094		Toolbar: Press active toolbar button 10
main_alt	100	41095		Toolbar: Press active toolbar button 11
main_alt	100	41096		Toolbar: Press active toolbar button 12
main_alt	100	41097		Toolbar: Press active toolbar button 13
main_alt	100	41098		Toolbar: Press active toolbar button 14
main_alt	100	41099		Toolbar: Press active toolbar button 15
main_alt	100	41100		Toolbar: Press active toolbar button 16
main_alt	100	41105		Toolbars: Switch to toolbar 1
main_alt	100	41106		Toolbars: Switch to toolbar 2
main_alt	100	41107		Toolbars: Switch to toolbar 3
main_alt	100	41108		Toolbars: Switch to toolbar 4
main_alt	100	41109		Automation: Toggle track between touch and trim/read modes
main_alt	100	41110		Track: Select track under mouse
main_alt	100	41111		Toolbar: Open toolbar 1 at mouse cursor
main_alt	100	41112		Toolbar: Open toolbar 2 at mouse cursor
main_alt	100	41113		Toolbar: Open toolbar 3 at mouse cursor
main_alt	100	41114		Toolbar: Open toolbar 4 at mouse cursor
main_alt	100	41115		Item: Invert selection
main_alt	100	41116		Options: Cycle through editing modes: Auto-crossfade off, auto-crossfade on, trim content behind media items
main_alt	100	41117		Options: Trim content behind media items when editing
main_alt	100	41118		Options: Enable auto-crossfades
main_alt	100	41119		Options: Disable auto-crossfades
main_alt	100	41120		Options: Enable trim content behind media items when editing
main_alt	100	41121		Options: Disable trim content behind media items when editing
main_alt	100	41122		Envelope: Increase bezier tension for selected points by 5%
main_alt	100	41123		Envelope: Decrease bezier tension for selected points by 5%
main_alt	100	41124		Envelope: Increase bezier tension for selected points by 25%
main_alt	100	41125		Envelope: Decrease bezier tension for selected points by 25%
main_alt	100	41126		Envelope: Insert new point at current position to all visible track envelopes (remove nearby points)
main_alt	100	41127		Item: Select next adjacent non-overlapping item
main_alt	100	41128		Item: Select previous adjacent non-overlapping item
main_alt	100	41129		Tempo: Increase current project tempo 01 BPM
main_alt	100	41130		Tempo: Decrease current project tempo 01 BPM
main_alt	100	41131		Tempo: Increase current project tempo 10 percent
main_alt	100	41132		Tempo: Decrease current project tempo 10 percent
main_alt	100	41133		Tempo: Increase current project tempo 100 percent (double)
main_alt	100	41134		Tempo: Decrease current project tempo 50 percent (half)
main_alt	100	41135		Tempo: Increase current project tempo 10 BPM
main_alt	100	41136		Tempo: Decrease current project tempo 10 BPM
main_alt	100	41137		Tempo: Increase current project tempo 0.1 BPM
main_alt	100	41138		Tempo: Decrease current project tempo 0.1 BPM
main_alt	100	41139		Item navigation: Select and move to item in previous track without changing track selection
main_alt	100	41140		Item navigation: Select and move to item in next track without changing track selection
main_alt	100	41141		FX: Show/hide track control for last touched FX parameter
main_alt	100	41142		FX: Show/hide track/take envelope for last touched FX parameter
main_alt	100	41143		FX: Show parameter modulation/link for last touched FX parameter
main_alt	100	41144		FX: Set MIDI learn for last touched FX parameter
main_alt	100	41145		FX: Set alias for last touched FX parameter
main_alt	100	41146		Mixer: Toggle autoarrange
main_alt	100	41147		Track: Insert new track at end of mixer
main_alt	100	41148		Envelope: Show all envelopes for tracks
main_alt	100	41149		Envelope: Show all envelopes for all tracks
main_alt	100	41150		Envelope: Hide all envelopes for all tracks
main_alt	100	41151		Envelope: Toggle show all envelopes for tracks
main_alt	100	41152		Envelope: Toggle show all envelopes for all tracks
main_alt	100	41153		Mixer: Toggle show icons for the last track in a folder
main_alt	100	41154		Mixer: Clickable icon for folder tracks to show/hide children
main_alt	100	41155		Reset position (cascade) all floating windows
main_alt	100	41156		Options: Selecting one grouped item selects group
main_alt	100	41157		View: Show project bay window
main_alt	100	41160		Automation: Write current values for all writing envelopes to time selection
main_alt	100	41161		Automation: Write current values for all writing envelopes from cursor to start of project
main_alt	100	41162		Automation: Write current values for all writing envelopes from cursor to end of project
main_alt	100	41163		Automation: Unarm all envelopes
main_alt	100	41167		Item navigation: Move cursor left to nearest item edge
main_alt	100	41168		Item navigation: Move cursor right to nearest item edge
main_alt	100	41171		Minimize REAPER
main_alt	100	41172		Dock/undock currently focused dockable window, or attach/unattach focused docker
main_alt	100	41173		Item navigation: Move cursor to start of items
main_alt	100	41174		Item navigation: Move cursor to end of items
main_alt	100	41175		Reset all MIDI devices
main_alt	100	41176		Envelopes: Move selected points left a little bit
main_alt	100	41177		Envelopes: Move selected points right a little bit
main_alt	100	41178		Envelopes: Move selected points left by grid
main_alt	100	41179		Envelopes: Move selected points right by grid
main_alt	100	41180		Envelopes: Move selected points up a little bit
main_alt	100	41181		Envelopes: Move selected points down a little bit
main_alt	100	41182		Item: Snap items left
main_alt	100	41183		Item: Snap items right
main_alt	100	41184		Item: Snap items to nearest snap point
main_alt	100	41185		Item properties: Unsolo all
main_alt	100	41186		Options: New recording trims existing items (tape mode)
main_alt	100	41187		Scrub: Toggle looped-segment scrub at edit cursor
main_alt	100	41188		Scrub: Enable looped-segment scrub at edit cursor
main_alt	100	41189		Scrub: Disable looped-segment scrub at edit cursor
main_alt	100	41190		View: Set horizontal zoom to default project setting
main_alt	100	41191		Item: Remove fade in
main_alt	100	41192		Item: Remove fade out
main_alt	100	41193		Item: Remove fade in and fade out
main_alt	100	41194		Item: Toggle enable/disable default fadein/fadeout
main_alt	100	41195		Item: Enable default fadein/fadeout
main_alt	100	41196		Item: Disable default fadein/fadeout
main_alt	100	41197		Track: Set track solo defeat
main_alt	100	41198		Track: Unset track solo defeat
main_alt	100	41199		Track: Toggle track solo defeat
main_alt	100	41204		Fully unload unloaded VSTs
main_alt	100	41205		Item edit: Move position of item to edit cursor
main_alt	100	41206		Item: Move and stretch items to fit time selection
main_alt	100	41207		Render all queued renders
main_alt	100	41208		Transient detection sensitivity/threshold: Adjust...
main_alt	100	41209		Mixer: Master track visible
main_alt	100	41210		Grid: Set to 2
main_alt	100	41211		Grid: Set to 4
main_alt	100	41212		Grid: Set to 1/48 (1/32 triplet)
main_alt	100	41213		Grid: Set to 1/24 (1/16 triplet)
main_alt	100	41214		Grid: Set to 1/6 (1/4 triplet)
main_alt	100	41215		Tempo envelope: Increase all tempo markers 01 BPM
main_alt	100	41216		Tempo envelope: Decrease all tempo markers 01 BPM
main_alt	100	41217		Tempo envelope: Increase all tempo markers 0.1 BPM
main_alt	100	41218		Tempo envelope: Decrease all tempo markers 0.1 BPM
main_alt	100	41219		Tempo envelope: Increase all tempo markers 0.01 BPM
main_alt	100	41220		Tempo envelope: Decrease all tempo markers 0.01 BPM
main_alt	100	41221		Item: Paste items/tracks at mouse position
main_alt	100	41223		Track: Freeze to stereo (render pre-fader, save/remove items and online FX)
main_alt	100	41226		Item edit: Nudge/Set...
main_alt	100	41227		Item edit: Close nudge/Set dialog
main_alt	100	41228		Item edit: Toggle nudge/Set dialog
main_alt	100	41229		Selection set: Save set #01
main_alt	100	41230		Selection set: Save set #02
main_alt	100	41231		Selection set: Save set #03
main_alt	100	41232		Selection set: Save set #04
main_alt	100	41233		Selection set: Save set #05
main_alt	100	41234		Selection set: Save set #06
main_alt	100	41235		Selection set: Save set #07
main_alt	100	41236		Selection set: Save set #08
main_alt	100	41237		Selection set: Save set #09
main_alt	100	41238		Selection set: Save set #10
main_alt	100	41239		Selection set: Load set #01
main_alt	100	41240		Selection set: Load set #02
main_alt	100	41241		Selection set: Load set #03
main_alt	100	41242		Selection set: Load set #04
main_alt	100	41243		Selection set: Load set #05
main_alt	100	41244		Selection set: Load set #06
main_alt	100	41245		Selection set: Load set #07
main_alt	100	41246		Selection set: Load set #08
main_alt	100	41247		Selection set: Load set #09
main_alt	100	41248		Selection set: Load set #10
main_alt	100	41249		Item edit: Nudge right by last nudge dialog settings
main_alt	100	41250		Item edit: Nudge left by last nudge dialog settings
main_alt	100	41251		Markers: Go to marker 11
main_alt	100	41252		Markers: Go to marker 12
main_alt	100	41253		Markers: Go to marker 13
main_alt	100	41254		Markers: Go to marker 14
main_alt	100	41255		Markers: Go to marker 15
main_alt	100	41256		Markers: Go to marker 16
main_alt	100	41257		Markers: Go to marker 17
main_alt	100	41258		Markers: Go to marker 18
main_alt	100	41259		Markers: Go to marker 19
main_alt	100	41260		Markers: Go to marker 20
main_alt	100	41261		Markers: Go to marker 21
main_alt	100	41262		Markers: Go to marker 22
main_alt	100	41263		Markers: Go to marker 23
main_alt	100	41264		Markers: Go to marker 24
main_alt	100	41265		Markers: Go to marker 25
main_alt	100	41266		Markers: Go to marker 26
main_alt	100	41267		Markers: Go to marker 27
main_alt	100	41268		Markers: Go to marker 28
main_alt	100	41269		Markers: Go to marker 29
main_alt	100	41270		Markers: Go to marker 30
main_alt	100	41271		Item edit: Save nudge dialog settings 1
main_alt	100	41272		Item edit: Save nudge dialog settings 2
main_alt	100	41273		Item edit: Save nudge dialog settings 3
main_alt	100	41274		Item edit: Save nudge dialog settings 4
main_alt	100	41275		Item edit: Nudge right by saved nudge dialog settings 1
main_alt	100	41276		Item edit: Nudge right by saved nudge dialog settings 2
main_alt	100	41277		Item edit: Nudge right by saved nudge dialog settings 3
main_alt	100	41278		Item edit: Nudge right by saved nudge dialog settings 4
main_alt	100	41279		Item edit: Nudge left by saved nudge dialog settings 1
main_alt	100	41280		Item edit: Nudge left by saved nudge dialog settings 2
main_alt	100	41281		Item edit: Nudge left by saved nudge dialog settings 3
main_alt	100	41282		Item edit: Nudge left by saved nudge dialog settings 4
main_alt	100	41283		Item edit: Save nudge dialog settings 5
main_alt	100	41284		Item edit: Save nudge dialog settings 6
main_alt	100	41285		Item edit: Save nudge dialog settings 7
main_alt	100	41286		Item edit: Save nudge dialog settings 8
main_alt	100	41287		Item edit: Nudge right by saved nudge dialog settings 5
main_alt	100	41288		Item edit: Nudge right by saved nudge dialog settings 6
main_alt	100	41289		Item edit: Nudge right by saved nudge dialog settings 7
main_alt	100	41290		Item edit: Nudge right by saved nudge dialog settings 8
main_alt	100	41291		Item edit: Nudge left by saved nudge dialog settings 5
main_alt	100	41292		Item edit: Nudge left by saved nudge dialog settings 6
main_alt	100	41293		Item edit: Nudge left by saved nudge dialog settings 7
main_alt	100	41294		Item edit: Nudge left by saved nudge dialog settings 8
main_alt	100	41295		Item: Duplicate items
main_alt	100	41296		Item: Duplicate selected area of items
main_alt	100	41297		Toolbar: Show/hide toolbar at top of main window
main_alt	100	41299		Item edit: Move position of item under mouse to edit cursor
main_alt	100	41300		Item edit: Trim left edge of item under mouse to edit cursor
main_alt	100	41301		Item edit: Move left edge of item under mouse to edit cursor (preserving item right edge)
main_alt	100	41302		Item edit: Move right edge of item under mouse to edit cursor (preserving item length)
main_alt	100	41303		Item edit: Move contents of item under mouse to edit cursor
main_alt	100	41304		Item edit: Move duplicate of item under mouse to edit cursor
main_alt	100	41305		Item edit: Trim left edge of item to edit cursor
main_alt	100	41306		Item edit: Move left edge of item to edit cursor (preserving item right edge)
main_alt	100	41307		Item edit: Move right edge of item to edit cursor (preserving item length)
main_alt	100	41308		Item edit: Move contents of item to edit cursor
main_alt	100	41309		Item edit: Move duplicate of item to edit cursor
main_alt	100	41310		Item edit: Trim right edge of item under mouse to edit cursor
main_alt	100	41311		Item edit: Trim right edge of item to edit cursor
main_alt	100	41312		Track: Lock track controls
main_alt	100	41313		Track: Unlock track controls
main_alt	100	41314		Track: Toggle lock/unlock track controls
main_alt	100	41319		Item: Copy items to time selection, trim/loop to fit
main_alt	100	41320		Item: Move items to time selection, trim/loop to fit
main_alt	100	41321		Track: Set record path to primary
main_alt	100	41322		Track: Set record path to secondary
main_alt	100	41323		Track: Set record path to primary+secondary
main_alt	100	41324		Track: Select all tracks that have controls locked
main_alt	100	41325		View: Increase selected track heights
main_alt	100	41326		View: Decrease selected track heights
main_alt	100	41327		View: Increase selected track heights a little bit
main_alt	100	41328		View: Decrease selected track heights a little bit
main_alt	100	41329		Options: Toggle new recording adds lanes in layers (multiple lanes play at once)
main_alt	100	41330		Options: New recording splits existing items and adds takes (default)
main_alt	100	41331		Take: Set active take to custom color...
main_alt	100	41332		Take: Set active take to one random color
main_alt	100	41333		Take: Set active take to default color
main_alt	100	41334		Take: Set all takes created in the same recording pass to custom color...
main_alt	100	41335		Take: Set all takes created in the same recording pass to one random color
main_alt	100	41336		Take: Set all takes created in the same recording pass to default color
main_alt	100	41337		Take: Set all takes of selected items to default color
main_alt	100	41338		Options: Toggle editing active take source start offset (slip editing) adjusts all takes
main_alt	100	41339		Item properties: Toggle lock to active take (toggle mouse click changes active take)
main_alt	100	41340		Item properties: Lock to active take (mouse click will not change active take)
main_alt	100	41341		Item properties: Unlock takes (mouse click will change active take)
main_alt	100	41342		Take: Activate take under mouse
main_alt	100	41343		Colors: Reset random color generator
main_alt	100	41344		Options: Show tooltips on media items and envelopes
main_alt	100	41345		Help: Show mouse editing help in the area beneath the track control panels
main_alt	100	41346		Options: Show empty takes (align takes by recording pass)
main_alt	100	41348		Item: Remove all empty takes
main_alt	100	41349		Item: Remove the empty take before the active take
main_alt	100	41350		Item: Remove the empty take after the active take
main_alt	100	41351		Item: Add an empty take before the active take
main_alt	100	41352		Item: Add an empty take after the active take
main_alt	100	41353		Item: Rotate takes forward
main_alt	100	41354		Item: Rotate takes backward
main_alt	100	41355		Options: Allow selecting empty takes
main_alt	100	41356		Options: Mouse modifier preferences...
main_alt	100	41357		Send: Mute track send #1
main_alt	100	41358		Send: Mute track send #2
main_alt	100	41359		Send: Mute track send #3
main_alt	100	41360		Send: Mute track send #4
main_alt	100	41361		Send: Mute track send #5
main_alt	100	41362		Send: Mute track send #6
main_alt	100	41363		Send: Mute track send #7
main_alt	100	41364		Send: Mute track send #8
main_alt	100	41365		Send: Mute track receive #1
main_alt	100	41366		Send: Mute track receive #2
main_alt	100	41367		Send: Mute track receive #3
main_alt	100	41368		Send: Mute track receive #4
main_alt	100	41369		Send: Mute track receive #5
main_alt	100	41370		Send: Mute track receive #6
main_alt	100	41371		Send: Mute track receive #7
main_alt	100	41372		Send: Mute track receive #8
main_alt	100	41373		Comp takes: Save/rename active comp...
main_alt	100	41374		Comp takes: Remove active comp from list
main_alt	100	41375		Comp takes: Activate previous comp
main_alt	100	41376		Comp takes: Activate next comp
main_alt	100	41377		Comp takes: Toggle select last comp (A/B)
main_alt	100	41378		Comp takes: Move active comp to top lane
main_alt	100	41379		Comp takes: Crop list to active comp
main_alt	100	41380		Item: Move active takes to top
main_alt	100	41381		Item: Choose active take for item under mouse
main_alt	100	41382		Comp takes: Choose active comp for item under mouse (and all other items in the comp)
main_alt	100	41383		Edit: Copy items/tracks/envelope points (depending on focus) within time selection, if any (smart copy)
main_alt	100	41384		Edit: Cut items/tracks/envelope points (depending on focus) within time selection, if any (smart cut)
main_alt	100	41385		Item: Fit items to time selection, padding with silence if needed
main_alt	100	41386		Item: Fit items to time selection, looping if needed
main_alt	100	41388		Item properties: Set take channel mode to mono channel 03
main_alt	100	41389		Item properties: Set take channel mode to mono channel 04
main_alt	100	41390		Item properties: Set take channel mode to mono channel 05
main_alt	100	41391		Item properties: Set take channel mode to mono channel 06
main_alt	100	41392		Item properties: Set take channel mode to mono channel 07
main_alt	100	41393		Item properties: Set take channel mode to mono channel 08
main_alt	100	41394		Item properties: Set take channel mode to mono channel 09
main_alt	100	41395		Item properties: Set take channel mode to mono channel 10
main_alt	100	41396		Item properties: Set take channel mode to mono channel 11
main_alt	100	41397		Item properties: Set take channel mode to mono channel 12
main_alt	100	41398		Item properties: Set take channel mode to mono channel 13
main_alt	100	41399		Item properties: Set take channel mode to mono channel 14
main_alt	100	41400		Item properties: Set take channel mode to mono channel 15
main_alt	100	41401		Item properties: Set take channel mode to mono channel 16
main_alt	100	41402		Item properties: Set take channel mode to mono channel 17
main_alt	100	41403		Item properties: Set take channel mode to mono channel 18
main_alt	100	41404		Item properties: Set take channel mode to mono channel 19
main_alt	100	41405		Item properties: Set take channel mode to mono channel 20
main_alt	100	41406		Item properties: Set take channel mode to mono channel 21
main_alt	100	41407		Item properties: Set take channel mode to mono channel 22
main_alt	100	41408		Item properties: Set take channel mode to mono channel 23
main_alt	100	41409		Item properties: Set take channel mode to mono channel 24
main_alt	100	41410		Item properties: Set take channel mode to mono channel 25
main_alt	100	41411		Item properties: Set take channel mode to mono channel 26
main_alt	100	41412		Item properties: Set take channel mode to mono channel 27
main_alt	100	41413		Item properties: Set take channel mode to mono channel 28
main_alt	100	41414		Item properties: Set take channel mode to mono channel 29
main_alt	100	41415		Item properties: Set take channel mode to mono channel 30
main_alt	100	41416		Item properties: Set take channel mode to mono channel 31
main_alt	100	41417		Item properties: Set take channel mode to mono channel 32
main_alt	100	41418		Item properties: Set take channel mode to mono channel 33
main_alt	100	41419		Item properties: Set take channel mode to mono channel 34
main_alt	100	41420		Item properties: Set take channel mode to mono channel 35
main_alt	100	41421		Item properties: Set take channel mode to mono channel 36
main_alt	100	41422		Item properties: Set take channel mode to mono channel 37
main_alt	100	41423		Item properties: Set take channel mode to mono channel 38
main_alt	100	41424		Item properties: Set take channel mode to mono channel 39
main_alt	100	41425		Item properties: Set take channel mode to mono channel 40
main_alt	100	41426		Item properties: Set take channel mode to mono channel 41
main_alt	100	41427		Item properties: Set take channel mode to mono channel 42
main_alt	100	41428		Item properties: Set take channel mode to mono channel 43
main_alt	100	41429		Item properties: Set take channel mode to mono channel 44
main_alt	100	41430		Item properties: Set take channel mode to mono channel 45
main_alt	100	41431		Item properties: Set take channel mode to mono channel 46
main_alt	100	41432		Item properties: Set take channel mode to mono channel 47
main_alt	100	41433		Item properties: Set take channel mode to mono channel 48
main_alt	100	41434		Item properties: Set take channel mode to mono channel 49
main_alt	100	41435		Item properties: Set take channel mode to mono channel 50
main_alt	100	41436		Item properties: Set take channel mode to mono channel 51
main_alt	100	41437		Item properties: Set take channel mode to mono channel 52
main_alt	100	41438		Item properties: Set take channel mode to mono channel 53
main_alt	100	41439		Item properties: Set take channel mode to mono channel 54
main_alt	100	41440		Item properties: Set take channel mode to mono channel 55
main_alt	100	41441		Item properties: Set take channel mode to mono channel 56
main_alt	100	41442		Item properties: Set take channel mode to mono channel 57
main_alt	100	41443		Item properties: Set take channel mode to mono channel 58
main_alt	100	41444		Item properties: Set take channel mode to mono channel 59
main_alt	100	41445		Item properties: Set take channel mode to mono channel 60
main_alt	100	41446		Item properties: Set take channel mode to mono channel 61
main_alt	100	41447		Item properties: Set take channel mode to mono channel 62
main_alt	100	41448		Item properties: Set take channel mode to mono channel 63
main_alt	100	41449		Item properties: Set take channel mode to mono channel 64
main_alt	100	41450		Item properties: Set take channel mode to stereo channels 01/02
main_alt	100	41451		Item properties: Set take channel mode to stereo channels 02/03
main_alt	100	41452		Item properties: Set take channel mode to stereo channels 03/04
main_alt	100	41453		Item properties: Set take channel mode to stereo channels 04/05
main_alt	100	41454		Item properties: Set take channel mode to stereo channels 05/06
main_alt	100	41455		Item properties: Set take channel mode to stereo channels 06/07
main_alt	100	41456		Item properties: Set take channel mode to stereo channels 07/08
main_alt	100	41457		Item properties: Set take channel mode to stereo channels 08/09
main_alt	100	41458		Item properties: Set take channel mode to stereo channels 09/10
main_alt	100	41459		Item properties: Set take channel mode to stereo channels 10/11
main_alt	100	41460		Item properties: Set take channel mode to stereo channels 11/12
main_alt	100	41461		Item properties: Set take channel mode to stereo channels 12/13
main_alt	100	41462		Item properties: Set take channel mode to stereo channels 13/14
main_alt	100	41463		Item properties: Set take channel mode to stereo channels 14/15
main_alt	100	41464		Item properties: Set take channel mode to stereo channels 15/16
main_alt	100	41465		Item properties: Set take channel mode to stereo channels 16/17
main_alt	100	41466		Item properties: Set take channel mode to stereo channels 17/18
main_alt	100	41467		Item properties: Set take channel mode to stereo channels 18/19
main_alt	100	41468		Item properties: Set take channel mode to stereo channels 19/20
main_alt	100	41469		Item properties: Set take channel mode to stereo channels 20/21
main_alt	100	41470		Item properties: Set take channel mode to stereo channels 21/22
main_alt	100	41471		Item properties: Set take channel mode to stereo channels 22/23
main_alt	100	41472		Item properties: Set take channel mode to stereo channels 23/24
main_alt	100	41473		Item properties: Set take channel mode to stereo channels 24/25
main_alt	100	41474		Item properties: Set take channel mode to stereo channels 25/26
main_alt	100	41475		Item properties: Set take channel mode to stereo channels 26/27
main_alt	100	41476		Item properties: Set take channel mode to stereo channels 27/28
main_alt	100	41477		Item properties: Set take channel mode to stereo channels 28/29
main_alt	100	41478		Item properties: Set take channel mode to stereo channels 29/30
main_alt	100	41479		Item properties: Set take channel mode to stereo channels 30/31
main_alt	100	41480		Item properties: Set take channel mode to stereo channels 31/32
main_alt	100	41481		Item properties: Set take channel mode to stereo channels 32/33
main_alt	100	41482		Item properties: Set take channel mode to stereo channels 33/34
main_alt	100	41483		Item properties: Set take channel mode to stereo channels 34/35
main_alt	100	41484		Item properties: Set take channel mode to stereo channels 35/36
main_alt	100	41485		Item properties: Set take channel mode to stereo channels 36/37
main_alt	100	41486		Item properties: Set take channel mode to stereo channels 37/38
main_alt	100	41487		Item properties: Set take channel mode to stereo channels 38/39
main_alt	100	41488		Item properties: Set take channel mode to stereo channels 39/40
main_alt	100	41489		Item properties: Set take channel mode to stereo channels 40/41
main_alt	100	41490		Item properties: Set take channel mode to stereo channels 41/42
main_alt	100	41491		Item properties: Set take channel mode to stereo channels 42/43
main_alt	100	41492		Item properties: Set take channel mode to stereo channels 43/44
main_alt	100	41493		Item properties: Set take channel mode to stereo channels 44/45
main_alt	100	41494		Item properties: Set take channel mode to stereo channels 45/46
main_alt	100	41495		Item properties: Set take channel mode to stereo channels 46/47
main_alt	100	41496		Item properties: Set take channel mode to stereo channels 47/48
main_alt	100	41497		Item properties: Set take channel mode to stereo channels 48/49
main_alt	100	41498		Item properties: Set take channel mode to stereo channels 49/50
main_alt	100	41499		Item properties: Set take channel mode to stereo channels 50/51
main_alt	100	41500		Item properties: Set take channel mode to stereo channels 51/52
main_alt	100	41501		Item properties: Set take channel mode to stereo channels 52/53
main_alt	100	41502		Item properties: Set take channel mode to stereo channels 53/54
main_alt	100	41503		Item properties: Set take channel mode to stereo channels 54/55
main_alt	100	41504		Item properties: Set take channel mode to stereo channels 55/56
main_alt	100	41505		Item properties: Set take channel mode to stereo channels 56/57
main_alt	100	41506		Item properties: Set take channel mode to stereo channels 57/58
main_alt	100	41507		Item properties: Set take channel mode to stereo channels 58/59
main_alt	100	41508		Item properties: Set take channel mode to stereo channels 59/60
main_alt	100	41509		Item properties: Set take channel mode to stereo channels 60/61
main_alt	100	41510		Item properties: Set take channel mode to stereo channels 61/62
main_alt	100	41511		Item properties: Set take channel mode to stereo channels 62/63
main_alt	100	41512		Item properties: Set take channel mode to stereo channels 63/64
main_alt	100	41513		Item: Explode REX item into beat slices
main_alt	100	41514		Item: Set fade-in shape to type 1 (linear)
main_alt	100	41515		Item: Set fade-in shape to type 2 (slight convex)
main_alt	100	41516		Item: Set fade-in shape to type 3 (slight concave)
main_alt	100	41517		Item: Set fade-in shape to type 4 (sharp convex)
main_alt	100	41518		Item: Set fade-in shape to type 5 (sharp concave)
main_alt	100	41519		Item: Set fade-in shape to type 6 (slight S-curve)
main_alt	100	41520		Item: Cycle through fade-in shapes
main_alt	100	41521		Item: Set fade-out shape to type 1 (linear)
main_alt	100	41522		Item: Set fade-out shape to type 2 (slight convex)
main_alt	100	41523		Item: Set fade-out shape to type 3 (slight concave)
main_alt	100	41524		Item: Set fade-out shape to type 4 (sharp convex)
main_alt	100	41525		Item: Set fade-out shape to type 5 (sharp concave)
main_alt	100	41526		Item: Set fade-out shape to type 6 (slight S-curve)
main_alt	100	41527		Item: Cycle through fade-out shapes
main_alt	100	41528		Item: Set crossfade shape to type 1 (linear, equal gain)
main_alt	100	41529		Item: Set crossfade shape to type 2 (slight convex, equal power)
main_alt	100	41530		Item: Set crossfade shape to type 3 (slight concave)
main_alt	100	41531		Item: Set crossfade shape to type 4 (sharp convex)
main_alt	100	41532		Item: Set crossfade shape to type 5 (sharp concave)
main_alt	100	41533		Item: Set crossfade shape to type 6 (slight S-curve)
main_alt	100	41534		Item: Cycle through crossfade shapes
main_alt	100	41535		Show startup splash screen
main_alt	100	41536		Transient detection sensitivity: Increase
main_alt	100	41537		Transient detection sensitivity: Decrease
main_alt	100	41538		Track: Do not link track volume/pan controls to MIDI volume/pan
main_alt	100	41539		Track: Link track volume/pan controls to MIDI volume/pan on channel 1
main_alt	100	41540		Track: Link track volume/pan controls to MIDI volume/pan on channel 2
main_alt	100	41541		Track: Link track volume/pan controls to MIDI volume/pan on channel 3
main_alt	100	41542		Track: Link track volume/pan controls to MIDI volume/pan on channel 4
main_alt	100	41543		Track: Link track volume/pan controls to MIDI volume/pan on channel 5
main_alt	100	41544		Track: Link track volume/pan controls to MIDI volume/pan on channel 6
main_alt	100	41545		Track: Link track volume/pan controls to MIDI volume/pan on channel 7
main_alt	100	41546		Track: Link track volume/pan controls to MIDI volume/pan on channel 8
main_alt	100	41547		Track: Link track volume/pan controls to MIDI volume/pan on channel 9
main_alt	100	41548		Track: Link track volume/pan controls to MIDI volume/pan on channel 10
main_alt	100	41549		Track: Link track volume/pan controls to MIDI volume/pan on channel 11
main_alt	100	41550		Track: Link track volume/pan controls to MIDI volume/pan on channel 12
main_alt	100	41551		Track: Link track volume/pan controls to MIDI volume/pan on channel 13
main_alt	100	41552		Track: Link track volume/pan controls to MIDI volume/pan on channel 14
main_alt	100	41553		Track: Link track volume/pan controls to MIDI volume/pan on channel 15
main_alt	100	41554		Track: Link track volume/pan controls to MIDI volume/pan on channel 16
main_alt	100	41555		Track: Link track volume/pan controls to MIDI volume/pan on all channels
main_alt	100	41556		Track: Toggle link/unlink track volume/pan controls to MIDI volume/pan on all channels
main_alt	100	41557		Item properties: Toggle solo
main_alt	100	41558		Item properties: Solo exclusive
main_alt	100	41559		Item properties: Solo
main_alt	100	41560		Item properties: Unsolo
main_alt	100	41561		Item properties: Toggle solo exclusive
main_alt	100	41568		File: Export configuration...
main_alt	100	41569		File: Import configuration...
main_alt	100	41576		Options: Envelope point selection follows time selection
main_alt	100	41583		Options: Toggle running FX when playback is stopped
main_alt	100	41584		Track: Insert new 5.1 surround track, embed ReaSurroundPan in TCP
main_alt	100	41585		Track: Insert new surround track, using selected tracks as source audio
main_alt	100	41586		Project bay: Remove items from project
main_alt	100	41588		Item: Glue items, expanding to time selection if any
main_alt	100	41589		Item properties: Toggle show media item/take properties
main_alt	100	41593		Track: Hide tracks in TCP and mixer
main_alt	100	41594		Track: Make all tracks visible in TCP and mixer
main_alt	100	41595		Envelope: Toggle select/unselect all points
main_alt	100	41597		Set project tempo from time selection (detect tempo)
main_alt	100	41598		Docker: Show in bottom of main window
main_alt	100	41599		Docker: Show in left of main window
main_alt	100	41600		Docker: Show in top of main window
main_alt	100	41601		Docker: Show in right of main window
main_alt	100	41603		Transport: Show transport docked below arrange
main_alt	100	41604		Transport: Show transport docked above ruler
main_alt	100	41605		Transport: Show transport docked to bottom of main window
main_alt	100	41606		Transport: Show transport docked to top of main window
main_alt	100	41608		Transport: Show transport in docker
main_alt	100	41609		View: Toggle master mixer track in separate/docked window
main_alt	100	41610		Mixer: Toggle master track in docked window
main_alt	100	41611		Item: Select all other media items that share pooled MIDI source data with selected items
main_alt	100	41612		Take: Toggle take pitch envelope
main_alt	100	41613		Item: Remove active take from MIDI source data pool (unpool)
main_alt	100	41622		View: Toggle zoom to selected items
main_alt	100	41623		Open selected item source media in media explorer
main_alt	100	41624		Docker: Activate next tab
main_alt	100	41625		Docker: Activate previous tab
main_alt	100	41628		View: Show project bay window 2
main_alt	100	41629		View: Show project bay window 3
main_alt	100	41630		View: Show project bay window 4
main_alt	100	41631		View: Show project bay window 5
main_alt	100	41632		View: Show project bay window 6
main_alt	100	41633		View: Show project bay window 7
main_alt	100	41634		View: Show project bay window 8
main_alt	100	41636		Mixer: Toggle master track in separate window
main_alt	100	41638		Item: Reorder adjacent items randomly
main_alt	100	41639		Item: Set item ends to start of next item
main_alt	100	41640		Toolbar: Open MIDI toolbar 1 at mouse cursor
main_alt	100	41641		Toolbar: Open MIDI toolbar 2 at mouse cursor
main_alt	100	41642		Toolbar: Open MIDI toolbar 3 at mouse cursor
main_alt	100	41643		Toolbar: Open MIDI toolbar 4 at mouse cursor
main_alt	100	41644		Track: Unfreeze tracks (restore previously saved items and FX)
main_alt	100	41646		Toolbars: Switch to main toolbar
main_alt	100	41647		Toolbars: Switch to toolbar 5
main_alt	100	41648		Toolbars: Switch to toolbar 6
main_alt	100	41649		Toolbars: Switch to toolbar 7
main_alt	100	41650		Toolbars: Switch to toolbar 8
main_alt	100	41651		Toolbar: Open/close main toolbar
main_alt	100	41654		View: Show track freeze details
main_alt	100	41655		Toolbar: Open toolbar 5 at mouse cursor
main_alt	100	41656		Toolbar: Open toolbar 6 at mouse cursor
main_alt	100	41657		Toolbar: Open toolbar 7 at mouse cursor
main_alt	100	41658		Toolbar: Open toolbar 8 at mouse cursor
main_alt	100	41659		Toolbars: Switch to MIDI toolbar 1
main_alt	100	41660		Toolbars: Switch to MIDI toolbar 2
main_alt	100	41661		Toolbars: Switch to MIDI toolbar 3
main_alt	100	41662		Toolbars: Switch to MIDI toolbar 4
main_alt	100	41664		Markers: Insert separate regions for each selected item
main_alt	100	41665		Track: Show/hide children of selected folder tracks in mixer
main_alt	100	41666		View: Move cursor left 8 pixels
main_alt	100	41667		View: Move cursor right 8 pixels
main_alt	100	41668		Take: Toggle sample edits active (only editable when zoomed in)
main_alt	100	41676		Toolbar: Open/close MIDI piano roll toolbar
main_alt	100	41679		Toolbar: Open/close toolbar 1
main_alt	100	41680		Toolbar: Open/close toolbar 2
main_alt	100	41681		Toolbar: Open/close toolbar 3
main_alt	100	41682		Toolbar: Open/close toolbar 4
main_alt	100	41683		Toolbar: Open/close toolbar 5
main_alt	100	41684		Toolbar: Open/close toolbar 6
main_alt	100	41685		Toolbar: Open/close toolbar 7
main_alt	100	41686		Toolbar: Open/close toolbar 8
main_alt	100	41687		Toolbar: Open/close MIDI toolbar 1
main_alt	100	41688		Toolbar: Open/close MIDI toolbar 2
main_alt	100	41689		Toolbar: Open/close MIDI toolbar 3
main_alt	100	41690		Toolbar: Open/close MIDI toolbar 4
main_alt	100	41691		Dockers: Compact when small and single tab
main_alt	100	41696		Layout: Apply custom layout #01
main_alt	100	41697		Layout: Apply custom layout #02
main_alt	100	41698		Layout: Apply custom layout #03
main_alt	100	41699		Layout: Apply custom layout #04
main_alt	100	41700		Layout: Apply custom layout #05
main_alt	100	41701		Layout: Apply custom layout #06
main_alt	100	41702		Layout: Apply custom layout #07
main_alt	100	41703		Layout: Apply custom layout #08
main_alt	100	41704		Layout: Apply custom layout #09
main_alt	100	41705		Layout: Apply custom layout #10
main_alt	100	41706		Layout: Apply custom layout #11
main_alt	100	41707		Layout: Apply custom layout #12
main_alt	100	41708		Layout: Apply custom layout #13
main_alt	100	41709		Layout: Apply custom layout #14
main_alt	100	41710		Layout: Apply custom layout #15
main_alt	100	41711		Layout: Apply custom layout #16
main_alt	100	41712		Layout: Apply custom layout #17
main_alt	100	41713		Layout: Apply custom layout #18
main_alt	100	41714		Layout: Apply custom layout #19
main_alt	100	41715		Layout: Apply custom layout #20
main_alt	100	41716		Track: Render selected area of tracks to stereo post-fader stem tracks (and mute originals)
main_alt	100	41717		Track: Render selected area of tracks to multichannel post-fader stem tracks (and mute originals)
main_alt	100	41718		Track: Render selected area of tracks to mono post-fader stem tracks (and mute originals)
main_alt	100	41719		Track: Render selected area of tracks to stereo stem tracks (and mute originals)
main_alt	100	41720		Track: Render selected area of tracks to multichannel stem tracks (and mute originals)
main_alt	100	41721		Track: Render selected area of tracks to mono stem tracks (and mute originals)
main_alt	100	41722		Offset track template items by edit cursor
main_alt	100	41726		Track: Toggle full multichannel metering
main_alt	100	41727		Track: Set track record mode to MIDI latch-replace
main_alt	100	41728		Edit: Delete trailing notes of less than 1/8 note in length in selected MIDI items
main_alt	100	41729		Edit: Delete trailing notes of less than 1/16 note in length in selected MIDI items
main_alt	100	41730		Edit: Delete trailing notes of less than 1/32 note in length in selected MIDI items
main_alt	100	41731		Edit: Delete trailing notes of less than 1/64 note in length in selected MIDI items
main_alt	100	41732		Edit: Delete trailing notes of less than 1/128 note in length in selected MIDI items
main_alt	100	41733		Edit: Delete trailing notes of less than 1/256 note in length in selected MIDI items
main_alt	100	41734		Edit: Delete notes of less than 1/8 note in length in selected MIDI items
main_alt	100	41735		Edit: Delete notes of less than 1/16 note in length in selected MIDI items
main_alt	100	41736		Edit: Delete notes of less than 1/32 note in length in selected MIDI items
main_alt	100	41737		Edit: Delete notes of less than 1/64 note in length in selected MIDI items
main_alt	100	41738		Edit: Delete notes of less than 1/128 note in length in selected MIDI items
main_alt	100	41739		Edit: Delete notes of less than 1/256 note in length in selected MIDI items
main_alt	100	41743		Control surface: Refresh all surfaces
main_alt	100	41744		Track: Toggle track metering
main_alt	100	41745		Options: Enable metronome
main_alt	100	41746		Options: Disable metronome
main_alt	100	41747		Item: Collapse empty take
main_alt	100	41748		Item: Insert time on tracks and paste items
main_alt	100	41749		Track: Open/close UI for FX #1 on last touched track
main_alt	100	41750		Track: Open/close UI for FX #2 on last touched track
main_alt	100	41751		Track: Open/close UI for FX #3 on last touched track
main_alt	100	41752		Track: Open/close UI for FX #4 on last touched track
main_alt	100	41753		Track: Open/close UI for FX #5 on last touched track
main_alt	100	41754		Track: Open/close UI for FX #6 on last touched track
main_alt	100	41755		Track: Open/close UI for FX #7 on last touched track
main_alt	100	41756		Track: Open/close UI for FX #8 on last touched track
main_alt	100	41757		Track: Insert/show ReaEQ (track EQ)
main_alt	100	41758		Markers/Regions: Export markers/regions to file
main_alt	100	41759		Markers/Regions: Import markers/regions from file (replace existing)
main_alt	100	41760		Markers/Regions: Import markers/regions from file (merge with existing)
main_alt	100	41761		Regions: Go to region 01 after current region finishes playing (smooth seek)
main_alt	100	41762		Regions: Go to region 02 after current region finishes playing (smooth seek)
main_alt	100	41763		Regions: Go to region 03 after current region finishes playing (smooth seek)
main_alt	100	41764		Regions: Go to region 04 after current region finishes playing (smooth seek)
main_alt	100	41765		Regions: Go to region 05 after current region finishes playing (smooth seek)
main_alt	100	41766		Regions: Go to region 06 after current region finishes playing (smooth seek)
main_alt	100	41767		Regions: Go to region 07 after current region finishes playing (smooth seek)
main_alt	100	41768		Regions: Go to region 08 after current region finishes playing (smooth seek)
main_alt	100	41769		Regions: Go to region 09 after current region finishes playing (smooth seek)
main_alt	100	41770		Regions: Go to region 10 after current region finishes playing (smooth seek)
main_alt	100	41771		Regions: Go to region 11 after current region finishes playing (smooth seek)
main_alt	100	41772		Regions: Go to region 12 after current region finishes playing (smooth seek)
main_alt	100	41773		Regions: Go to region 13 after current region finishes playing (smooth seek)
main_alt	100	41774		Regions: Go to region 14 after current region finishes playing (smooth seek)
main_alt	100	41775		Regions: Go to region 15 after current region finishes playing (smooth seek)
main_alt	100	41776		Regions: Go to region 16 after current region finishes playing (smooth seek)
main_alt	100	41777		Regions: Go to region 17 after current region finishes playing (smooth seek)
main_alt	100	41778		Regions: Go to region 18 after current region finishes playing (smooth seek)
main_alt	100	41779		Regions: Go to region 19 after current region finishes playing (smooth seek)
main_alt	100	41780		Regions: Go to region 20 after current region finishes playing (smooth seek)
main_alt	100	41781		Regions: Go to region 21 after current region finishes playing (smooth seek)
main_alt	100	41782		Regions: Go to region 22 after current region finishes playing (smooth seek)
main_alt	100	41783		Regions: Go to region 23 after current region finishes playing (smooth seek)
main_alt	100	41784		Regions: Go to region 24 after current region finishes playing (smooth seek)
main_alt	100	41785		Regions: Go to region 25 after current region finishes playing (smooth seek)
main_alt	100	41786		Regions: Go to region 26 after current region finishes playing (smooth seek)
main_alt	100	41787		Regions: Go to region 27 after current region finishes playing (smooth seek)
main_alt	100	41788		Regions: Go to region 28 after current region finishes playing (smooth seek)
main_alt	100	41789		Regions: Go to region 29 after current region finishes playing (smooth seek)
main_alt	100	41790		Regions: Go to region 30 after current region finishes playing (smooth seek)
main_alt	100	41791		Regions: Go to region 31 after current region finishes playing (smooth seek)
main_alt	100	41792		Regions: Go to region 32 after current region finishes playing (smooth seek)
main_alt	100	41793		Regions: Go to region 33 after current region finishes playing (smooth seek)
main_alt	100	41794		Regions: Go to region 34 after current region finishes playing (smooth seek)
main_alt	100	41795		Regions: Go to region 35 after current region finishes playing (smooth seek)
main_alt	100	41796		Regions: Go to region 36 after current region finishes playing (smooth seek)
main_alt	100	41797		Regions: Go to region 37 after current region finishes playing (smooth seek)
main_alt	100	41798		Regions: Go to region 38 after current region finishes playing (smooth seek)
main_alt	100	41799		Regions: Go to region 39 after current region finishes playing (smooth seek)
main_alt	100	41800		Regions: Go to region 40 after current region finishes playing (smooth seek)
main_alt	100	41801		Regions: Go to previous region after current region finishes playing (smooth seek)
main_alt	100	41802		Regions: Go to next region after current region finishes playing (smooth seek)
main_alt	100	41803		Track: Select all top level tracks
main_alt	100	41804		Tempo envelope: Set display range to current project min/max bpm
main_alt	100	41805		Adjust entire tempo envelope...
main_alt	100	41806		Tempo envelope: Increase all tempo markers 0.001 BPM
main_alt	100	41807		Tempo envelope: Decrease all tempo markers 0.001 BPM
main_alt	100	41808		Tempo envelope: Increase all tempo markers 01%
main_alt	100	41809		Tempo envelope: Decrease all tempo markers 01%
main_alt	100	41810		Tempo envelope: Increase all tempo markers 0.1%
main_alt	100	41811		Tempo envelope: Decrease all tempo markers 0.1%
main_alt	100	41812		Tempo envelope: Increase all tempo markers 0.01%
main_alt	100	41813		Tempo envelope: Decrease all tempo markers 0.01%
main_alt	100	41814		Tempo envelope: Increase all tempo markers 0.001%
main_alt	100	41815		Tempo envelope: Decrease all tempo markers 0.001%
main_alt	100	41816		Item: Open associated project in new tab
main_alt	100	41817		View: Continuous scrolling during playback
main_alt	100	41818		Pre-roll: Toggle pre-roll on play
main_alt	100	41819		Pre-roll: Toggle pre-roll on record
main_alt	100	41820		Move edit cursor to previous tempo or time signature change
main_alt	100	41821		Move edit cursor to next tempo or time signature change
main_alt	100	41823		File: Add project to render queue, using the most recent render settings
main_alt	100	41824		File: Render project, using the most recent render settings
main_alt	100	41825		Track: Hide envelope, display next envelope on same track (cycle)
main_alt	100	41827		Edit: Show crossfade editor window
main_alt	100	41828		I/O dialog: Close window on enter key
main_alt	100	41829		Mixer: Group FX parameters with their inserts
main_alt	100	41834		Transport: Toggle stop playback at end of loop if repeat is disabled
main_alt	100	41836		Item: Set fade-in shape to type 7 (sharp S-curve)
main_alt	100	41837		Item: Set fade-out shape to type 7 (sharp S-curve)
main_alt	100	41838		Item: Set crossfade shape to type 7 (sharp S-curve)
main_alt	100	41839		Item: Split items at end of fade-in (unless crossfaded)
main_alt	100	41840		Item: Split items at start of fade-out (unless crossfaded)
main_alt	100	41842		Item: Add stretch marker at cursor
main_alt	100	41843		Item: Add stretch markers at time selection
main_alt	100	41844		Item: Remove all stretch markers
main_alt	100	41845		Item: Remove all stretch markers in time selection
main_alt	100	41846		Item: Snap stretch markers to grid
main_alt	100	41847		Item: Snap stretch markers in time selection to grid
main_alt	100	41848		Item: Add stretch marker at mouse position
main_alt	100	41849		Locking: Set take envelope locking mode
main_alt	100	41850		Locking: Clear take envelope locking mode
main_alt	100	41851		Locking: Toggle take envelope locking mode
main_alt	100	41852		Locking: Set item stretch marker locking mode
main_alt	100	41853		Locking: Clear item stretch marker locking mode
main_alt	100	41854		Locking: Toggle item stretch marker locking mode
main_alt	100	41855		File: Render project, using the most recent render settings, with a new target file name...
main_alt	100	41856		Project bay: Insert items into project
main_alt	100	41857		Item: Force tonal-optimized mode for stretch markers
main_alt	100	41858		Item: Set item name from active take filename
main_alt	100	41859		Item: Remove stretch marker at current position
main_alt	100	41860		Item: Go to next stretch marker
main_alt	100	41861		Item: Go to previous stretch marker
main_alt	100	41862		Item: Go to nearest stretch marker
main_alt	100	41863		Track: Select previous envelope
main_alt	100	41864		Track: Select next envelope
main_alt	100	41865		Track: Select pre-FX volume envelope
main_alt	100	41866		Track: Select volume envelope
main_alt	100	41867		Track: Select pre-FX pan envelope
main_alt	100	41868		Track: Select pan envelope
main_alt	100	41869		Track: Select pre-FX width envelope
main_alt	100	41870		Track: Select width envelope
main_alt	100	41871		Track: Select mute envelope
main_alt	100	41872		Track: Select FX envelope 01
main_alt	100	41873		Track: Select FX envelope 02
main_alt	100	41874		Track: Select FX envelope 03
main_alt	100	41875		Track: Select FX envelope 04
main_alt	100	41876		Track: Select FX envelope 05
main_alt	100	41877		Track: Select FX envelope 06
main_alt	100	41878		Track: Select FX envelope 07
main_alt	100	41879		Track: Select FX envelope 08
main_alt	100	41880		Track: Select FX envelope 09
main_alt	100	41881		Track: Select FX envelope 10
main_alt	100	41882		View: Show monitoring FX chain
main_alt	100	41883		Project tabs: Show project tabs on left side of window
main_alt	100	41884		Monitoring FX: Toggle bypass
main_alt	100	41885		Grid: Toggle framerate grid
main_alt	100	41887		Item: Close item inline editors
main_alt	100	41888		View: Show region render matrix window
main_alt	100	41890		Region render matrix: Render master mix for all regions
main_alt	100	41891		Region render matrix: Render all tracks for all regions
main_alt	100	41892		Region render matrix: Render only selected tracks for all regions
main_alt	100	41893		Region render matrix: Add selected tracks to render list for all regions
main_alt	100	41895		File: Save new version of project (automatically increment project name)
main_alt	100	41896		Markers: Set region near cursor to default color
main_alt	100	41897		Markers: Set marker near cursor to default color
main_alt	100	41898		ReaScript: Close all running ReaScripts
main_alt	100	41916		View: Time unit for ruler: Measures.Beats (minimal)
main_alt	100	41918		View: Time unit for ruler: Measures.Beats (minimal) / minutes:Seconds
main_alt	100	41919		Track: Toggle preserve PDC delayed monitoring in recorded items
main_alt	100	41920		Track: Unset preserve PDC delayed monitoring in recorded items
main_alt	100	41921		Track: Set preserve PDC delayed monitoring in recorded items
main_alt	100	41922		Close all projects but current
main_alt	100	41923		Item: Reset items volume to +0dB
main_alt	100	41924		Item: Nudge items volume -1dB
main_alt	100	41925		Item: Nudge items volume +1dB
main_alt	100	41926		Take: Nudge active takes volume -1dB
main_alt	100	41927		Take: Nudge active takes volume +1dB
main_alt	100	41928		ReaScript: Run/edit ReaScript (EEL2 or Lua)...
main_alt	100	41929		New project tab, ignore default template
main_alt	100	41930		Theme development: Show theme tweak/configuration window
main_alt	100	41931		ReaScript: Run/edit last ReaScript (EEL2 or Lua)
main_alt	100	41932		Insert dedicated video processor item
main_alt	100	41935		ReaScript: Edit new ReaScript (EEL2 or Lua)...
main_alt	100	41936		Toolbar: Open/close toolbar 9
main_alt	100	41937		Toolbar: Open/close toolbar 10
main_alt	100	41938		Toolbar: Open/close toolbar 11
main_alt	100	41939		Toolbar: Open/close toolbar 12
main_alt	100	41940		Toolbar: Open/close toolbar 13
main_alt	100	41941		Toolbar: Open/close toolbar 14
main_alt	100	41942		Toolbar: Open/close toolbar 15
main_alt	100	41943		Toolbar: Open/close toolbar 16
main_alt	100	41944		Toolbar: Open/close MIDI toolbar 5
main_alt	100	41945		Toolbar: Open/close MIDI toolbar 6
main_alt	100	41946		Toolbar: Open/close MIDI toolbar 7
main_alt	100	41947		Toolbar: Open/close MIDI toolbar 8
main_alt	100	41948		Toolbars: Switch to toolbar 9
main_alt	100	41949		Toolbars: Switch to toolbar 10
main_alt	100	41950		Toolbars: Switch to toolbar 11
main_alt	100	41951		Toolbars: Switch to toolbar 12
main_alt	100	41952		Toolbars: Switch to toolbar 13
main_alt	100	41953		Toolbars: Switch to toolbar 14
main_alt	100	41954		Toolbars: Switch to toolbar 15
main_alt	100	41955		Toolbars: Switch to toolbar 16
main_alt	100	41956		Toolbars: Switch to MIDI toolbar 5
main_alt	100	41957		Toolbars: Switch to MIDI toolbar 6
main_alt	100	41958		Toolbars: Switch to MIDI toolbar 7
main_alt	100	41959		Toolbars: Switch to MIDI toolbar 8
main_alt	100	41960		Toolbar: Open toolbar 9 at mouse cursor
main_alt	100	41961		Toolbar: Open toolbar 10 at mouse cursor
main_alt	100	41962		Toolbar: Open toolbar 11 at mouse cursor
main_alt	100	41963		Toolbar: Open toolbar 12 at mouse cursor
main_alt	100	41964		Toolbar: Open toolbar 13 at mouse cursor
main_alt	100	41965		Toolbar: Open toolbar 14 at mouse cursor
main_alt	100	41966		Toolbar: Open toolbar 15 at mouse cursor
main_alt	100	41967		Toolbar: Open toolbar 16 at mouse cursor
main_alt	100	41968		Toolbar: Open MIDI toolbar 5 at mouse cursor
main_alt	100	41969		Toolbar: Open MIDI toolbar 6 at mouse cursor
main_alt	100	41970		Toolbar: Open MIDI toolbar 7 at mouse cursor
main_alt	100	41971		Toolbar: Open MIDI toolbar 8 at mouse cursor
main_alt	100	41972		Transport: Time unit: Absolute frames
main_alt	100	41973		View: Time unit for ruler: Absolute frames
main_alt	100	41974		Take: View take envelopes for last touched/first selected item
main_alt	100	41975		Track: View envelopes for current/last touched track at mouse cursor
main_alt	100	41976		Take: Propagate to similarly-named active takes on track
main_alt	100	41977		Item: Propagate to similarly-named items on track
main_alt	100	41978		Take: Propagate to all similarly-named active takes
main_alt	100	41979		Item: Propagate to all similarly-named items
main_alt	100	41981		Envelope: Apply all VCAs to selected tracks and remove from VCA groups
main_alt	100	41982		Envelope: Apply all VCAs from selected tracks to grouped tracks and reset volume/pan/mute
main_alt	100	41983		FX: Activate/bypass track/take envelope for last touched FX parameter
main_alt	100	41984		FX: Arm track/take envelope for last touched FX parameter
main_alt	100	41987		Envelope: Add/edit envelope point value at cursor
main_alt	100	41988		Item: Edit stretch marker at cursor
main_alt	100	41989		Item: Reset stretch marker at current position
main_alt	100	41990		Toggle ripple editing per-track
main_alt	100	41991		Toggle ripple editing all tracks
main_alt	100	41992		Options: Chase MIDI note-on/CC/PC/pitch in project playback
main_alt	100	41993		Item: Apply track/take FX to items (multichannel output)
main_alt	100	41994		Project tabs: Synchronize any parent projects when playing back subproject
main_alt	100	41995		Move edit cursor to nearest zero crossing in items
main_alt	100	41996		Item: Move items to subproject (non-destructive glue)
main_alt	100	41997		Track: Move tracks to subproject
main_alt	100	41998		Project tabs: Defer rendering of subprojects (render on tab switch rather than save)
main_alt	100	41999		Item: Render items to new take
main_alt	100	42000		Grid: Set to 1/3 (1/2 triplet)
main_alt	100	42001		Grid: Set to 1/18
main_alt	100	42002		Grid: Set to 1/10 (1/8 quintuplet)
main_alt	100	42003		Grid: Set to 1/9
main_alt	100	42004		Grid: Set to 1/7 (1/4 septuplet)
main_alt	100	42005		Grid: Set to 1/5 (1/4 quintuplet)
main_alt	100	42006		Grid: Set to 3
main_alt	100	42007		Grid: Set to 2/3 (whole note triplet)
main_alt	100	42008		Item: Glue items, ignoring time selection (auto-increase channel count with take FX)
main_alt	100	42009		Item: Glue items, expanding to time selection if any (auto-increase channel count with take FX)
main_alt	100	42010		Grid: Use the same grid division in arrange view and MIDI editor
main_alt	100	42011		Options: Ripple edit all affects tempo map
main_alt	100	42012		Project tabs: Leave subproject open in tab after automatic open and render
main_alt	100	42013		Automation: Write current values for actively-writing envelopes to time selection
main_alt	100	42014		Automation: Write current values for actively-writing envelopes from cursor to start of project
main_alt	100	42015		Automation: Write current values for actively-writing envelopes from cursor to end of project
main_alt	100	42016		Automation: Write current values for actively-writing envelopes from cursor to first touch position
main_alt	100	42017		Automation: Write current values for actively-writing envelopes to entire envelope
main_alt	100	42018		Track: Apply trim envelope to volume envelope, clear trim envelope
main_alt	100	42019		Track: Apply volume envelope to trim envelope, clear volume envelope
main_alt	100	42020		Track: Toggle track trim envelope visible
main_alt	100	42021		Track: Swap volume envelope and trim envelope
main_alt	100	42022		Global automation override: All automation in latch preview mode
main_alt	100	42023		Automation: Set track automation mode to latch preview
main_alt	100	42024		Automation: Set all tracks automation mode to latch preview
main_alt	100	42025		Automation: Clear all track envelope latches
main_alt	100	42026		Automation: Clear track envelope latches
main_alt	100	42027		Clear transient guides
main_alt	100	42028		Calculate transient guides
main_alt	100	42029		Calculate transient guides for visible areas in items
main_alt	100	42030		Options: Add edge points when moving multiple envelope points
main_alt	100	42031		View: Show track wiring diagram
main_alt	100	42032		Set project recording pass counter... ($recpass wildcard)
main_alt	100	42033		Track: Toggle MIDI input quantize for selected tracks
main_alt	100	42034		Track: Toggle MIDI input quantize for all tracks
main_alt	100	42035		Track: Toggle MIDI input quantize for last touched track
main_alt	100	42036		Track: Set MIDI input quantize to 1/64 for selected tracks
main_alt	100	42037		Track: Set MIDI input quantize to 1/32 for selected tracks
main_alt	100	42038		Track: Set MIDI input quantize to 1/16 triplet for selected tracks
main_alt	100	42039		Track: Set MIDI input quantize to 1/16 for selected tracks
main_alt	100	42040		Track: Set MIDI input quantize to 1/8 triplet for selected tracks
main_alt	100	42041		Track: Set MIDI input quantize to 1/8 for selected tracks
main_alt	100	42042		Track: Set MIDI input quantize to 1/4 triplet for selected tracks
main_alt	100	42043		Track: Set MIDI input quantize to 1/4 for selected tracks
main_alt	100	42044		Track: Set MIDI input quantize to 1/64 for all tracks
main_alt	100	42045		Track: Set MIDI input quantize to 1/32 for all tracks
main_alt	100	42046		Track: Set MIDI input quantize to 1/16 triplet for all tracks
main_alt	100	42047		Track: Set MIDI input quantize to 1/16 for all tracks
main_alt	100	42048		Track: Set MIDI input quantize to 1/8 triplet for all tracks
main_alt	100	42049		Track: Set MIDI input quantize to 1/8 for all tracks
main_alt	100	42050		Track: Set MIDI input quantize to 1/4 triplet for all tracks
main_alt	100	42051		Track: Set MIDI input quantize to 1/4 for all tracks
main_alt	100	42052		Track: Set MIDI input quantize to 1/64 for last touched track
main_alt	100	42053		Track: Set MIDI input quantize to 1/32 for last touched track
main_alt	100	42054		Track: Set MIDI input quantize to 1/16 triplet for last touched track
main_alt	100	42055		Track: Set MIDI input quantize to 1/16 for last touched track
main_alt	100	42056		Track: Set MIDI input quantize to 1/8 triplet for last touched track
main_alt	100	42057		Track: Set MIDI input quantize to 1/8 for last touched track
main_alt	100	42058		Track: Set MIDI input quantize to 1/4 triplet for last touched track
main_alt	100	42059		Track: Set MIDI input quantize to 1/4 for last touched track
main_alt	100	42060		Track: Set MIDI input quantize to grid for selected tracks
main_alt	100	42061		Track: Set MIDI input quantize to grid for all tracks
main_alt	100	42062		Track: Set MIDI input quantize to grid for last touched track
main_alt	100	42063		Track: Enable MIDI input quantize for selected tracks
main_alt	100	42064		Track: Disable MIDI input quantize for selected tracks
main_alt	100	42065		Track: Enable MIDI input quantize for all tracks
main_alt	100	42066		Track: Disable MIDI input quantize for all tracks
main_alt	100	42067		Track: Enable MIDI input quantize for last touched track
main_alt	100	42068		Track: Disable MIDI input quantize for last touched track
main_alt	100	42069		Insert or extend MIDI items to fill time selection
main_alt	100	42070		Import track lyrics...
main_alt	100	42071		Export track lyrics...
main_alt	100	42072		Project tabs: Force project tabs visible when monitoring FX in use
main_alt	100	42073		Peaks: Toggle spectral peaks
main_alt	100	42074		View: Show peaks display settings
main_alt	100	42075		Track: Prevent spectral peaks/spectrogram
main_alt	100	42076		Options: Pre-fader track metering
main_alt	100	42077		Peaks: Load spectral peaks preset 1
main_alt	100	42078		Peaks: Load spectral peaks preset 2
main_alt	100	42079		Peaks: Load spectral peaks preset 3
main_alt	100	42080		Peaks: Load spectral peaks preset 4
main_alt	100	42081		Peaks: Load spectral peaks preset 5
main_alt	100	42082		Envelope: Insert automation item
main_alt	100	42083		Envelope: Duplicate automation items
main_alt	100	42084		Envelope: Remove automation items from pool (unpool)
main_alt	100	42085		Envelope: Duplicate and pool automation items
main_alt	100	42086		Envelope: Delete automation items
main_alt	100	42087		Envelope: Split automation items
main_alt	100	42088		Envelope: Delete automation items, preserve points
main_alt	100	42089		Envelope: Glue automation items
main_alt	100	42090		Envelope: Automation item properties...
main_alt	100	42091		Envelope: Rename automation item...
main_alt	100	42092		Envelope: Save automation item...
main_alt	100	42093		Envelope: Load automation item...
main_alt	100	42194		Options: Automation item baseline/amplitude edits affect pooled copies
main_alt	100	42195		Options: Loop new automation items by default
main_alt	100	42196		Envelope: Toggle automation item loop
main_alt	100	42197		Envelope: Set time selection to automation item
main_alt	100	42198		Envelope: Set loop points to automation item
main_alt	100	42199		Envelope: Reduce number of points by half
main_alt	100	42200		Envelope: Reverse points
main_alt	100	42201		Envelope: Reduce number of points by half within time selection
main_alt	100	42202		Options: Prevent mouse edits of single envelope points from moving past other envelope points
main_alt	100	42203		Options: Automation items do not connect to the underlying envelope
main_alt	100	42204		Options: Automation items connect to the underlying envelope on the right side
main_alt	100	42205		Options: Automation items connect to the underlying envelope on both sides
main_alt	100	42206		Options: Trim content behind automation items when editing or writing automation
main_alt	100	42207		Envelope: Convert all project automation to automation items
main_alt	100	42208		Envelope: Reduce number of selected points by half
main_alt	100	42209		Envelope: Add edge points to automation item
main_alt	100	42211		Envelope: Mute automation items
main_alt	100	42212		Options: Always record to automation items
main_alt	100	42213		Options: Bypass underlying envelopes outside of automation items
main_alt	100	42215		Envelope: Obey project default setting to bypass underlying envelope outside of automation items
main_alt	100	42218		Options: Limit media item edge edits to source media content for unlooped media items
main_alt	100	42220		Options: Automatically insert automation item when activating envelope that is bypassed outside of automation items and not displayed in envelope lane
main_alt	100	42221		Envelope: Automation items do not connect to the underlying envelope
main_alt	100	42222		Envelope: Automation items connect to the underlying envelope on the right side
main_alt	100	42223		Envelope: Automation items connect to the underlying envelope on both sides
main_alt	100	42224		Envelope: Bypass underlying envelope outside of automation items
main_alt	100	42225		Track: Set track record output mode to post-fader
main_alt	100	42226		Track: Set track record output mode to pre-FX
main_alt	100	42227		Track: Set track record output mode to post-FX, pre-fader
main_alt	100	42228		Item: Set item start/end to source media start/end
main_alt	100	42229		Item: Set item start to source media start
main_alt	100	42230		File: Render project, using the most recent render settings, auto-close render dialog
main_alt	100	42232		Track: Bypass media playback offset
main_alt	100	42233		Track: Apply media playback offset to receive source tracks
main_alt	100	42234		Options: Show theme adjuster
main_alt	100	42235		Track: View routing and I/O for master track
main_alt	100	42237		Group: Select all tracks in group 33
main_alt	100	42238		Group: Select all tracks in group 34
main_alt	100	42239		Group: Select all tracks in group 35
main_alt	100	42240		Group: Select all tracks in group 36
main_alt	100	42241		Group: Select all tracks in group 37
main_alt	100	42242		Group: Select all tracks in group 38
main_alt	100	42243		Group: Select all tracks in group 39
main_alt	100	42244		Group: Select all tracks in group 40
main_alt	100	42245		Group: Select all tracks in group 41
main_alt	100	42246		Group: Select all tracks in group 42
main_alt	100	42247		Group: Select all tracks in group 43
main_alt	100	42248		Group: Select all tracks in group 44
main_alt	100	42249		Group: Select all tracks in group 45
main_alt	100	42250		Group: Select all tracks in group 46
main_alt	100	42251		Group: Select all tracks in group 47
main_alt	100	42252		Group: Select all tracks in group 48
main_alt	100	42253		Group: Select all tracks in group 49
main_alt	100	42254		Group: Select all tracks in group 50
main_alt	100	42255		Group: Select all tracks in group 51
main_alt	100	42256		Group: Select all tracks in group 52
main_alt	100	42257		Group: Select all tracks in group 53
main_alt	100	42258		Group: Select all tracks in group 54
main_alt	100	42259		Group: Select all tracks in group 55
main_alt	100	42260		Group: Select all tracks in group 56
main_alt	100	42261		Group: Select all tracks in group 57
main_alt	100	42262		Group: Select all tracks in group 58
main_alt	100	42263		Group: Select all tracks in group 59
main_alt	100	42264		Group: Select all tracks in group 60
main_alt	100	42265		Group: Select all tracks in group 61
main_alt	100	42266		Group: Select all tracks in group 62
main_alt	100	42267		Group: Select all tracks in group 63
main_alt	100	42268		Group: Select all tracks in group 64
main_alt	100	42291		Track templates: Insert at end of project
main_alt	100	42294		Peaks: Toggle spectrogram
main_alt	100	42295		Peaks: Toggle normal peaks + spectrogram
main_alt	100	42296		Peaks: Load spectrogram preset 1
main_alt	100	42297		Peaks: Load spectrogram preset 2
main_alt	100	42298		Peaks: Load spectrogram preset 3
main_alt	100	42299		Peaks: Load spectrogram preset 4
main_alt	100	42300		Peaks: Load spectrogram preset 5
main_alt	100	42301		Peaks: Show normal peaks
main_alt	100	42302		Spectrogram: Add spectral edit to item
main_alt	100	42303		Spectrogram: Toggle always show spectrogram for selected items
main_alt	100	42304		Grid: Toggle swing grid
main_alt	100	42305		Transport: Flash transport yellow on possible audio device underrun
main_alt	100	42306		Peaks: Scale peaks by square root (half of range is 12dB rather than 6dB)
main_alt	100	42307		Peaks: Rectify peaks
main_alt	100	42312		Item properties: Display item time ruler
main_alt	100	42313		Item properties: Display item source time ruler
main_alt	100	42314		Item properties: Display item time ruler in H:M:S:F format
main_alt	100	42315		Item properties: Display item beats ruler (constant time signature)
main_alt	100	42317		File: Save live output to disk (bounce), using the most recent bounce settings
main_alt	100	42320		Ruler: Set to default height
main_alt	100	42321		Ruler: Set to minimum height
main_alt	100	42322		Ruler: Set to maximum height
main_alt	100	42323		Ruler: Show/collapse all ruler lanes
main_alt	100	42324		Region/Marker manager: Show regions/markers in visible lanes only
main_alt	100	42325		Ruler: Display tempo and time signature changes in separate lanes (when size permits)
main_alt	100	42326		Ruler: Display tempo changes
main_alt	100	42327		Ruler: Display time signature changes
main_alt	100	42328		Ruler: Display region and marker lines in arrange view
main_alt	100	42329		Ruler: Display time signature lines in arrange view
main_alt	100	42330		Tempo envelope: Insert tempo marker at edit cursor, without opening tempo edit dialog
main_alt	100	42331		Grid: Divide arrange view vertically by measures
main_alt	100	42332		File: Save project and render RPP-PROX
main_alt	100	42333		Project tabs: Do not automatically render subprojects (require manual render)
main_alt	100	42334		Project tabs: Prompt before automatic rerender of background subprojects
main_alt	100	42335		FX: Show last focused FX embedded UI in TCP
main_alt	100	42336		Track: Lock/unlock track height
main_alt	100	42337		Item: Force transient-optimized mode for stretch markers
main_alt	100	42338		Item: Force balanced mode for stretch markers
main_alt	100	42339		Item: Force no pre-echo reduction mode for stretch markers
main_alt	100	42340		FX: Show all FX embedded UI in TCP (selected tracks)
main_alt	100	42341		FX: Hide all FX embedded UI in TCP (selected tracks)
main_alt	100	42342		FX: Show next single FX embedded UI in TCP (selected tracks)
main_alt	100	42343		FX: Show previous single FX embedded UI in TCP (selected tracks)
main_alt	100	42344		Options: Chase non-FX envelopes to automation items when underlying envelope is bypassed
main_alt	100	42345		Envelope: Chase non-FX envelope to automation items when underlying envelope is bypassed
main_alt	100	42346		File: Save copy of project (automatically increment project name)
main_alt	100	42347		File: Save copy of project as (prompt with incremented project name)...
main_alt	100	42348		Reset all MIDI control surface devices
main_alt	100	42349		Take: Cycle items to next take
main_alt	100	42350		Take: Cycle items to previous take
main_alt	100	42353		Items: Set all take FX offline for selected media items
main_alt	100	42354		Items: Set all take FX online for selected media items
main_alt	100	42355		Item properties: Item ruler settings...
main_alt	100	42356		Item: Toggle force media offline
main_alt	100	42357		Item: Toggle force inactive take media offline
main_alt	100	42358		Item properties: Display item source time ruler in H:M:S:F format
main_alt	100	42359		Item properties: Display item beats ruler (minimal, constant time signature)
main_alt	100	42360		View: Secondary time unit for ruler: None
main_alt	100	42361		View: Secondary time unit for ruler: Minutes:Seconds
main_alt	100	42362		View: Secondary time unit for ruler: Seconds
main_alt	100	42363		View: Secondary time unit for ruler: Samples
main_alt	100	42364		View: Secondary time unit for ruler: Hours:Minutes:Seconds:Frames
main_alt	100	42365		View: Secondary time unit for ruler: Absolute frames
main_alt	100	42366		Transport: Secondary time unit: None
main_alt	100	42367		Transport: Secondary time unit: Minutes:Seconds
main_alt	100	42368		Transport: Secondary time unit: Seconds
main_alt	100	42369		Transport: Secondary time unit: Samples
main_alt	100	42370		Transport: Secondary time unit: Hours:Minutes:Seconds:Frames
main_alt	100	42371		Transport: Secondary time unit: Absolute frames
main_alt	100	42372		FX: Show last focused FX embedded UI in MCP
main_alt	100	42373		View: Show TCP on right side of arrange
main_alt	100	42374		Item properties: Set item rate from user-supplied source media tempo/bpm...
main_alt	100	42375		Item properties: Set item timebase to beats (auto-stretch at tempo changes)
main_alt	100	42376		Media item: Clear and recalculate auto-stretch at project tempo changes
main_alt	100	42377		Media item: Add stretch markers at project tempo changes
main_alt	100	42378		MIDI: Clear retroactive MIDI history
main_alt	100	42380		Item: Convert embedded source transient information to transient guides
main_alt	100	42381		Envelopes: Move selected points up a tiny bit
main_alt	100	42382		Envelopes: Move selected points down a tiny bit
main_alt	100	42383		Automation lane: Increase active fader a tiny bit
main_alt	100	42384		Automation lane: Decrease active fader a tiny bit
main_alt	100	42385		Item: Add/edit take marker at play position or edit cursor
main_alt	100	42386		Item: Delete take marker at cursor
main_alt	100	42387		Item: Delete all take markers
main_alt	100	42388		Item: Add/edit take marker at mouse position
main_alt	100	42389		Item: Delete take marker at mouse position
main_alt	100	42390		Item: Quick add take marker at play position or edit cursor
main_alt	100	42391		Item: Quick add take marker at mouse position
main_alt	100	42392		Options: Show theme color controls
main_alt	100	42393		Item: Set cursor to previous take marker in selected items
main_alt	100	42394		Item: Set cursor to next take marker in selected items
main_alt	100	42395		Clear tempo envelope
main_alt	100	42397		File: Show project render metadata window
main_alt	100	42398		Item: Paste items/tracks
main_alt	100	42399		Razor edit: Move areas forwards without contents
main_alt	100	42400		Razor edit: Move areas backwards without contents
main_alt	100	42401		Mouse modifiers: Swap arrange view right-drag modifiers for marquee item selection and select razor edit area
main_alt	100	42402		Razor edit: Move areas up without contents
main_alt	100	42403		Razor edit: Move areas down without contents
main_alt	100	42404		Toolbar: Open/close media explorer toolbar
main_alt	100	42405		Toolbars: Switch to media explorer toolbar
main_alt	100	42406		Razor edit: Clear all areas
main_alt	100	42407		Create measure from time selection (detect tempo, try to create single measure)
main_alt	100	42409		Razor edit: Enclose media items, including space between items
main_alt	100	42411		Open selected item source media in explorer/finder
main_alt	100	42412		Razor edit: Create area from cursor to mouse
main_alt	100	42413		Track: 2nd pass render selected area of tracks to stereo post-fader stem tracks (and mute originals)
main_alt	100	42414		Track: 2nd pass render selected area of tracks to multichannel post-fader stem tracks (and mute originals)
main_alt	100	42415		Track: 2nd pass render selected area of tracks to mono post-fader stem tracks (and mute originals)
main_alt	100	42416		Track: 2nd pass render selected area of tracks to stereo stem tracks (and mute originals)
main_alt	100	42417		Track: 2nd pass render selected area of tracks to multichannel stem tracks (and mute originals)
main_alt	100	42418		Track: 2nd pass render selected area of tracks to mono stem tracks (and mute originals)
main_alt	100	42419		Item properties: Display item source time ruler, apply media source BWF start offset
main_alt	100	42420		Item properties: Display item source time ruler in H:M:S:F format, apply media source BWF start offset
main_alt	100	42421		Options: Always trim content behind razor edits (otherwise, follow media item editing preferences)
main_alt	100	42422		Track: Insert new 7.1 surround track, embed ReaSurroundPan in TCP
main_alt	100	42423		Track: Insert new 7.1.2 surround track, embed ReaSurroundPan in TCP
main_alt	100	42424		Track: Insert new 7.1.4 surround track, embed ReaSurroundPan in TCP
main_alt	100	42425		Track: Insert/display ReaSurroundPan in TCP
main_alt	100	42426		Track: Insert/display ReaSurroundPan in MCP
main_alt	100	42429		Item properties: Open media item take channel mapper for selected items
main_alt	100	42430		Track properties: Toggle fixed item lanes
main_alt	100	42431		Track properties: Set fixed item lanes
main_alt	100	42432		Item: Glue items within time selection
main_alt	100	42433		Item: Glue items, including leading fade-in and trailing fade-out
main_alt	100	42434		Item: Glue items (auto-increase channel count with take FX)
main_alt	100	42435		Ruler: Display region number even if region is named
main_alt	100	42436		Ruler: Display region number/name when region edge is not visible
main_alt	100	42437		Calculate loudness of selected items, including take and track FX and settings, via dry run render
main_alt	100	42438		Calculate loudness of selected tracks via dry run render
main_alt	100	42439		Calculate loudness of selected tracks within time selection via dry run render
main_alt	100	42440		Calculate loudness of master mix via dry run render
main_alt	100	42441		Calculate loudness of master mix within time selection via dry run render
main_alt	100	42442		Track: Set meters to stereo peaks
main_alt	100	42443		Track: Set meters to combined RMS
main_alt	100	42444		Track: Set meters to LUFS-M (momentary loudness)
main_alt	100	42445		Track: Set meters to LUFS-S (short-term loudness, readout=max)
main_alt	100	42446		Track: Set meters to stereo RMS
main_alt	100	42447		Calculate mono loudness of selected tracks via dry run render
main_alt	100	42448		Calculate mono loudness of selected tracks within time selection via dry run render
main_alt	100	42449		Peaks: Reset peaks display zoom for project
main_alt	100	42450		Track: Set meters to multichannel peaks
main_alt	100	42451		Track: Set meters to LUFS-S (short-term loudness, readout=current)
main_alt	100	42452		Track: LUFS measures first two channels only
main_alt	100	42453		Track: Move all media items to new hidden child track
main_alt	100	42454		Track: Move all media items from all hidden child tracks
main_alt	100	42455		FX: Toggle delta solo for last focused FX
main_alt	100	42456		Options: Set metronome speed to 1x
main_alt	100	42457		Options: Set metronome speed to 2x
main_alt	100	42458		Options: Set metronome speed to 4x
main_alt	100	42459		Options: Razor edits in media item lane affect all track envelopes
main_alt	100	42460		Item properties: Normalize items (peak/RMS/LUFS)...
main_alt	100	42461		Item properties: Normalize items using most recent settings
main_alt	100	42462		Item properties: Normalize items using most recent settings (reset to unity if already normalized)
main_alt	100	42463		Item properties: Normalize items using most recent settings (force normalize as if one long item)
main_alt	100	42464		Item properties: Normalize items using most recent settings (force normalize each item separately)
main_alt	100	42465		MIDI: Reload track support data (bank/program files, notation, etc) for all MIDI items on selected tracks
main_alt	100	42466		FX: Clear delta solo for all FX on selected tracks
main_alt	100	42467		FX: Clear delta solo for all project FX
main_alt	100	42468		Calculate loudness of selected items source media via dry run render
main_alt	100	42469		Track lanes: Select items in lane under mouse
main_alt	100	42471		Track lanes: Record into lane under mouse
main_alt	100	42472		Track lanes: Rename lane under mouse
main_alt	100	42473		Fixed lane comp area: Delete comp area but not media items
main_alt	100	42474		Razor edit: Set loop points to razor edit area
main_alt	100	42475		Razor edit: Create fixed lane comp area
main_alt	100	42476		Item: Set snap offset for item under mouse to mouse position
main_alt	100	42477		Options: Allow drag/drop media import to target the top part of a track to insert a new track to receive the media
main_alt	100	42478		Track lanes: Play only lane under mouse
main_alt	100	42479		Track lanes: Play all lanes for track under mouse
main_alt	100	42480		Track lanes: Toggle playing lane under mouse
main_alt	100	42481		Track lanes: Play only previous lane
main_alt	100	42482		Track lanes: Play only next lane
main_alt	100	42483		Track lanes: Play only previous lane for track under mouse
main_alt	100	42484		Track lanes: Play only next lane for track under mouse
main_alt	100	42486		Track lanes: Comp into new empty lane for track under mouse
main_alt	100	42487		Track lanes: Comp into a new copy of lane under mouse for track under mouse
main_alt	100	42490		Track lanes: Play no lanes for track under mouse
main_alt	100	42491		Fixed lane comp area: Move comp area at mouse up
main_alt	100	42492		Fixed lane comp area: Move comp area at mouse down
main_alt	100	42493		Fixed lane comp area: Move comp area at mouse to lane under mouse
main_alt	100	42495		Fixed lane comp area: Set loop points to comp area
main_alt	100	42496		Fixed lane comp area: Delete comp area edge
main_alt	100	42497		File: Open render statistics charts from most recent render in web browser
main_alt	100	42498		Razor edit: Move nearest area edge to edit cursor
main_alt	100	42499		Track lanes: Comp into lane under mouse for track under mouse
main_alt	100	42500		Track lanes: Insert empty lane at top of track
main_alt	100	42501		Track lanes: Delete lane at top of track (including media items)
main_alt	100	42504		Fixed lane comp area: Set loop points to comp area at mouse
main_alt	100	42505		Track lanes: Duplicate items from playing lanes to new lanes
main_alt	100	42506		Track lanes: Turn off comping for track under mouse
main_alt	100	42510		File: Open render statistics charts from most recent render in web browser (hide file paths)
main_alt	100	42511		Group: Enable group 01
main_alt	100	42512		Group: Enable group 02
main_alt	100	42513		Group: Enable group 03
main_alt	100	42514		Group: Enable group 04
main_alt	100	42515		Group: Enable group 05
main_alt	100	42516		Group: Enable group 06
main_alt	100	42517		Group: Enable group 07
main_alt	100	42518		Group: Enable group 08
main_alt	100	42519		Group: Enable group 09
main_alt	100	42520		Group: Enable group 10
main_alt	100	42521		Group: Enable group 11
main_alt	100	42522		Group: Enable group 12
main_alt	100	42523		Group: Enable group 13
main_alt	100	42524		Group: Enable group 14
main_alt	100	42525		Group: Enable group 15
main_alt	100	42526		Group: Enable group 16
main_alt	100	42527		Group: Enable group 17
main_alt	100	42528		Group: Enable group 18
main_alt	100	42529		Group: Enable group 19
main_alt	100	42530		Group: Enable group 20
main_alt	100	42531		Group: Enable group 21
main_alt	100	42532		Group: Enable group 22
main_alt	100	42533		Group: Enable group 23
main_alt	100	42534		Group: Enable group 24
main_alt	100	42535		Group: Enable group 25
main_alt	100	42536		Group: Enable group 26
main_alt	100	42537		Group: Enable group 27
main_alt	100	42538		Group: Enable group 28
main_alt	100	42539		Group: Enable group 29
main_alt	100	42540		Group: Enable group 30
main_alt	100	42541		Group: Enable group 31
main_alt	100	42542		Group: Enable group 32
main_alt	100	42543		Group: Enable group 33
main_alt	100	42544		Group: Enable group 34
main_alt	100	42545		Group: Enable group 35
main_alt	100	42546		Group: Enable group 36
main_alt	100	42547		Group: Enable group 37
main_alt	100	42548		Group: Enable group 38
main_alt	100	42549		Group: Enable group 39
main_alt	100	42550		Group: Enable group 40
main_alt	100	42551		Group: Enable group 41
main_alt	100	42552		Group: Enable group 42
main_alt	100	42553		Group: Enable group 43
main_alt	100	42554		Group: Enable group 44
main_alt	100	42555		Group: Enable group 45
main_alt	100	42556		Group: Enable group 46
main_alt	100	42557		Group: Enable group 47
main_alt	100	42558		Group: Enable group 48
main_alt	100	42559		Group: Enable group 49
main_alt	100	42560		Group: Enable group 50
main_alt	100	42561		Group: Enable group 51
main_alt	100	42562		Group: Enable group 52
main_alt	100	42563		Group: Enable group 53
main_alt	100	42564		Group: Enable group 54
main_alt	100	42565		Group: Enable group 55
main_alt	100	42566		Group: Enable group 56
main_alt	100	42567		Group: Enable group 57
main_alt	100	42568		Group: Enable group 58
main_alt	100	42569		Group: Enable group 59
main_alt	100	42570		Group: Enable group 60
main_alt	100	42571		Group: Enable group 61
main_alt	100	42572		Group: Enable group 62
main_alt	100	42573		Group: Enable group 63
main_alt	100	42574		Group: Enable group 64
main_alt	100	42575		Item: Split item under mouse cursor (no change selection)
main_alt	100	42577		Item: Split item under mouse cursor (select right)
main_alt	100	42578		Track: Create new track media/razor editing group for selected tracks
main_alt	100	42579		Track: Remove selected tracks from all track media/razor editing groups
main_alt	100	42580		Track: Automatically group all tracks for media/razor editing
main_alt	100	42581		Track: Automatically group selected tracks for media/razor editing
main_alt	100	42585		Track: Turn off automatic track grouping
main_alt	100	42587		Track lanes: Move items to top lane
main_alt	100	42588		Track lanes: Move items to bottom lane
main_alt	100	42589		Track: Render tracks to multichannel (parent send only) post-fader stem tracks (and mute originals)
main_alt	100	42590		Track: Render tracks to multichannel (parent send only) stem tracks (and mute originals)
main_alt	100	42591		Track: Render selected area of tracks to multichannel (parent send only) post-fader stem tracks (and mute originals)
main_alt	100	42592		Track: Render selected area of tracks to multichannel (parent send only) stem tracks (and mute originals)
main_alt	100	42593		Track: 2nd pass render selected area of tracks to multichannel (parent send only) post-fader stem tracks (and mute originals)
main_alt	100	42594		Track: 2nd pass render selected area of tracks to multichannel (parent send only) stem tracks (and mute originals)
main_alt	100	42595		Fixed lane comp area: Delete comp area edge at mouse
main_alt	100	42596		Tracks: Implode selected items across tracks to one fixed lane track
main_alt	100	42597		Track: Toggle allow editing media items while comping
main_alt	100	42598		Track: Toggle allow editing media items while comping for track at mouse
main_alt	100	42599		Fixed lane comp area: Add comp area between previous and next comp areas for lane at mouse
main_alt	100	42600		Fixed lane comp area: Split comp area at edit cursor
main_alt	100	42601		Options: Razor edits on collapsed fixed lane tracks affect all lanes
main_alt	100	42602		Fixed lane comp area: Split media items at comp area edges
main_alt	100	42603		Fixed lane comp area: Split media items at edges of comp area at mouse
main_alt	100	42606		Item: Remove active takes from ARA edit pool (unpool)
main_alt	100	42607		Item: Select all other media items that share pooled ARA edits with selected items
main_alt	100	42608		Item: Select all other media items that share the same source media as selected items
main_alt	100	42609		Item: Return active takes to ARA edit pool (re-pool)
main_alt	100	42610		Track properties: Show/hide fixed lane buttons
main_alt	100	42611		Move comp area at mouse down, or switch items to next take
main_alt	100	42612		Move comp area at mouse up, or switch items to previous take
main_alt	100	42613		Fixed lane comp area: Add comp area from mouse position to next area or end of media
main_alt	100	42615		Mouse modifiers: Set arrange view override mouse modifiers A
main_alt	100	42616		Mouse modifiers: Toggle arrange view override mouse modifiers A
main_alt	100	42617		Mouse modifiers: Set arrange view override mouse modifiers B
main_alt	100	42618		Mouse modifiers: Toggle arrange view override mouse modifiers B
main_alt	100	42619		Mouse modifiers: Set arrange view override mouse modifiers C
main_alt	100	42620		Mouse modifiers: Toggle arrange view override mouse modifiers C
main_alt	100	42621		Mouse modifiers: Clear arrange view override mouse modifiers
main_alt	100	42622		Mouse modifiers: Set arrange view override mouse modifiers A until next mouseup
main_alt	100	42623		Mouse modifiers: Set arrange view override mouse modifiers B until next mouseup
main_alt	100	42624		Mouse modifiers: Set arrange view override mouse modifiers C until next mouseup
main_alt	100	42626		Peaks: Force mono peaks
main_alt	100	42629		Track lanes: Delete source media within comp areas and re-comp
main_alt	100	42630		Razor edit: Enclose media items
main_alt	100	42631		Options: Toggle auto-fade/auto-crossfade when comping in fixed lanes
main_alt	100	42632		Mouse modifiers: Set arrange view override mouse modifiers D
main_alt	100	42633		Mouse modifiers: Toggle arrange view override mouse modifiers D
main_alt	100	42634		Mouse modifiers: Set arrange view override mouse modifiers D until next mouseup
main_alt	100	42635		Take: Explode takes on selected tracks to fixed lanes
main_alt	100	42636		Take: Explode takes on selected tracks to fixed lanes and add comp areas from active takes
main_alt	100	42637		Take: Implode selected fixed lane tracks to takes using best efforts (overlapping items may be shortened)
main_alt	100	42638		Track properties: Toggle show/play only one fixed item lane
main_alt	100	42639		Tracks: Explode selected items on fixed lane tracks to one new track per lane
main_alt	100	42640		Options: Preserve trailing values when recording automation
main_alt	100	42641		Fixed lane comp area: Split comp area at mouse position
main_alt	100	42642		Fixed lane comp area: Delete comp area
main_alt	100	42643		Fixed lane comp area: Delete comp area at mouse
main_alt	100	42644		Fixed lane comp area: Delete comp area at mouse but not media items
main_alt	100	42645		Track: Toggle comping
main_alt	100	42646		Track: Toggle comping for track at mouse
main_alt	100	42647		Track lanes: Add empty lane at bottom of track
main_alt	100	42648		Track lanes: Delete lane at bottom of track (including media items)
main_alt	100	42649		Track lanes: Comp into new empty lane for track under mouse, automatically creating comp areas
main_alt	100	42650		FX: Toggle map to container parameter for last touched FX parameter
main_alt	100	42652		Track lanes: Add comp areas for selected items
main_alt	100	42653		Project tabs: Display video from background projects if active project lacks video
main_alt	100	42654		Track lanes: Copy edited media items to new lane and re-comp for track under mouse
main_alt	100	42655		Item: Maximize height of selected items in free item positioning mode
main_alt	100	42657		Fixed lane comp area: Add comp area at time selection for lane at mouse
main_alt	100	42659		Track: Toggle automatically delete empty fixed lanes at bottom of track
main_alt	100	42660		Track properties: Toggle fixed item lanes (convert takes to lanes)
main_alt	100	42661		Track properties: Set fixed lanes (convert takes to lanes)
main_alt	100	42662		Track properties: Unset free item positioning/fixed item lanes (convert fixed lanes to takes)
main_alt	100	42663		ReaScript: Show ReaScript console
main_alt	100	42664		ReaScript: Clear contents of ReaScript console
main_alt	100	42665		Track: Insert visual spacer before tracks
main_alt	100	42666		Track: Insert visual spacer after tracks
main_alt	100	42667		Track: Remove visual spacer before tracks
main_alt	100	42668		Track: Remove visual spacer after tracks
main_alt	100	42669		Track: Insert visual spacer before and after tracks
main_alt	100	42670		Track: Remove track spacers
main_alt	100	42671		Track: Insert visual spacer before last touched track
main_alt	100	42672		Track: Insert visual spacer after last touched track
main_alt	100	42673		Track: Remove visual spacer before last touched track
main_alt	100	42674		Track: Remove visual spacer after last touched track
main_alt	100	42675		Track: Toggle automatically creating comp areas for new recording while comping
main_alt	100	42676		Track lanes: Delete lane under mouse (including media items)
main_alt	100	42677		Options: New recording adds media items in layers
main_alt	100	42678		View: Show envelope manager window
main_alt	100	42679		Regions: Select/unselect all regions for rendering
main_alt	100	42680		Item: Up-rank active take or last recording pass
main_alt	100	42681		Item: Down-rank active take or last recording pass
main_alt	100	42682		Item: Delete takes that are down-ranked (no confirm)
main_alt	100	42683		Track lanes: Delete comp areas (including source media) for track under mouse
main_alt	100	42684		Track lanes: Delete source media within comp areas and re-comp for track under mouse
main_alt	100	42685		Item: Apply first track FX to items
main_alt	100	42686		Item: Apply first take FX to items
main_alt	100	42687		Item: Apply first track FX to items (mono output)
main_alt	100	42688		Item: Apply first take FX to items (mono output)
main_alt	100	42689		Track lanes: Delete empty lanes with no media items
main_alt	100	42690		Track lanes: Delete lanes (including media items) with no comp areas
main_alt	100	42691		Track lanes: Delete lanes (including media items) that are not playing
main_alt	100	42692		Track lanes: Turn off comping
main_alt	100	42693		Item: Set all media item takes that share the same source media to the same random color
main_alt	100	42694		Tracks: Copy items on currently-playing lanes on selected fixed lane tracks to one new track per lane
main_alt	100	42695		Tracks: Explode items on selected fixed lane tracks to one new track per lane
main_alt	100	42696		Track: Show/hide children of selected folder tracks in TCP
main_alt	100	42697		View: Toggle track zoom to default height
main_alt	100	42698		View: Cycle track zoom between minimum, default, and maximum height (limit to 100% of arrange view)
main_alt	100	42699		Options: Do not display tracks in folder when folder is fully collapsed
main_alt	100	42700		View: Toggle track zoom to maximum height (even if over 100% of arrange view)
main_alt	100	42701		View: Cycle track zoom between minimum, default, and maximum height (even if over 100% of arrange view)
main_alt	100	42702		Options: Toggle new recording adds lanes (new lanes play exclusively)
main_alt	100	42703		Track lanes: Reset all lane names for track under mouse
main_alt	100	42704		Track properties: Toggle fixed item lanes big/small
main_alt	100	42705		Track: Display gain reduction in track meters for plug-ins that support it
main_alt	100	42707		Fixed lane comp area: Move comp area up for selected items
main_alt	100	42708		Fixed lane comp area: Move comp area down for selected items
main_alt	100	42711		Fixed lane comp area: Set loop points to comp area at mouse (half second preroll/postroll)
main_alt	100	42712		Fixed lane comp area: Set loop points to comp area at mouse (one second preroll/postroll)
main_alt	100	42713		Toolbar: Open/close toolbar 17
main_alt	100	42714		Toolbar: Open/close toolbar 18
main_alt	100	42715		Toolbar: Open/close toolbar 19
main_alt	100	42716		Toolbar: Open/close toolbar 20
main_alt	100	42717		Toolbar: Open/close toolbar 21
main_alt	100	42718		Toolbar: Open/close toolbar 22
main_alt	100	42719		Toolbar: Open/close toolbar 23
main_alt	100	42720		Toolbar: Open/close toolbar 24
main_alt	100	42721		Toolbar: Open/close toolbar 25
main_alt	100	42722		Toolbar: Open/close toolbar 26
main_alt	100	42723		Toolbar: Open/close toolbar 27
main_alt	100	42724		Toolbar: Open/close toolbar 28
main_alt	100	42725		Toolbar: Open/close toolbar 29
main_alt	100	42726		Toolbar: Open/close toolbar 30
main_alt	100	42727		Toolbar: Open/close toolbar 31
main_alt	100	42728		Toolbar: Open/close toolbar 32
main_alt	100	42729		Toolbars: Switch to toolbar 17
main_alt	100	42730		Toolbars: Switch to toolbar 18
main_alt	100	42731		Toolbars: Switch to toolbar 19
main_alt	100	42732		Toolbars: Switch to toolbar 20
main_alt	100	42733		Toolbars: Switch to toolbar 21
main_alt	100	42734		Toolbars: Switch to toolbar 22
main_alt	100	42735		Toolbars: Switch to toolbar 23
main_alt	100	42736		Toolbars: Switch to toolbar 24
main_alt	100	42737		Toolbars: Switch to toolbar 25
main_alt	100	42738		Toolbars: Switch to toolbar 26
main_alt	100	42739		Toolbars: Switch to toolbar 27
main_alt	100	42740		Toolbars: Switch to toolbar 28
main_alt	100	42741		Toolbars: Switch to toolbar 29
main_alt	100	42742		Toolbars: Switch to toolbar 30
main_alt	100	42743		Toolbars: Switch to toolbar 31
main_alt	100	42744		Toolbars: Switch to toolbar 32
main_alt	100	42745		Toolbar: Open/close MIDI toolbar 9
main_alt	100	42746		Toolbar: Open/close MIDI toolbar 10
main_alt	100	42747		Toolbar: Open/close MIDI toolbar 11
main_alt	100	42748		Toolbar: Open/close MIDI toolbar 12
main_alt	100	42749		Toolbar: Open/close MIDI toolbar 13
main_alt	100	42750		Toolbar: Open/close MIDI toolbar 14
main_alt	100	42751		Toolbar: Open/close MIDI toolbar 15
main_alt	100	42752		Toolbar: Open/close MIDI toolbar 16
main_alt	100	42753		Toolbars: Switch to MIDI toolbar 9
main_alt	100	42754		Toolbars: Switch to MIDI toolbar 10
main_alt	100	42755		Toolbars: Switch to MIDI toolbar 11
main_alt	100	42756		Toolbars: Switch to MIDI toolbar 12
main_alt	100	42757		Toolbars: Switch to MIDI toolbar 13
main_alt	100	42758		Toolbars: Switch to MIDI toolbar 14
main_alt	100	42759		Toolbars: Switch to MIDI toolbar 15
main_alt	100	42760		Toolbars: Switch to MIDI toolbar 16
main_alt	100	42761		Toolbar: Open toolbar 17 at mouse cursor
main_alt	100	42762		Toolbar: Open toolbar 18 at mouse cursor
main_alt	100	42763		Toolbar: Open toolbar 19 at mouse cursor
main_alt	100	42764		Toolbar: Open toolbar 20 at mouse cursor
main_alt	100	42765		Toolbar: Open toolbar 21 at mouse cursor
main_alt	100	42766		Toolbar: Open toolbar 22 at mouse cursor
main_alt	100	42767		Toolbar: Open toolbar 23 at mouse cursor
main_alt	100	42768		Toolbar: Open toolbar 24 at mouse cursor
main_alt	100	42769		Toolbar: Open toolbar 25 at mouse cursor
main_alt	100	42770		Toolbar: Open toolbar 26 at mouse cursor
main_alt	100	42771		Toolbar: Open toolbar 27 at mouse cursor
main_alt	100	42772		Toolbar: Open toolbar 28 at mouse cursor
main_alt	100	42773		Toolbar: Open toolbar 29 at mouse cursor
main_alt	100	42774		Toolbar: Open toolbar 30 at mouse cursor
main_alt	100	42775		Toolbar: Open toolbar 31 at mouse cursor
main_alt	100	42776		Toolbar: Open toolbar 32 at mouse cursor
main_alt	100	42777		Toolbar: Open MIDI toolbar 9 at mouse cursor
main_alt	100	42778		Toolbar: Open MIDI toolbar 10 at mouse cursor
main_alt	100	42779		Toolbar: Open MIDI toolbar 11 at mouse cursor
main_alt	100	42780		Toolbar: Open MIDI toolbar 12 at mouse cursor
main_alt	100	42781		Toolbar: Open MIDI toolbar 13 at mouse cursor
main_alt	100	42782		Toolbar: Open MIDI toolbar 14 at mouse cursor
main_alt	100	42783		Toolbar: Open MIDI toolbar 15 at mouse cursor
main_alt	100	42784		Toolbar: Open MIDI toolbar 16 at mouse cursor
main_alt	100	42785		Track: Move tracks to new folder
main_alt	100	42786		Track: Move tracks to folder...
main_alt	100	42787		Track lanes: Move items down to first available lane, add lane if needed
main_alt	100	42788		Options: Track media/razor edit grouping affects items that start and end at the same time
main_alt	100	42789		Track lanes: Delete comp areas for track under mouse
main_alt	100	42790		Track lanes: Play only first lane
main_alt	100	42791		Track lanes: Play only first lane for track under mouse
main_alt	100	42792		Transport: Secondary time unit: Measures.Beats
main_alt	100	42793		Options: When auto-punch recording into a fixed lane track, add the whole recording
main_alt	100	42794		Options: Allow changing comp area source lane when clicking empty track space
main_alt	100	42795		Options: Allow including empty track space in comp areas
main_alt	100	42796		Track lanes: Delete all lanes (including media items)
main_alt	100	42797		Track lanes: Comp into new empty lane
main_alt	100	42798		Track lanes: Comp into new empty lane, automatically creating comp areas
main_alt	100	42799		Track lanes: Play all lanes
main_alt	100	42800		Track lanes: Play no lanes
main_alt	100	42801		Track lanes: Reset all lane names
main_alt	100	42802		Track lanes: Copy edited media items with no matching source lane to new lane and re-comp
main_alt	100	42803		Options: Allow reordering/empty slots in TCP/MCP send lists
main_alt	100	42933		Track lanes: Delete all lanes except lane under mouse for track under mouse (including media items)
main_alt	100	42938		Track lanes: Move items up if possible to minimize lane usage (preserve relative lane positions)
main_alt	100	42940		Track lanes: Media items in higher numbered lanes mask playback of lower lanes for track under mouse
main_alt	100	42941		Track lanes: Media items in higher numbered lanes mask playback of lower lanes
main_alt	100	42942		Track: Crop to playing media items for track under mouse
main_alt	100	42943		Track: Crop to playing media items
main_alt	100	42944		Track: Crop to playing media items, preserving fixed lanes, for track under mouse
main_alt	100	42945		Track: Crop to playing media items, preserving fixed lanes
main_alt	100	42946		Track: Copy playing media items to new track for track under mouse
main_alt	100	42947		Track: Copy playing media items to new track
main_alt	100	42949		Track lanes: Copy edited media item back to source lane and re-comp for track under mouse
main_alt	100	42950		Track lanes: Discard media item edits and re-comp from source lane for track under mouse
main_alt	100	42951		Edit: Dynamic split items using most recent settings
main_alt	100	42952		Track lanes: Refresh out-of-sync comp areas for track under mouse
main_alt	100	42953		Track lanes: Delete empty comp areas for track under mouse
main_alt	100	42954		Track lanes: Delete empty comp areas
main_alt	100	42955		Track lanes: Delete comp areas
main_alt	100	42956		Track lanes: Delete comp areas (including source media)
main_alt	100	42957		Razor edit: Select media items within razor edit area
main_alt	100	42959		Track lanes: Move items up if possible to minimize lane usage
main_alt	100	42960		Track: Exit fixed lane view for all fixed lane tracks in the project
main_alt	100	42961		Track: Show only one lane for all fixed lane tracks in the project that have only one lane playing
main_alt	100	42962		Track: Set small fixed lanes for all fixed lane tracks in the project
main_alt	100	42963		Track: Set big fixed lanes for all fixed lane tracks in the project
main_alt	100	42964		Move edit cursor to left edge of visible arrange view
main_alt	100	43093		Track: Insert new track as first track
main_alt	100	43094		Item properties: Set MIDI items to use current tempo and ignore project tempo changes, set item timebase to time
main_alt	100	43095		Item properties: Set MIDI items to follow project tempo changes, set item timebase to beats (position, length, rate)
main_alt	100	43096		Item properties: Set MIDI items to use current tempo and ignore project tempo changes, set item timebase to beats (position only)
main_alt	100	43097		Options: Razor edits on small fixed lane tracks affect all lanes
main_alt	100	43098		Track properties: Show/play only one fixed item lane
main_alt	100	43099		Track properties: Show/play all fixed item lanes
main_alt	100	43100		Track properties: Make fixed item lanes small
main_alt	100	43101		Track properties: Make fixed item lanes big
main_alt	100	43102		Regions: Set loop points to current region
main_alt	100	43103		Regions: Set loop points to previous region
main_alt	100	43144		Regions: Set loop points to next region
main_alt	100	43145		Peaks: Toggle color peaks by momentary loudness (LUFS-M)
main_alt	100	43146		Peaks: Toggle show graph of momentary loudness (LUFS-M)
main_alt	100	43147		Peaks: Toggle color peaks by short-term loudness (LUFS-S)
main_alt	100	43148		Peaks: Toggle show graph of short-term loudness (LUFS-S)
main_alt	100	43149		Options: Show peak value tooltips on media items (and loudness, if peaks are configured to calculate it)
main_alt	100	43150		FX: Toggle preference: Auto-bypass FX that require PDC on record arm-affected tracks
main_alt	100	43151		Options: New recording adds lanes in layers (multiple lanes play at once)
main_alt	100	43152		Options: New recording adds lanes (new lanes play exclusively)
main_alt	100	43153		Options: New recording does not add lanes
main_alt	100	43154		Item: Import media cues as take markers
main_alt	100	43155		Item: Up-rank take or comp area under mouse
main_alt	100	43156		Item: Down-rank take or comp area under mouse
main_alt	100	43157		Item: Up-rank take marker at play position or edit cursor
main_alt	100	43158		Item: Down-rank take marker at play position or edit cursor
main_alt	100	43159		Item: Up-rank take marker at mouse position
main_alt	100	43160		Item: Down-rank take marker at mouse position
main_alt	100	43161		Item: Clear up-rank/down-rank markers
main_alt	100	43162		Item: Clear up-rank/down-rank markers for take under mouse
main_alt	100	43163		Item: Delete takes for item under mouse that are down-ranked (no confirm)
main_alt	100	43164		Item: Delete takes for item under mouse that are not up-ranked (no confirm)
main_alt	100	43165		Track: Clear up-rank/down-rank markers for all items on track
main_alt	100	43166		Track: Delete takes for all items on track that are not up-ranked (no confirm)
main_alt	100	43167		Track: Delete takes for all items on track that are down-ranked (no confirm)
main_alt	100	43168		Item: Split at take markers (active take only)
main_alt	100	43169		Item: Split at take markers for item under mouse (active take only)
main_alt	100	43170		Item: Split at take markers for all items on track (active takes only)
main_alt	100	43171		Item: Split at take markers (all takes)
main_alt	100	43172		Item: Split at take markers for item under mouse (all takes)
main_alt	100	43173		Item: Split at take markers for all items on track (all takes)
main_alt	100	43174		Item: Up-rank take marker at 1 second before play position, or at edit cursor if not playing back
main_alt	100	43175		Item: Down-rank take marker at 1 second before play position, or at edit cursor if not playing back
main_alt	100	43176		Item: Up-rank take marker at 2 seconds before play position, or at edit cursor if not playing back
main_alt	100	43177		Item: Down-rank take marker at 2 seconds before play position, or at edit cursor if not playing back
main_alt	100	43178		Item: Split items at edit cursor (select left)
main_alt	100	43179		Item: Split item under mouse cursor (select left)
main_alt	100	43180		Item: Split item under mouse cursor (ignore grouping, select left)
main_alt	100	43181		Item: Add/edit take marker at time selection
main_alt	100	43182		Item: Delete take markers in time selection
main_alt	100	43183		Item: Up-rank take marker at time selection
main_alt	100	43184		Item: Down-rank take marker at time selection
main_alt	100	43185		View: Toggle show TCP area
main_alt	100	43188		View: Toggle to alternate TCP area width (alternate is zero by default)
main_alt	100	43191		Options: Crossfade left when splitting
main_alt	100	43192		Options: Crossfade right when splitting
main_alt	100	43193		Options: Crossfade center when splitting
main_alt	100	43194		View: Toggle display mouse position indicator vertical line in arrange view
main_alt	100	43195		Options: Respect toolbar auto-crossfade button on split
main_alt	100	43196		Options: Cycle split options: Crossfade left, crossfade center, crossfade right, no crossfade
main_alt	100	43197		Item: Cycle through up-rank/down-rank levels for active take or last recording pass
main_alt	100	43198		Item: Cycle through up-rank/down-rank levels for take or comp area under mouse
main_alt	100	43199		Item: Cycle through up-rank/down-rank levels for take marker at play position or edit cursor
main_alt	100	43200		Item: Cycle through up-rank/down-rank levels for take marker at mouse position
main_alt	100	43201		Item: Cycle through up-rank/down-rank levels for take marker at time selection
main_alt	100	43202		Item: Clear up-rank/down-rank markers within time selection
main_alt	100	43203		View: If displayed, toggle mouse position indicator vertical line respects toolbar snap button
main_alt	100	43204		View: Time unit for ruler: Minutes:Seconds (minimal)
main_alt	100	43205		View: Time unit for ruler: Measures.Fractions
main_alt	100	43206		Show render path in explorer
main_alt	100	43207		Peaks: Toggle show spectral peaks and graph of momentary loudness (LUFS-M)
main_alt	100	43208		Peaks: Toggle show spectral peaks and graph of short-term loudness (LUFS-S)
main_alt	100	43209		Peaks: Toggle spectral peaks + spectrogram
main_alt	100	43210		Loop points: Move start point to cursor (preserve length)
main_alt	100	43211		Loop points: Move end point to cursor (preserve length)
main_alt	100	43212		Time selection: Move start point to cursor (preserve length)
main_alt	100	43213		Time selection: Move end point to cursor (preserve length)
main_alt	100	43214		Group: Select all tracks in group 65
main_alt	100	43215		Group: Select all tracks in group 66
main_alt	100	43216		Group: Select all tracks in group 67
main_alt	100	43217		Group: Select all tracks in group 68
main_alt	100	43218		Group: Select all tracks in group 69
main_alt	100	43219		Group: Select all tracks in group 70
main_alt	100	43220		Group: Select all tracks in group 71
main_alt	100	43221		Group: Select all tracks in group 72
main_alt	100	43222		Group: Select all tracks in group 73
main_alt	100	43223		Group: Select all tracks in group 74
main_alt	100	43224		Group: Select all tracks in group 75
main_alt	100	43225		Group: Select all tracks in group 76
main_alt	100	43226		Group: Select all tracks in group 77
main_alt	100	43227		Group: Select all tracks in group 78
main_alt	100	43228		Group: Select all tracks in group 79
main_alt	100	43229		Group: Select all tracks in group 80
main_alt	100	43230		Group: Select all tracks in group 81
main_alt	100	43231		Group: Select all tracks in group 82
main_alt	100	43232		Group: Select all tracks in group 83
main_alt	100	43233		Group: Select all tracks in group 84
main_alt	100	43234		Group: Select all tracks in group 85
main_alt	100	43235		Group: Select all tracks in group 86
main_alt	100	43236		Group: Select all tracks in group 87
main_alt	100	43237		Group: Select all tracks in group 88
main_alt	100	43238		Group: Select all tracks in group 89
main_alt	100	43239		Group: Select all tracks in group 90
main_alt	100	43240		Group: Select all tracks in group 91
main_alt	100	43241		Group: Select all tracks in group 92
main_alt	100	43242		Group: Select all tracks in group 93
main_alt	100	43243		Group: Select all tracks in group 94
main_alt	100	43244		Group: Select all tracks in group 95
main_alt	100	43245		Group: Select all tracks in group 96
main_alt	100	43246		Group: Select all tracks in group 97
main_alt	100	43247		Group: Select all tracks in group 98
main_alt	100	43248		Group: Select all tracks in group 99
main_alt	100	43249		Group: Select all tracks in group 100
main_alt	100	43250		Group: Select all tracks in group 101
main_alt	100	43251		Group: Select all tracks in group 102
main_alt	100	43252		Group: Select all tracks in group 103
main_alt	100	43253		Group: Select all tracks in group 104
main_alt	100	43254		Group: Select all tracks in group 105
main_alt	100	43255		Group: Select all tracks in group 106
main_alt	100	43256		Group: Select all tracks in group 107
main_alt	100	43257		Group: Select all tracks in group 108
main_alt	100	43258		Group: Select all tracks in group 109
main_alt	100	43259		Group: Select all tracks in group 110
main_alt	100	43260		Group: Select all tracks in group 111
main_alt	100	43261		Group: Select all tracks in group 112
main_alt	100	43262		Group: Select all tracks in group 113
main_alt	100	43263		Group: Select all tracks in group 114
main_alt	100	43264		Group: Select all tracks in group 115
main_alt	100	43265		Group: Select all tracks in group 116
main_alt	100	43266		Group: Select all tracks in group 117
main_alt	100	43267		Group: Select all tracks in group 118
main_alt	100	43268		Group: Select all tracks in group 119
main_alt	100	43269		Group: Select all tracks in group 120
main_alt	100	43270		Group: Select all tracks in group 121
main_alt	100	43271		Group: Select all tracks in group 122
main_alt	100	43272		Group: Select all tracks in group 123
main_alt	100	43273		Group: Select all tracks in group 124
main_alt	100	43274		Group: Select all tracks in group 125
main_alt	100	43275		Group: Select all tracks in group 126
main_alt	100	43276		Group: Select all tracks in group 127
main_alt	100	43277		Group: Select all tracks in group 128
main_alt	100	43278		Group: Enable group 65
main_alt	100	43279		Group: Enable group 66
main_alt	100	43280		Group: Enable group 67
main_alt	100	43281		Group: Enable group 68
main_alt	100	43282		Group: Enable group 69
main_alt	100	43283		Group: Enable group 70
main_alt	100	43284		Group: Enable group 71
main_alt	100	43285		Group: Enable group 72
main_alt	100	43286		Group: Enable group 73
main_alt	100	43287		Group: Enable group 74
main_alt	100	43288		Group: Enable group 75
main_alt	100	43289		Group: Enable group 76
main_alt	100	43290		Group: Enable group 77
main_alt	100	43291		Group: Enable group 78
main_alt	100	43292		Group: Enable group 79
main_alt	100	43293		Group: Enable group 80
main_alt	100	43294		Group: Enable group 81
main_alt	100	43295		Group: Enable group 82
main_alt	100	43296		Group: Enable group 83
main_alt	100	43297		Group: Enable group 84
main_alt	100	43298		Group: Enable group 85
main_alt	100	43299		Group: Enable group 86
main_alt	100	43300		Group: Enable group 87
main_alt	100	43301		Group: Enable group 88
main_alt	100	43302		Group: Enable group 89
main_alt	100	43303		Group: Enable group 90
main_alt	100	43304		Group: Enable group 91
main_alt	100	43305		Group: Enable group 92
main_alt	100	43306		Group: Enable group 93
main_alt	100	43307		Group: Enable group 94
main_alt	100	43308		Group: Enable group 95
main_alt	100	43309		Group: Enable group 96
main_alt	100	43310		Group: Enable group 97
main_alt	100	43311		Group: Enable group 98
main_alt	100	43312		Group: Enable group 99
main_alt	100	43313		Group: Enable group 100
main_alt	100	43314		Group: Enable group 101
main_alt	100	43315		Group: Enable group 102
main_alt	100	43316		Group: Enable group 103
main_alt	100	43317		Group: Enable group 104
main_alt	100	43318		Group: Enable group 105
main_alt	100	43319		Group: Enable group 106
main_alt	100	43320		Group: Enable group 107
main_alt	100	43321		Group: Enable group 108
main_alt	100	43322		Group: Enable group 109
main_alt	100	43323		Group: Enable group 110
main_alt	100	43324		Group: Enable group 111
main_alt	100	43325		Group: Enable group 112
main_alt	100	43326		Group: Enable group 113
main_alt	100	43327		Group: Enable group 114
main_alt	100	43328		Group: Enable group 115
main_alt	100	43329		Group: Enable group 116
main_alt	100	43330		Group: Enable group 117
main_alt	100	43331		Group: Enable group 118
main_alt	100	43332		Group: Enable group 119
main_alt	100	43333		Group: Enable group 120
main_alt	100	43334		Group: Enable group 121
main_alt	100	43335		Group: Enable group 122
main_alt	100	43336		Group: Enable group 123
main_alt	100	43337		Group: Enable group 124
main_alt	100	43338		Group: Enable group 125
main_alt	100	43339		Group: Enable group 126
main_alt	100	43340		Group: Enable group 127
main_alt	100	43341		Group: Enable group 128
main_alt	100	43342		File: Open render statistics charts from most recent render in web browser (hide project regions/markers)
main_alt	100	43343		File: Open render statistics charts from most recent render in web browser (hide file paths and project regions/markers)
main_alt	100	43344		Item properties: Normalize items using most recent settings (force normalize to loudest item)
main_alt	100	43345		Ruler: Set 0:00 to current edit cursor
main_alt	100	43346		Ruler: Reset project start time
main_alt	100	43347		Ruler: Set measure 1 to nearest measure to current edit cursor
main_alt	100	43348		Ruler: Reset project start measure
main_alt	100	43349		File: Dry run render project, using the most recent render settings
main_alt	100	43354		Transport: Play (solo selected items)
main_alt	100	43355		Transport: Play (stop at end of selected items, ignore loop selection)
main_alt	100	43401		Toolbars: Show toolbar 1 as menu
main_alt	100	43402		Toolbars: Show toolbar 2 as menu
main_alt	100	43403		Toolbars: Show toolbar 3 as menu
main_alt	100	43404		Toolbars: Show toolbar 4 as menu
main_alt	100	43405		Toolbars: Show toolbar 5 as menu
main_alt	100	43406		Toolbars: Show toolbar 6 as menu
main_alt	100	43407		Toolbars: Show toolbar 7 as menu
main_alt	100	43408		Toolbars: Show toolbar 8 as menu
main_alt	100	43409		Toolbars: Show toolbar 9 as menu
main_alt	100	43410		Toolbars: Show toolbar 10 as menu
main_alt	100	43411		Toolbars: Show toolbar 11 as menu
main_alt	100	43412		Toolbars: Show toolbar 12 as menu
main_alt	100	43413		Toolbars: Show toolbar 13 as menu
main_alt	100	43414		Toolbars: Show toolbar 14 as menu
main_alt	100	43415		Toolbars: Show toolbar 15 as menu
main_alt	100	43416		Toolbars: Show toolbar 16 as menu
main_alt	100	43417		Toolbars: Show toolbar 17 as menu
main_alt	100	43418		Toolbars: Show toolbar 18 as menu
main_alt	100	43419		Toolbars: Show toolbar 19 as menu
main_alt	100	43420		Toolbars: Show toolbar 20 as menu
main_alt	100	43421		Toolbars: Show toolbar 21 as menu
main_alt	100	43422		Toolbars: Show toolbar 22 as menu
main_alt	100	43423		Toolbars: Show toolbar 23 as menu
main_alt	100	43424		Toolbars: Show toolbar 24 as menu
main_alt	100	43425		Toolbars: Show toolbar 25 as menu
main_alt	100	43426		Toolbars: Show toolbar 26 as menu
main_alt	100	43427		Toolbars: Show toolbar 27 as menu
main_alt	100	43428		Toolbars: Show toolbar 28 as menu
main_alt	100	43429		Toolbars: Show toolbar 29 as menu
main_alt	100	43430		Toolbars: Show toolbar 30 as menu
main_alt	100	43431		Toolbars: Show toolbar 31 as menu
main_alt	100	43432		Toolbars: Show toolbar 32 as menu
main_alt	100	43433		Toolbars: Show MIDI toolbar 1 as menu
main_alt	100	43434		Toolbars: Show MIDI toolbar 2 as menu
main_alt	100	43435		Toolbars: Show MIDI toolbar 3 as menu
main_alt	100	43436		Toolbars: Show MIDI toolbar 4 as menu
main_alt	100	43437		Toolbars: Show MIDI toolbar 5 as menu
main_alt	100	43438		Toolbars: Show MIDI toolbar 6 as menu
main_alt	100	43439		Toolbars: Show MIDI toolbar 7 as menu
main_alt	100	43440		Toolbars: Show MIDI toolbar 8 as menu
main_alt	100	43441		Toolbars: Show MIDI toolbar 9 as menu
main_alt	100	43442		Toolbars: Show MIDI toolbar 10 as menu
main_alt	100	43443		Toolbars: Show MIDI toolbar 11 as menu
main_alt	100	43444		Toolbars: Show MIDI toolbar 12 as menu
main_alt	100	43445		Toolbars: Show MIDI toolbar 13 as menu
main_alt	100	43446		Toolbars: Show MIDI toolbar 14 as menu
main_alt	100	43447		Toolbars: Show MIDI toolbar 15 as menu
main_alt	100	43448		Toolbars: Show MIDI toolbar 16 as menu
main_alt	100	43461		Project: Set project timebase to time
main_alt	100	43462		Project: Set project timebase to beats (position, length, rate)
main_alt	100	43463		Project: Set project timebase to beats (position only)
main_alt	100	43464		Set project recording tag... ($rectag wildcard)
main_alt	100	43465		Clear project recording tag ($rectag wildcard)
main_alt	100	43466		Item edit: Phase alignment...
main_alt	100	43467		Options: Ripple per-track affects each track lane separately
main_alt	100	43468		Options: Ripple per-track when ripple is enabled
main_alt	100	43469		Options: Ripple all tracks when ripple is enabled
main_alt	100	43475		Options: Ripple edit when editing media item edges
main_alt	100	43484		Ruler: Show/hide selected project markers
main_alt	100	43485		Ruler: Show/hide all project markers
main_alt	100	43486		Ruler: Show/hide selected project regions
main_alt	100	43487		Ruler: Show/hide all project regions
main_alt	100	43488		Ruler: Show/hide selected project regions and markers
main_alt	100	43489		Ruler: Show/hide all project regions and markers
main_alt	100	43492		Ruler: Rename ruler lane 1
main_alt	100	43493		Ruler: Rename ruler lane 2
main_alt	100	43494		Ruler: Rename ruler lane 3
main_alt	100	43495		Ruler: Rename ruler lane 4
main_alt	100	43496		Ruler: Rename ruler lane 5
main_alt	100	43497		Ruler: Rename ruler lane 6
main_alt	100	43498		Ruler: Rename ruler lane 7
main_alt	100	43499		Ruler: Rename ruler lane 8
main_alt	100	43500		Ruler: Rename ruler lane 9
main_alt	100	43501		Ruler: Rename ruler lane 10
main_alt	100	43502		Ruler: Rename ruler lane 11
main_alt	100	43503		Ruler: Rename ruler lane 12
main_alt	100	43504		Ruler: Rename ruler lane 13
main_alt	100	43505		Ruler: Rename ruler lane 14
main_alt	100	43506		Ruler: Rename ruler lane 15
main_alt	100	43507		Ruler: Rename ruler lane 16
main_alt	100	43508		Ruler: Show/hide ruler lane 1
main_alt	100	43509		Ruler: Show/hide ruler lane 2
main_alt	100	43510		Ruler: Show/hide ruler lane 3
main_alt	100	43511		Ruler: Show/hide ruler lane 4
main_alt	100	43512		Ruler: Show/hide ruler lane 5
main_alt	100	43513		Ruler: Show/hide ruler lane 6
main_alt	100	43514		Ruler: Show/hide ruler lane 7
main_alt	100	43515		Ruler: Show/hide ruler lane 8
main_alt	100	43516		Ruler: Show/hide ruler lane 9
main_alt	100	43517		Ruler: Show/hide ruler lane 10
main_alt	100	43518		Ruler: Show/hide ruler lane 11
main_alt	100	43519		Ruler: Show/hide ruler lane 12
main_alt	100	43520		Ruler: Show/hide ruler lane 13
main_alt	100	43521		Ruler: Show/hide ruler lane 14
main_alt	100	43522		Ruler: Show/hide ruler lane 15
main_alt	100	43523		Ruler: Show/hide ruler lane 16
main_alt	100	43524		Ruler: Delete ruler lane 1
main_alt	100	43525		Ruler: Delete ruler lane 2
main_alt	100	43526		Ruler: Delete ruler lane 3
main_alt	100	43527		Ruler: Delete ruler lane 4
main_alt	100	43528		Ruler: Delete ruler lane 5
main_alt	100	43529		Ruler: Delete ruler lane 6
main_alt	100	43530		Ruler: Delete ruler lane 7
main_alt	100	43531		Ruler: Delete ruler lane 8
main_alt	100	43532		Ruler: Delete ruler lane 9
main_alt	100	43533		Ruler: Delete ruler lane 10
main_alt	100	43534		Ruler: Delete ruler lane 11
main_alt	100	43535		Ruler: Delete ruler lane 12
main_alt	100	43536		Ruler: Delete ruler lane 13
main_alt	100	43537		Ruler: Delete ruler lane 14
main_alt	100	43538		Ruler: Delete ruler lane 15
main_alt	100	43539		Ruler: Delete ruler lane 16
main_alt	100	43540		Ruler: Add ruler lane...
main_alt	100	43541		Ruler: Quick add ruler lane
main_alt	100	43542		Ruler: Ruler lane manager...
main_alt	100	43543		Region/Marker manager: Show regions
main_alt	100	43544		Region/Marker manager: Show markers
main_alt	100	43561		Automation: Save and clear all track envelope latches 
main_alt	100	43562		Automation: Restore all saved track envelope latches
main_alt	100	43563		Automation: Save and clear track envelope latches
main_alt	100	43564		Automation: Restore saved track envelope latches
main_alt	100	43565		Automation: Save and clear all track envelope latches if any, otherwise restore saved latches
main_alt	100	43566		Automation: Save and clear track envelope latches if any, otherwise restore saved latches
main_alt	100	43567		Options: Ripple edit all affects envelopes on all tracks
main_alt	100	43568		Automation: Clear all saved track envelope latches
main_alt	100	43569		Automation: Clear saved track envelope latches
main_alt	100	43570		Project: Set tempo/time signature envelope timebase to time
main_alt	100	43571		Project: Set tempo/time signature envelope timebase to beats
main_alt	100	43572		Project: Set tempo/time signature envelope timebase to beats for time signature, time for tempo
main_alt	100	43573		Track: Override/unpin all pinned tracks in TCP
main_alt	100	43574		Track: Override/show all hidden tracks in TCP
main_alt	100	43575		Track: Show/hide all pinned tracks in TCP
main_alt	100	43576		Track: Show/hide all pinned tracks in TCP (ignore master)
main_alt	100	43578		File: Save copy of project as (prompt with current name)...
main_alt	100	43580		Markers: Insert marker at mouse position ignoring snap
main_alt	100	43581		Markers: Insert and/or edit marker at mouse position ignoring snap
main_alt	100	43582		Markers: Insert marker at mouse position
main_alt	100	43583		Markers: Insert and/or edit marker at mouse position
main_alt	100	43584		Markers: Quick-add or edit marker at current position
main_alt	100	43585		Markers: Quick-add or edit marker at mouse position
main_alt	100	43586		Markers: Quick-add or edit marker at mouse position ignoring snap
main_alt	100	43587		Ruler: Collapse ruler lanes when ruler is too small to display them
main_alt	100	43588		Envelope: Remove unnecessary points
main_alt	100	43589		Envelope: Remove unnecessary points within time selection
main_alt	100	43590		Envelope: Remove unnecessary selected points
main_alt	100	43593		Scrub: Toggle preference for one-shot segment scrub when moving edit cursor
main_alt	100	43594		Scrub: Play one one-shot segment scrub at edit cursor
main_alt	100	43614		View: Move cursor left by grid division
main_alt	100	43615		View: Move cursor right by grid division
main_alt	100	43617		Scrub: Invert looped-segment scrub range
main_alt	100	43631		Options: Solo via dedicated solo bus (preference, master outputs can be set to bypass solo bus)
main_alt	100	43632		Scrub: Prompt to edit looped-segment scrub range
main_alt	100	43636		Options: Move take envelope points when moving media item contents
main_alt	100	43637		Project: Toggle project timebase to time
main_alt	100	43638		Options: Track media/razor edit grouping affects items that start or end at the same time
main_alt	100	43639		Options: Track media/razor edit grouping affects items that are enclosed by the edited item
main_alt	100	43640		Project: Set project timebase to beats (auto-stretch at tempo changes)
main_alt	100	43641		Project: Project timebase affects MIDI items
main_alt	100	43642		View: Toggle show/hide media item timebase buttons
main_alt	100	43643		View: Toggle show/hide media item timebase buttons if overridden for the track or item
main_alt	100	43645		File: Duplicate project in new tab...
main_alt	100	43647		Track: Move tracks up
main_alt	100	43648		Track: Move tracks down
main_alt	100	43651		Options: Toggle display group names/colors in arrange view
main_alt	100	43652		Options: Enable display group names/colors in arrange view
main_alt	100	43653		Options: Disable display group names/colors in arrange view
main_alt	100	43654		Items: Set group color for selected items...
main_alt	100	43655		Items: Set group to random color for selected items
main_alt	100	43656		Items: Set group name for selected items...
main_alt	100	43672		Track: Hide envelope, display previous envelope on same track (cycle)
main_alt	100	43673		Insert/import media files from directory...
main_alt	100	43674		Peaks: Increase peaks display zoom 2x for project
main_alt	100	43675		Peaks: Decrease peaks display zoom 0.5x for project
main_alt	100	43676		Toolbar: Customize empty TCP area toolbar...
main_alt	100	43677		View: Toggle track zoom to minimum height (ignore pinned tracks)
main_alt	100	43678		View: Toggle track zoom to default height (ignore pinned tracks)
main_alt	100	43679		Spectrogram: Show high resolution spectrogram when zoomed-in
main_alt	100	43680		Spectrogram: Bypass selected spectral edits
main_alt	100	43681		Spectrogram: Solo selected spectral edits
main_alt	100	43682		Spectrogram: Adjust gain of selected spectral edits by +0.5 dB
main_alt	100	43683		Spectrogram: Adjust gain of selected spectral edits by -0.5 dB
main_alt	100	43684		Spectrogram: Adjust gain of selected spectral edits by +3 dB
main_alt	100	43685		Spectrogram: Adjust gain of selected spectral edits by -3 dB
main_alt	100	43686		Spectrogram: Reset gain of selected spectral edits to +0 dB
main_alt	100	43687		Spectrogram: Delete selected spectral edits
main_alt	100	43688		Spectrogram: Show selected spectral edit configuration menu
main_alt	100	43689		FX: Set all FX online one at a time
main_alt	100	43690		Options: Ripple edit all affects regions/markers
main_alt	100	43691		Items: Set take FX offline for all inactive takes in the project
main_alt	100	43692		Items: Set take FX online for all active takes in the project
main_alt	100	43693		Items: Set take FX online if active, offline if inactive for all takes in the project
main_alt	100	43696		Item: Lock all items on selected tracks
main_alt	100	43697		File: Choose project(s) to open...
main_alt	100	43698		FX: Delete all track FX on selected tracks
main_alt	100	43701		Track lanes: Play only most recently playing lane
main_alt	100	43702		Track lanes: Play only most recently playing lane for track under mouse
main_alt	100	43703		Options: Set metronome speed to 0.5x
main_alt	100	43705		View: Secondary time unit for ruler: Minutes:Seconds (minimal)
main_alt	100	43709		Ruler: Resize ruler when lane count changes
main_alt	100	43710		Ruler: Display marker number even if marker is named
main_alt	100	43711		Ruler: Resize now to fit all ruler lanes
main_alt	100	43715		Regions/markers: Renumber all regions and markers in timeline order by ruler lane
main_alt	100	43716		Ruler: Hide tempo/time signature area if project has no tempo/time signature changes
main_alt	100	43719		Show project template path in explorer/finder
main_alt	100	43720		Show track template path in explorer/finder
main_alt	100	43721		Show FX chain path in explorer/finder
main_alt	100	43722		Show ReaScript path in explorer/finder
main_alt	100	43723		Show automation item path in explorer/finder
main_alt	100	43724		Show theme path in explorer/finder
main_alt	100	43725		Track: Automatically group folder/child tracks for media/razor editing
main_alt	100	43726		Close and re-open audio/MIDI devices
main_alt	100	43727		Fixed lane comp area: Delete all unsynced comp areas
main_alt	100	43728		Fixed lane comp area: Delete unsynced comp areas in time selection
main_alt	100	43730		Sample edits: Delete sample edits in time selection for channel at mouse
main_alt	100	43731		Sample edits: Set sample values to zero in time selection for channel at mouse
main_alt	100	43732		Sample edits: Set sample values to a straight line in time selection for channel at mouse
main_alt	100	43733		Sample edits: Scale sample values in time selection for channel at mouse...
main_alt	100	43734		Track: Automatically group folder sibling tracks for media/razor editing
main_alt	100	43735		Item edit: Move items/envelope points left to grid
main_alt	100	43736		Item edit: Move items/envelope points right to grid
main_alt	100	43737		Envelopes: Move selected points left to grid
main_alt	100	43738		Envelopes: Move selected points right to grid
main_alt	100	43739		Sample edits: Set sample values to an interpolated curve in time selection for channel at mouse
main_alt	100	43740		Sample edits: Delete sample edits in time selection for all channels at mouse
main_alt	100	43741		Sample edits: Set sample values to zero in time selection for all channels at mouse
main_alt	100	43742		Sample edits: Set sample values to a straight line in time selection for all channels at mouse
main_alt	100	43743		Sample edits: Scale sample values in time selection for all channels at mouse...
main_alt	100	43744		Sample edits: Set sample values to an interpolated curve in time selection for all channels at mouse
main_alt	100	43778		Sample edits: Spectral repair sample values in time selection for channel at mouse...
main_alt	100	43779		Sample edits: Spectral repair sample values in time selection for all channels at mouse...
main_alt	100	43780		Item: Detect LTC and move to detected position
main_alt	100	43781		Options: Automatically zoom to time selection when running sample edit actions
main_alt	100	43789		Sample edits: Apply 1 ms spectral repair to sample values for channel at mouse...
main_alt	100	43790		Sample edits: Apply 1 ms spectral repair to sample values for all channels at mouse...
main_alt	100	43791		Sample edits: Apply 1 ms spectral repair to sample values for first selected item at edit cursor...
main_alt	100	43792		Sample edits: Apply 10 ms spectral repair to sample values for channel at mouse...
main_alt	100	43793		Sample edits: Apply 10 ms spectral repair to sample values for all channels at mouse...
main_alt	100	43794		Sample edits: Apply 10 ms spectral repair to sample values for first selected item at edit cursor...
main_alt	100	43796		Sample edits: Delete sample edits in time selection for first selected item
main_alt	100	43797		Sample edits: Set sample values to zero in time selection for first selected item
main_alt	100	43798		Sample edits: Set sample values to a straight line in time selection for first selected item
main_alt	100	43799		Sample edits: Scale sample values in time selection for first selected item...
main_alt	100	43800		Sample edits: Set sample values to an interpolated curve in time selection for first selected item
main_alt	100	43801		Sample edits: Spectral repair sample values in time selection for first selected item...
main_alt	100	43802		Sample edits: Delete all sample edits for channel at mouse
main_alt	100	43803		Sample edits: Delete all sample edits for all channels of selected item at mouse
main_alt	100	43804		Sample edits: Delete all sample edits for first selected item
main_alt	100	45000		Take: Set 1st take active
main_alt	100	45001		Take: Set 2nd take active
main_alt	100	45002		Take: Set 3rd take active
main_alt	100	45003		Take: Set 4th take active
main_alt	100	45004		Take: Set 5th take active
main_alt	100	45005		Take: Set 6th take active
main_alt	100	45006		Take: Set 7th take active
main_alt	100	45007		Take: Set 8th take active
main_alt	100	45008		Take: Set 9th take active
main_alt	100	46000		Track: Insert track from template...
main_alt	100	47306		Markers: Insert marker at edit cursor
main_alt	100	47307		Markers: Insert and/or edit marker at edit cursor
main_alt	100	47308		Markers: Quick-add or edit marker at edit cursor
main_alt	100	48500		Layout: Default layout
main_alt	100	50122		Video: Fullscreen
main_alt	100	50123		Video: Clear video cache/re-render frames
main_alt	100	50124		Media explorer: Show/hide media explorer
main_alt	100	50125		Video: Show/hide video window
main_alt	100	50500		Automation: Save latch preset 1 for all tracks
main_alt	100	50501		Automation: Save latch preset 2 for all tracks
main_alt	100	50502		Automation: Save latch preset 3 for all tracks
main_alt	100	50503		Automation: Save latch preset 4 for all tracks
main_alt	100	50504		Automation: Save latch preset 5 for all tracks
main_alt	100	50505		Automation: Save latch preset 6 for all tracks
main_alt	100	50506		Automation: Save latch preset 7 for all tracks
main_alt	100	50507		Automation: Save latch preset 8 for all tracks
main_alt	100	50508		Automation: Save latch preset 9 for all tracks
main_alt	100	50509		Automation: Save latch preset 10 for all tracks
main_alt	100	50510		Automation: Save latch preset 11 for all tracks
main_alt	100	50511		Automation: Save latch preset 12 for all tracks
main_alt	100	50512		Automation: Save latch preset 13 for all tracks
main_alt	100	50513		Automation: Save latch preset 14 for all tracks
main_alt	100	50514		Automation: Save latch preset 15 for all tracks
main_alt	100	50515		Automation: Save latch preset 16 for all tracks
main_alt	100	50516		Automation: Save latch preset 17 for all tracks
main_alt	100	50517		Automation: Save latch preset 18 for all tracks
main_alt	100	50518		Automation: Save latch preset 19 for all tracks
main_alt	100	50519		Automation: Save latch preset 20 for all tracks
main_alt	100	50520		Automation: Save latch preset 21 for all tracks
main_alt	100	50521		Automation: Save latch preset 22 for all tracks
main_alt	100	50522		Automation: Save latch preset 23 for all tracks
main_alt	100	50523		Automation: Save latch preset 24 for all tracks
main_alt	100	50524		Automation: Save latch preset 25 for all tracks
main_alt	100	50525		Automation: Save latch preset 26 for all tracks
main_alt	100	50526		Automation: Save latch preset 27 for all tracks
main_alt	100	50527		Automation: Save latch preset 28 for all tracks
main_alt	100	50528		Automation: Save latch preset 29 for all tracks
main_alt	100	50529		Automation: Save latch preset 30 for all tracks
main_alt	100	50530		Automation: Save latch preset 31 for all tracks
main_alt	100	50531		Automation: Save latch preset 32 for all tracks
main_alt	100	50532		Automation: Save latch preset 33 for all tracks
main_alt	100	50533		Automation: Save latch preset 34 for all tracks
main_alt	100	50534		Automation: Save latch preset 35 for all tracks
main_alt	100	50535		Automation: Save latch preset 36 for all tracks
main_alt	100	50536		Automation: Save latch preset 37 for all tracks
main_alt	100	50537		Automation: Save latch preset 38 for all tracks
main_alt	100	50538		Automation: Save latch preset 39 for all tracks
main_alt	100	50539		Automation: Save latch preset 40 for all tracks
main_alt	100	50540		Automation: Save latch preset 41 for all tracks
main_alt	100	50541		Automation: Save latch preset 42 for all tracks
main_alt	100	50542		Automation: Save latch preset 43 for all tracks
main_alt	100	50543		Automation: Save latch preset 44 for all tracks
main_alt	100	50544		Automation: Save latch preset 45 for all tracks
main_alt	100	50545		Automation: Save latch preset 46 for all tracks
main_alt	100	50546		Automation: Save latch preset 47 for all tracks
main_alt	100	50547		Automation: Save latch preset 48 for all tracks
main_alt	100	50548		Automation: Save latch preset 49 for all tracks
main_alt	100	50549		Automation: Save latch preset 50 for all tracks
main_alt	100	50550		Automation: Save latch preset 51 for all tracks
main_alt	100	50551		Automation: Save latch preset 52 for all tracks
main_alt	100	50552		Automation: Save latch preset 53 for all tracks
main_alt	100	50553		Automation: Save latch preset 54 for all tracks
main_alt	100	50554		Automation: Save latch preset 55 for all tracks
main_alt	100	50555		Automation: Save latch preset 56 for all tracks
main_alt	100	50556		Automation: Save latch preset 57 for all tracks
main_alt	100	50557		Automation: Save latch preset 58 for all tracks
main_alt	100	50558		Automation: Save latch preset 59 for all tracks
main_alt	100	50559		Automation: Save latch preset 60 for all tracks
main_alt	100	50560		Automation: Save latch preset 61 for all tracks
main_alt	100	50561		Automation: Save latch preset 62 for all tracks
main_alt	100	50562		Automation: Save latch preset 63 for all tracks
main_alt	100	50563		Automation: Save latch preset 64 for all tracks
main_alt	100	50564		Automation: Load latch preset 1 for all tracks
main_alt	100	50565		Automation: Load latch preset 2 for all tracks
main_alt	100	50566		Automation: Load latch preset 3 for all tracks
main_alt	100	50567		Automation: Load latch preset 4 for all tracks
main_alt	100	50568		Automation: Load latch preset 5 for all tracks
main_alt	100	50569		Automation: Load latch preset 6 for all tracks
main_alt	100	50570		Automation: Load latch preset 7 for all tracks
main_alt	100	50571		Automation: Load latch preset 8 for all tracks
main_alt	100	50572		Automation: Load latch preset 9 for all tracks
main_alt	100	50573		Automation: Load latch preset 10 for all tracks
main_alt	100	50574		Automation: Load latch preset 11 for all tracks
main_alt	100	50575		Automation: Load latch preset 12 for all tracks
main_alt	100	50576		Automation: Load latch preset 13 for all tracks
main_alt	100	50577		Automation: Load latch preset 14 for all tracks
main_alt	100	50578		Automation: Load latch preset 15 for all tracks
main_alt	100	50579		Automation: Load latch preset 16 for all tracks
main_alt	100	50580		Automation: Load latch preset 17 for all tracks
main_alt	100	50581		Automation: Load latch preset 18 for all tracks
main_alt	100	50582		Automation: Load latch preset 19 for all tracks
main_alt	100	50583		Automation: Load latch preset 20 for all tracks
main_alt	100	50584		Automation: Load latch preset 21 for all tracks
main_alt	100	50585		Automation: Load latch preset 22 for all tracks
main_alt	100	50586		Automation: Load latch preset 23 for all tracks
main_alt	100	50587		Automation: Load latch preset 24 for all tracks
main_alt	100	50588		Automation: Load latch preset 25 for all tracks
main_alt	100	50589		Automation: Load latch preset 26 for all tracks
main_alt	100	50590		Automation: Load latch preset 27 for all tracks
main_alt	100	50591		Automation: Load latch preset 28 for all tracks
main_alt	100	50592		Automation: Load latch preset 29 for all tracks
main_alt	100	50593		Automation: Load latch preset 30 for all tracks
main_alt	100	50594		Automation: Load latch preset 31 for all tracks
main_alt	100	50595		Automation: Load latch preset 32 for all tracks
main_alt	100	50596		Automation: Load latch preset 33 for all tracks
main_alt	100	50597		Automation: Load latch preset 34 for all tracks
main_alt	100	50598		Automation: Load latch preset 35 for all tracks
main_alt	100	50599		Automation: Load latch preset 36 for all tracks
main_alt	100	50600		Automation: Load latch preset 37 for all tracks
main_alt	100	50601		Automation: Load latch preset 38 for all tracks
main_alt	100	50602		Automation: Load latch preset 39 for all tracks
main_alt	100	50603		Automation: Load latch preset 40 for all tracks
main_alt	100	50604		Automation: Load latch preset 41 for all tracks
main_alt	100	50605		Automation: Load latch preset 42 for all tracks
main_alt	100	50606		Automation: Load latch preset 43 for all tracks
main_alt	100	50607		Automation: Load latch preset 44 for all tracks
main_alt	100	50608		Automation: Load latch preset 45 for all tracks
main_alt	100	50609		Automation: Load latch preset 46 for all tracks
main_alt	100	50610		Automation: Load latch preset 47 for all tracks
main_alt	100	50611		Automation: Load latch preset 48 for all tracks
main_alt	100	50612		Automation: Load latch preset 49 for all tracks
main_alt	100	50613		Automation: Load latch preset 50 for all tracks
main_alt	100	50614		Automation: Load latch preset 51 for all tracks
main_alt	100	50615		Automation: Load latch preset 52 for all tracks
main_alt	100	50616		Automation: Load latch preset 53 for all tracks
main_alt	100	50617		Automation: Load latch preset 54 for all tracks
main_alt	100	50618		Automation: Load latch preset 55 for all tracks
main_alt	100	50619		Automation: Load latch preset 56 for all tracks
main_alt	100	50620		Automation: Load latch preset 57 for all tracks
main_alt	100	50621		Automation: Load latch preset 58 for all tracks
main_alt	100	50622		Automation: Load latch preset 59 for all tracks
main_alt	100	50623		Automation: Load latch preset 60 for all tracks
main_alt	100	50624		Automation: Load latch preset 61 for all tracks
main_alt	100	50625		Automation: Load latch preset 62 for all tracks
main_alt	100	50626		Automation: Load latch preset 63 for all tracks
main_alt	100	50627		Automation: Load latch preset 64 for all tracks
main_alt	100	50628		Automation: Save latch preset 1 for selected tracks
main_alt	100	50629		Automation: Save latch preset 2 for selected tracks
main_alt	100	50630		Automation: Save latch preset 3 for selected tracks
main_alt	100	50631		Automation: Save latch preset 4 for selected tracks
main_alt	100	50632		Automation: Save latch preset 5 for selected tracks
main_alt	100	50633		Automation: Save latch preset 6 for selected tracks
main_alt	100	50634		Automation: Save latch preset 7 for selected tracks
main_alt	100	50635		Automation: Save latch preset 8 for selected tracks
main_alt	100	50636		Automation: Save latch preset 9 for selected tracks
main_alt	100	50637		Automation: Save latch preset 10 for selected tracks
main_alt	100	50638		Automation: Save latch preset 11 for selected tracks
main_alt	100	50639		Automation: Save latch preset 12 for selected tracks
main_alt	100	50640		Automation: Save latch preset 13 for selected tracks
main_alt	100	50641		Automation: Save latch preset 14 for selected tracks
main_alt	100	50642		Automation: Save latch preset 15 for selected tracks
main_alt	100	50643		Automation: Save latch preset 16 for selected tracks
main_alt	100	50644		Automation: Save latch preset 17 for selected tracks
main_alt	100	50645		Automation: Save latch preset 18 for selected tracks
main_alt	100	50646		Automation: Save latch preset 19 for selected tracks
main_alt	100	50647		Automation: Save latch preset 20 for selected tracks
main_alt	100	50648		Automation: Save latch preset 21 for selected tracks
main_alt	100	50649		Automation: Save latch preset 22 for selected tracks
main_alt	100	50650		Automation: Save latch preset 23 for selected tracks
main_alt	100	50651		Automation: Save latch preset 24 for selected tracks
main_alt	100	50652		Automation: Save latch preset 25 for selected tracks
main_alt	100	50653		Automation: Save latch preset 26 for selected tracks
main_alt	100	50654		Automation: Save latch preset 27 for selected tracks
main_alt	100	50655		Automation: Save latch preset 28 for selected tracks
main_alt	100	50656		Automation: Save latch preset 29 for selected tracks
main_alt	100	50657		Automation: Save latch preset 30 for selected tracks
main_alt	100	50658		Automation: Save latch preset 31 for selected tracks
main_alt	100	50659		Automation: Save latch preset 32 for selected tracks
main_alt	100	50660		Automation: Save latch preset 33 for selected tracks
main_alt	100	50661		Automation: Save latch preset 34 for selected tracks
main_alt	100	50662		Automation: Save latch preset 35 for selected tracks
main_alt	100	50663		Automation: Save latch preset 36 for selected tracks
main_alt	100	50664		Automation: Save latch preset 37 for selected tracks
main_alt	100	50665		Automation: Save latch preset 38 for selected tracks
main_alt	100	50666		Automation: Save latch preset 39 for selected tracks
main_alt	100	50667		Automation: Save latch preset 40 for selected tracks
main_alt	100	50668		Automation: Save latch preset 41 for selected tracks
main_alt	100	50669		Automation: Save latch preset 42 for selected tracks
main_alt	100	50670		Automation: Save latch preset 43 for selected tracks
main_alt	100	50671		Automation: Save latch preset 44 for selected tracks
main_alt	100	50672		Automation: Save latch preset 45 for selected tracks
main_alt	100	50673		Automation: Save latch preset 46 for selected tracks
main_alt	100	50674		Automation: Save latch preset 47 for selected tracks
main_alt	100	50675		Automation: Save latch preset 48 for selected tracks
main_alt	100	50676		Automation: Save latch preset 49 for selected tracks
main_alt	100	50677		Automation: Save latch preset 50 for selected tracks
main_alt	100	50678		Automation: Save latch preset 51 for selected tracks
main_alt	100	50679		Automation: Save latch preset 52 for selected tracks
main_alt	100	50680		Automation: Save latch preset 53 for selected tracks
main_alt	100	50681		Automation: Save latch preset 54 for selected tracks
main_alt	100	50682		Automation: Save latch preset 55 for selected tracks
main_alt	100	50683		Automation: Save latch preset 56 for selected tracks
main_alt	100	50684		Automation: Save latch preset 57 for selected tracks
main_alt	100	50685		Automation: Save latch preset 58 for selected tracks
main_alt	100	50686		Automation: Save latch preset 59 for selected tracks
main_alt	100	50687		Automation: Save latch preset 60 for selected tracks
main_alt	100	50688		Automation: Save latch preset 61 for selected tracks
main_alt	100	50689		Automation: Save latch preset 62 for selected tracks
main_alt	100	50690		Automation: Save latch preset 63 for selected tracks
main_alt	100	50691		Automation: Save latch preset 64 for selected tracks
main_alt	100	50692		Automation: Load latch preset 1 for selected tracks
main_alt	100	50693		Automation: Load latch preset 2 for selected tracks
main_alt	100	50694		Automation: Load latch preset 3 for selected tracks
main_alt	100	50695		Automation: Load latch preset 4 for selected tracks
main_alt	100	50696		Automation: Load latch preset 5 for selected tracks
main_alt	100	50697		Automation: Load latch preset 6 for selected tracks
main_alt	100	50698		Automation: Load latch preset 7 for selected tracks
main_alt	100	50699		Automation: Load latch preset 8 for selected tracks
main_alt	100	50700		Automation: Load latch preset 9 for selected tracks
main_alt	100	50701		Automation: Load latch preset 10 for selected tracks
main_alt	100	50702		Automation: Load latch preset 11 for selected tracks
main_alt	100	50703		Automation: Load latch preset 12 for selected tracks
main_alt	100	50704		Automation: Load latch preset 13 for selected tracks
main_alt	100	50705		Automation: Load latch preset 14 for selected tracks
main_alt	100	50706		Automation: Load latch preset 15 for selected tracks
main_alt	100	50707		Automation: Load latch preset 16 for selected tracks
main_alt	100	50708		Automation: Load latch preset 17 for selected tracks
main_alt	100	50709		Automation: Load latch preset 18 for selected tracks
main_alt	100	50710		Automation: Load latch preset 19 for selected tracks
main_alt	100	50711		Automation: Load latch preset 20 for selected tracks
main_alt	100	50712		Automation: Load latch preset 21 for selected tracks
main_alt	100	50713		Automation: Load latch preset 22 for selected tracks
main_alt	100	50714		Automation: Load latch preset 23 for selected tracks
main_alt	100	50715		Automation: Load latch preset 24 for selected tracks
main_alt	100	50716		Automation: Load latch preset 25 for selected tracks
main_alt	100	50717		Automation: Load latch preset 26 for selected tracks
main_alt	100	50718		Automation: Load latch preset 27 for selected tracks
main_alt	100	50719		Automation: Load latch preset 28 for selected tracks
main_alt	100	50720		Automation: Load latch preset 29 for selected tracks
main_alt	100	50721		Automation: Load latch preset 30 for selected tracks
main_alt	100	50722		Automation: Load latch preset 31 for selected tracks
main_alt	100	50723		Automation: Load latch preset 32 for selected tracks
main_alt	100	50724		Automation: Load latch preset 33 for selected tracks
main_alt	100	50725		Automation: Load latch preset 34 for selected tracks
main_alt	100	50726		Automation: Load latch preset 35 for selected tracks
main_alt	100	50727		Automation: Load latch preset 36 for selected tracks
main_alt	100	50728		Automation: Load latch preset 37 for selected tracks
main_alt	100	50729		Automation: Load latch preset 38 for selected tracks
main_alt	100	50730		Automation: Load latch preset 39 for selected tracks
main_alt	100	50731		Automation: Load latch preset 40 for selected tracks
main_alt	100	50732		Automation: Load latch preset 41 for selected tracks
main_alt	100	50733		Automation: Load latch preset 42 for selected tracks
main_alt	100	50734		Automation: Load latch preset 43 for selected tracks
main_alt	100	50735		Automation: Load latch preset 44 for selected tracks
main_alt	100	50736		Automation: Load latch preset 45 for selected tracks
main_alt	100	50737		Automation: Load latch preset 46 for selected tracks
main_alt	100	50738		Automation: Load latch preset 47 for selected tracks
main_alt	100	50739		Automation: Load latch preset 48 for selected tracks
main_alt	100	50740		Automation: Load latch preset 49 for selected tracks
main_alt	100	50741		Automation: Load latch preset 50 for selected tracks
main_alt	100	50742		Automation: Load latch preset 51 for selected tracks
main_alt	100	50743		Automation: Load latch preset 52 for selected tracks
main_alt	100	50744		Automation: Load latch preset 53 for selected tracks
main_alt	100	50745		Automation: Load latch preset 54 for selected tracks
main_alt	100	50746		Automation: Load latch preset 55 for selected tracks
main_alt	100	50747		Automation: Load latch preset 56 for selected tracks
main_alt	100	50748		Automation: Load latch preset 57 for selected tracks
main_alt	100	50749		Automation: Load latch preset 58 for selected tracks
main_alt	100	50750		Automation: Load latch preset 59 for selected tracks
main_alt	100	50751		Automation: Load latch preset 60 for selected tracks
main_alt	100	50752		Automation: Load latch preset 61 for selected tracks
main_alt	100	50753		Automation: Load latch preset 62 for selected tracks
main_alt	100	50754		Automation: Load latch preset 63 for selected tracks
main_alt	100	50755		Automation: Load latch preset 64 for selected tracks
main_alt	100	50756		Automation: Clear latch preset 1
main_alt	100	50757		Automation: Clear latch preset 2
main_alt	100	50758		Automation: Clear latch preset 3
main_alt	100	50759		Automation: Clear latch preset 4
main_alt	100	50760		Automation: Clear latch preset 5
main_alt	100	50761		Automation: Clear latch preset 6
main_alt	100	50762		Automation: Clear latch preset 7
main_alt	100	50763		Automation: Clear latch preset 8
main_alt	100	50764		Automation: Clear latch preset 9
main_alt	100	50765		Automation: Clear latch preset 10
main_alt	100	50766		Automation: Clear latch preset 11
main_alt	100	50767		Automation: Clear latch preset 12
main_alt	100	50768		Automation: Clear latch preset 13
main_alt	100	50769		Automation: Clear latch preset 14
main_alt	100	50770		Automation: Clear latch preset 15
main_alt	100	50771		Automation: Clear latch preset 16
main_alt	100	50772		Automation: Clear latch preset 17
main_alt	100	50773		Automation: Clear latch preset 18
main_alt	100	50774		Automation: Clear latch preset 19
main_alt	100	50775		Automation: Clear latch preset 20
main_alt	100	50776		Automation: Clear latch preset 21
main_alt	100	50777		Automation: Clear latch preset 22
main_alt	100	50778		Automation: Clear latch preset 23
main_alt	100	50779		Automation: Clear latch preset 24
main_alt	100	50780		Automation: Clear latch preset 25
main_alt	100	50781		Automation: Clear latch preset 26
main_alt	100	50782		Automation: Clear latch preset 27
main_alt	100	50783		Automation: Clear latch preset 28
main_alt	100	50784		Automation: Clear latch preset 29
main_alt	100	50785		Automation: Clear latch preset 30
main_alt	100	50786		Automation: Clear latch preset 31
main_alt	100	50787		Automation: Clear latch preset 32
main_alt	100	50788		Automation: Clear latch preset 33
main_alt	100	50789		Automation: Clear latch preset 34
main_alt	100	50790		Automation: Clear latch preset 35
main_alt	100	50791		Automation: Clear latch preset 36
main_alt	100	50792		Automation: Clear latch preset 37
main_alt	100	50793		Automation: Clear latch preset 38
main_alt	100	50794		Automation: Clear latch preset 39
main_alt	100	50795		Automation: Clear latch preset 40
main_alt	100	50796		Automation: Clear latch preset 41
main_alt	100	50797		Automation: Clear latch preset 42
main_alt	100	50798		Automation: Clear latch preset 43
main_alt	100	50799		Automation: Clear latch preset 44
main_alt	100	50800		Automation: Clear latch preset 45
main_alt	100	50801		Automation: Clear latch preset 46
main_alt	100	50802		Automation: Clear latch preset 47
main_alt	100	50803		Automation: Clear latch preset 48
main_alt	100	50804		Automation: Clear latch preset 49
main_alt	100	50805		Automation: Clear latch preset 50
main_alt	100	50806		Automation: Clear latch preset 51
main_alt	100	50807		Automation: Clear latch preset 52
main_alt	100	50808		Automation: Clear latch preset 53
main_alt	100	50809		Automation: Clear latch preset 54
main_alt	100	50810		Automation: Clear latch preset 55
main_alt	100	50811		Automation: Clear latch preset 56
main_alt	100	50812		Automation: Clear latch preset 57
main_alt	100	50813		Automation: Clear latch preset 58
main_alt	100	50814		Automation: Clear latch preset 59
main_alt	100	50815		Automation: Clear latch preset 60
main_alt	100	50816		Automation: Clear latch preset 61
main_alt	100	50817		Automation: Clear latch preset 62
main_alt	100	50818		Automation: Clear latch preset 63
main_alt	100	50819		Automation: Clear latch preset 64
main_alt	100	50820		FX: Toggle bypass for FX in slot 1 for selected tracks
main_alt	100	50821		FX: Toggle bypass for FX in slot 2 for selected tracks
main_alt	100	50822		FX: Toggle bypass for FX in slot 3 for selected tracks
main_alt	100	50823		FX: Toggle bypass for FX in slot 4 for selected tracks
main_alt	100	50824		FX: Toggle bypass for FX in slot 5 for selected tracks
main_alt	100	50825		FX: Toggle bypass for FX in slot 6 for selected tracks
main_alt	100	50826		FX: Toggle bypass for FX in slot 7 for selected tracks
main_alt	100	50827		FX: Toggle bypass for FX in slot 8 for selected tracks
main_alt	100	50828		FX: Toggle bypass for FX in slot 9 for selected tracks
main_alt	100	50829		FX: Toggle bypass for FX in slot 10 for selected tracks
main_alt	100	53000	RS1ee9bb229dabffe151848d7efa3c10f748e1a1cf	Script: lyrics.lua
main_alt	100	53002	RS1cbf05b0c4f875518496f34a5ce45adefe05cb67	Script: Default_6.0_theme_adjuster.lua
main_alt	100	53003	RS6c2efb3f983d062c88752f161da4cbbd6ab222e9	Script: Default_7.0_theme_adjuster.lua
main_alt	100	65535		No-op (no action)
midi_editor	32060	2		File: Close window
midi_editor	32060	998		Edit: Move events left/right (mousewheel/MIDI relative only)
midi_editor	32060	999		Edit: Adjust value for events (mousewheel/MIDI controller only)
midi_editor	32060	1000		Edit: Insert note at edit cursor (no advance edit cursor)
midi_editor	32060	1005		File: Save file (MIDI file mode only) or project (in-project MIDI mode)
midi_editor	32060	1011		View: Zoom out horizontally
midi_editor	32060	1012		View: Zoom in horizontally
midi_editor	32060	1013		File: Revert file (MIDI file mode only)
midi_editor	32060	1014		View: Toggle snap to grid
midi_editor	32060	1017		View: Toggle grid
midi_editor	32060	1139		Transport: Toggle repeat
midi_editor	32060	1140		Transport: Play
midi_editor	32060	1141		Transport: Pause
midi_editor	32060	1142		Transport: Stop
midi_editor	32060	2000		Action: Prompt to continue (only valid within custom actions)
midi_editor	32060	2001		Action: Set action loop start (only valid within custom actions)
midi_editor	32060	2002		Action: Prompt to go to action loop start (only valid within custom actions)
midi_editor	32060	2003		Action: Modify MIDI CC/mousewheel: Negative
midi_editor	32060	2004		Action: Modify MIDI CC/mousewheel: 0.5x
midi_editor	32060	2005		Action: Modify MIDI CC/mousewheel: 2x
midi_editor	32060	2006		Action: Modify MIDI CC/mousewheel: +10%
midi_editor	32060	2007		Action: Modify MIDI CC/mousewheel: -10%
midi_editor	32060	2008		Action: Wait 0.1 seconds before next action
midi_editor	32060	2009		Action: Wait 0.5 seconds before next action
midi_editor	32060	2010		Action: Wait 1 second before next action
midi_editor	32060	2011		Action: Wait 5 seconds before next action
midi_editor	32060	2012		Action: Wait 10 seconds before next action
midi_editor	32060	2013		Action: Skip next action if CC parameter <0/mid
midi_editor	32060	2014		Action: Skip next action if CC parameter >0/mid
midi_editor	32060	2015		Action: Skip next action if CC parameter <=0/mid
midi_editor	32060	2016		Action: Skip next action if CC parameter >=0/mid
midi_editor	32060	2017		Action: Skip next action if CC parameter ==0/mid
midi_editor	32060	2018		Action: Skip next action if CC parameter !=0/mid
midi_editor	32060	2019		Action: Arm next action
midi_editor	32060	2020		Action: Disarm action
midi_editor	32060	2021		Action: Toggle arm of next action
midi_editor	32060	2022		Action: Skip next action, set CC parameter to relative +1 if action toggle state enabled, -1 if disabled, 0 if toggle state unavailable.
midi_editor	32060	2023		Action: Skip next action, set CC parameter to relative +1 if action armed, 0 otherwise
midi_editor	32060	2024		Action: Debug MIDI CC/mousewheel value to console
midi_editor	32060	2999		Action: Repeat the most recent action
midi_editor	32060	3000		Action: Repeat the action prior to the most recent action
midi_editor	32060	40001		Edit: Insert note at mouse cursor
midi_editor	32060	40002		Edit: Delete notes
midi_editor	32060	40003		Edit: Select all notes
midi_editor	32060	40004		Edit: Event properties
midi_editor	32060	40006		Edit: Select all events
midi_editor	32060	40009		Quantize...
midi_editor	32060	40010		Edit: Copy
midi_editor	32060	40011		Edit: Paste
midi_editor	32060	40012		Edit: Cut
midi_editor	32060	40013		Edit: Undo
midi_editor	32060	40014		Edit: Redo
midi_editor	32060	40016		Transport: Play/stop
midi_editor	32060	40017		Transport: Play/pause
midi_editor	32060	40018		Options: Toggle window docking
midi_editor	32060	40019		Edit: Reverse all events
midi_editor	32060	40020		Edit: Set events to channel 01
midi_editor	32060	40021		Edit: Set events to channel 02
midi_editor	32060	40022		Edit: Set events to channel 03
midi_editor	32060	40023		Edit: Set events to channel 04
midi_editor	32060	40024		Edit: Set events to channel 05
midi_editor	32060	40025		Edit: Set events to channel 06
midi_editor	32060	40026		Edit: Set events to channel 07
midi_editor	32060	40027		Edit: Set events to channel 08
midi_editor	32060	40028		Edit: Set events to channel 09
midi_editor	32060	40029		Edit: Set events to channel 10
midi_editor	32060	40030		Edit: Set events to channel 11
midi_editor	32060	40031		Edit: Set events to channel 12
midi_editor	32060	40032		Edit: Set events to channel 13
midi_editor	32060	40033		Edit: Set events to channel 14
midi_editor	32060	40034		Edit: Set events to channel 15
midi_editor	32060	40035		Edit: Set events to channel 16
midi_editor	32060	40036		View: Go to start of file
midi_editor	32060	40037		View: Go to end of file
midi_editor	32060	40038		File: Export contents as .MID
midi_editor	32060	40039		Options: Synchronize transport with main transport
midi_editor	32060	40040		View: Show velocity handles on notes
midi_editor	32060	40041		Options: Preview notes when inserting or editing
midi_editor	32060	40042		Mode: Piano Roll
midi_editor	32060	40043		Mode: Named Notes (Drum Map)
midi_editor	32060	40045		View: Show note names on notes
midi_editor	32060	40046		Edit: Split notes
midi_editor	32060	40047		Navigate: Move edit cursor left by grid
midi_editor	32060	40048		Navigate: Move edit cursor right by grid
midi_editor	32060	40049		Edit: Increase pitch cursor one semitone
midi_editor	32060	40050		Edit: Decrease pitch cursor one semitone
midi_editor	32060	40051		Edit: Insert note at edit cursor
midi_editor	32060	40052		Edit: Split notes at mouse cursor
midi_editor	32060	40053		Options: F1-F12 as step input mode
midi_editor	32060	40055		Edit: Mute events (toggle)
midi_editor	32060	40056		Mode: Event List
midi_editor	32060	40057		Edit: Mute events
midi_editor	32060	40058		Edit: Unmute events
midi_editor	32060	40060		View: Show note names on piano roll keys
midi_editor	32060	40110		Options: Display note length in velocity lane
midi_editor	32060	40111		View: Zoom in vertically
midi_editor	32060	40112		View: Zoom out vertically
midi_editor	32060	40138		View: Scroll view up
midi_editor	32060	40139		View: Scroll view down
midi_editor	32060	40140		View: Scroll view left
midi_editor	32060	40141		View: Scroll view right
midi_editor	32060	40143		View: Show custom note row view
midi_editor	32060	40150		View: Go to play cursor
midi_editor	32060	40151		View: Go to edit cursor
midi_editor	32060	40152		Step input: Insert note at current -12 semitones
midi_editor	32060	40153		Step input: Insert note at current -11 semitones
midi_editor	32060	40154		Step input: Insert note at current -10 semitones
midi_editor	32060	40155		Step input: Insert note at current -09 semitones
midi_editor	32060	40156		Step input: Insert note at current -08 semitones
midi_editor	32060	40157		Step input: Insert note at current -07 semitones
midi_editor	32060	40158		Step input: Insert note at current -06 semitones
midi_editor	32060	40159		Step input: Insert note at current -05 semitones
midi_editor	32060	40160		Step input: Insert note at current -04 semitones
midi_editor	32060	40161		Step input: Insert note at current -03 semitones
midi_editor	32060	40162		Step input: Insert note at current -02 semitones
midi_editor	32060	40163		Step input: Insert note at current -01 semitones
midi_editor	32060	40164		Step input: Insert note at current note
midi_editor	32060	40165		Step input: Insert note at current +01 semitones
midi_editor	32060	40166		Step input: Insert note at current +02 semitones
midi_editor	32060	40167		Step input: Insert note at current +03 semitones
midi_editor	32060	40168		Step input: Insert note at current +04 semitones
midi_editor	32060	40169		Step input: Insert note at current +05 semitones
midi_editor	32060	40170		Step input: Insert note at current +06 semitones
midi_editor	32060	40171		Step input: Insert note at current +07 semitones
midi_editor	32060	40172		Step input: Insert note at current +08 semitones
midi_editor	32060	40173		Step input: Insert note at current +09 semitones
midi_editor	32060	40174		Step input: Insert note at current +10 semitones
midi_editor	32060	40175		Step input: Insert note at current +11 semitones
midi_editor	32060	40176		Step input: Insert note at current +12 semitones
midi_editor	32060	40177		Edit: Move notes up one semitone
midi_editor	32060	40178		Edit: Move notes down one semitone
midi_editor	32060	40179		Edit: Move notes up one octave
midi_editor	32060	40180		Edit: Move notes down one octave
midi_editor	32060	40181		Edit: Move notes left one pixel
midi_editor	32060	40182		Edit: Move notes right one pixel
midi_editor	32060	40183		Edit: Move notes left one grid unit
midi_editor	32060	40184		Edit: Move notes right one grid unit
midi_editor	32060	40185		Edit: Move edit cursor left one pixel
midi_editor	32060	40186		Edit: Move edit cursor right one pixel
midi_editor	32060	40187		Edit: Increase pitch cursor one octave
midi_editor	32060	40188		Edit: Decrease pitch cursor one octave
midi_editor	32060	40189		Grid: Set to 1/48 (1/32 note triplet)
midi_editor	32060	40190		Grid: Set to 1/32
midi_editor	32060	40191		Grid: Set to 1/24 (1/16 note triplet)
midi_editor	32060	40192		Grid: Set to 1/16
midi_editor	32060	40193		Grid: Set to 1/12 (1/8 note triplet)
midi_editor	32060	40195		Grid: Set to 1/10 (1/8 note quintuplet)
midi_editor	32060	40196		Grid: Set to 1/9
midi_editor	32060	40197		Grid: Set to 1/8
midi_editor	32060	40198		Grid: Set to 1/7 (1/4 note septuplet)
midi_editor	32060	40199		Grid: Set to 1/6 (1/4 note triplet)
midi_editor	32060	40200		Grid: Set to 1/5 (1/4 note quintuplet)
midi_editor	32060	40201		Grid: Set to 1/4
midi_editor	32060	40202		Grid: Set to 1/3 (1/2 note triplet)
midi_editor	32060	40203		Grid: Set to 1/2
midi_editor	32060	40204		Grid: Set to 1
midi_editor	32060	40205		Grid: Set to 2
midi_editor	32060	40206		Grid: Set to 3
midi_editor	32060	40207		Grid: Set to 4
midi_editor	32060	40210		Grid: Multiply grid size by 2
midi_editor	32060	40211		Grid: Multiply grid size by 3
midi_editor	32060	40212		Grid: Multiply grid size by 1/2
midi_editor	32060	40213		Grid: Multiply grid size by 1/3
midi_editor	32060	40214		Edit: Unselect all
midi_editor	32060	40215		Channel: Show only previous channel
midi_editor	32060	40216		Channel: Show only next channel
midi_editor	32060	40217		Channel: Show all channels
midi_editor	32060	40218		Channel: Show only channel 01
midi_editor	32060	40219		Channel: Show only channel 02
midi_editor	32060	40220		Channel: Show only channel 03
midi_editor	32060	40221		Channel: Show only channel 04
midi_editor	32060	40222		Channel: Show only channel 05
midi_editor	32060	40223		Channel: Show only channel 06
midi_editor	32060	40224		Channel: Show only channel 07
midi_editor	32060	40225		Channel: Show only channel 08
midi_editor	32060	40226		Channel: Show only channel 09
midi_editor	32060	40227		Channel: Show only channel 10
midi_editor	32060	40228		Channel: Show only channel 11
midi_editor	32060	40229		Channel: Show only channel 12
midi_editor	32060	40230		Channel: Show only channel 13
midi_editor	32060	40231		Channel: Show only channel 14
midi_editor	32060	40232		Channel: Show only channel 15
midi_editor	32060	40233		Channel: Show only channel 16
midi_editor	32060	40234		CC: Next CC lane
midi_editor	32060	40235		CC: Previous CC lane
midi_editor	32060	40237		CC: Set CC lane to Velocity
midi_editor	32060	40238		CC: Set CC lane to 000 Bank Select MSB
midi_editor	32060	40239		CC: Set CC lane to 001 Mod Wheel MSB
midi_editor	32060	40240		CC: Set CC lane to 002 Breath MSB
midi_editor	32060	40241		CC: Set CC lane to 003
midi_editor	32060	40242		CC: Set CC lane to 004 Foot Pedal MSB
midi_editor	32060	40243		CC: Set CC lane to 005 Portamento MSB
midi_editor	32060	40244		CC: Set CC lane to 006 Data Entry MSB
midi_editor	32060	40245		CC: Set CC lane to 007 Volume MSB
midi_editor	32060	40246		CC: Set CC lane to 008 Balance MSB
midi_editor	32060	40247		CC: Set CC lane to 009
midi_editor	32060	40248		CC: Set CC lane to 010 Pan Position MSB
midi_editor	32060	40249		CC: Set CC lane to 011 Expression MSB
midi_editor	32060	40250		CC: Set CC lane to 012 Control 1 MSB
midi_editor	32060	40251		CC: Set CC lane to 013 Control 2 MSB
midi_editor	32060	40252		CC: Set CC lane to 014
midi_editor	32060	40253		CC: Set CC lane to 015
midi_editor	32060	40254		CC: Set CC lane to 016 GP Slider 1
midi_editor	32060	40255		CC: Set CC lane to 017 GP Slider 2
midi_editor	32060	40256		CC: Set CC lane to 018 GP Slider 3
midi_editor	32060	40257		CC: Set CC lane to 019 GP Slider 4
midi_editor	32060	40258		CC: Set CC lane to 020
midi_editor	32060	40259		CC: Set CC lane to 021
midi_editor	32060	40260		CC: Set CC lane to 022
midi_editor	32060	40261		CC: Set CC lane to 023
midi_editor	32060	40262		CC: Set CC lane to 024
midi_editor	32060	40263		CC: Set CC lane to 025
midi_editor	32060	40264		CC: Set CC lane to 026
midi_editor	32060	40265		CC: Set CC lane to 027
midi_editor	32060	40266		CC: Set CC lane to 028
midi_editor	32060	40267		CC: Set CC lane to 029
midi_editor	32060	40268		CC: Set CC lane to 030
midi_editor	32060	40269		CC: Set CC lane to 031
midi_editor	32060	40270		CC: Set CC lane to 032 Bank Select LSB
midi_editor	32060	40271		CC: Set CC lane to 033 Mod Wheel LSB
midi_editor	32060	40272		CC: Set CC lane to 034 Breath LSB
midi_editor	32060	40273		CC: Set CC lane to 035
midi_editor	32060	40274		CC: Set CC lane to 036 Foot Pedal LSB
midi_editor	32060	40275		CC: Set CC lane to 037 Portamento LSB
midi_editor	32060	40276		CC: Set CC lane to 038 Data Entry LSB
midi_editor	32060	40277		CC: Set CC lane to 039 Volume LSB
midi_editor	32060	40278		CC: Set CC lane to 040 Balance LSB
midi_editor	32060	40279		CC: Set CC lane to 041
midi_editor	32060	40280		CC: Set CC lane to 042 Pan Position LSB
midi_editor	32060	40281		CC: Set CC lane to 043 Expression LSB
midi_editor	32060	40282		CC: Set CC lane to 044 Control 1 LSB
midi_editor	32060	40283		CC: Set CC lane to 045 Control 2 LSB
midi_editor	32060	40284		CC: Set CC lane to 046
midi_editor	32060	40285		CC: Set CC lane to 047
midi_editor	32060	40286		CC: Set CC lane to 048
midi_editor	32060	40287		CC: Set CC lane to 049
midi_editor	32060	40288		CC: Set CC lane to 050
midi_editor	32060	40289		CC: Set CC lane to 051
midi_editor	32060	40290		CC: Set CC lane to 052
midi_editor	32060	40291		CC: Set CC lane to 053
midi_editor	32060	40292		CC: Set CC lane to 054
midi_editor	32060	40293		CC: Set CC lane to 055
midi_editor	32060	40294		CC: Set CC lane to 056
midi_editor	32060	40295		CC: Set CC lane to 057
midi_editor	32060	40296		CC: Set CC lane to 058
midi_editor	32060	40297		CC: Set CC lane to 059
midi_editor	32060	40298		CC: Set CC lane to 060
midi_editor	32060	40299		CC: Set CC lane to 061
midi_editor	32060	40300		CC: Set CC lane to 062
midi_editor	32060	40301		CC: Set CC lane to 063
midi_editor	32060	40302		CC: Set CC lane to 064 Hold Pedal (on/off)
midi_editor	32060	40303		CC: Set CC lane to 065 Portamento (on/off)
midi_editor	32060	40304		CC: Set CC lane to 066 Sostenuto (on/off)
midi_editor	32060	40305		CC: Set CC lane to 067 Soft Pedal (on/off)
midi_editor	32060	40306		CC: Set CC lane to 068 Legato Pedal (on/off)
midi_editor	32060	40307		CC: Set CC lane to 069 Hold 2 Pedal (on/off)
midi_editor	32060	40308		CC: Set CC lane to 070 Sound Variation
midi_editor	32060	40309		CC: Set CC lane to 071 Timbre/Resonance
midi_editor	32060	40310		CC: Set CC lane to 072 Sound Release
midi_editor	32060	40311		CC: Set CC lane to 073 Sound Attack
midi_editor	32060	40312		CC: Set CC lane to 074 Brightness/Cutoff Freq
midi_editor	32060	40313		CC: Set CC lane to 075 Sound Control 6
midi_editor	32060	40315		CC: Set CC lane to 077 Sound Control 8
midi_editor	32060	40316		CC: Set CC lane to 078 Sound Control 9
midi_editor	32060	40317		CC: Set CC lane to 079 Sound Control 10
midi_editor	32060	40318		CC: Set CC lane to 080 GP Button 1 (on/off)
midi_editor	32060	40319		CC: Set CC lane to 081 GP Button 2 (on/off)
midi_editor	32060	40320		CC: Set CC lane to 082 GP Button 3 (on/off)
midi_editor	32060	40321		CC: Set CC lane to 083 GP Button 4 (on/off)
midi_editor	32060	40322		CC: Set CC lane to 084
midi_editor	32060	40323		CC: Set CC lane to 085
midi_editor	32060	40324		CC: Set CC lane to 086
midi_editor	32060	40325		CC: Set CC lane to 087
midi_editor	32060	40326		CC: Set CC lane to 088
midi_editor	32060	40327		CC: Set CC lane to 089
midi_editor	32060	40328		CC: Set CC lane to 090
midi_editor	32060	40329		CC: Set CC lane to 091 Effects Level
midi_editor	32060	40330		CC: Set CC lane to 092 Tremolo Level
midi_editor	32060	40331		CC: Set CC lane to 093 Chorus Level
midi_editor	32060	40332		CC: Set CC lane to 094 Celeste Level
midi_editor	32060	40333		CC: Set CC lane to 095 Phaser Level
midi_editor	32060	40334		CC: Set CC lane to 096 Data Button Inc
midi_editor	32060	40335		CC: Set CC lane to 097 Data Button Dec
midi_editor	32060	40336		CC: Set CC lane to 098 Non-Reg Parm LSB
midi_editor	32060	40337		CC: Set CC lane to 099 Non-Reg Parm MSB
midi_editor	32060	40338		CC: Set CC lane to 100 Reg Parm LSB
midi_editor	32060	40339		CC: Set CC lane to 101 Reg Parm MSB
midi_editor	32060	40340		CC: Set CC lane to 102
midi_editor	32060	40341		CC: Set CC lane to 103
midi_editor	32060	40342		CC: Set CC lane to 104
midi_editor	32060	40343		CC: Set CC lane to 105
midi_editor	32060	40344		CC: Set CC lane to 106
midi_editor	32060	40345		CC: Set CC lane to 107
midi_editor	32060	40346		CC: Set CC lane to 108
midi_editor	32060	40347		CC: Set CC lane to 109
midi_editor	32060	40348		CC: Set CC lane to 110
midi_editor	32060	40349		CC: Set CC lane to 111
midi_editor	32060	40350		CC: Set CC lane to 112
midi_editor	32060	40351		CC: Set CC lane to 113
midi_editor	32060	40352		CC: Set CC lane to 114
midi_editor	32060	40353		CC: Set CC lane to 115
midi_editor	32060	40354		CC: Set CC lane to 116
midi_editor	32060	40355		CC: Set CC lane to 117
midi_editor	32060	40356		CC: Set CC lane to 118
midi_editor	32060	40357		CC: Set CC lane to 119
midi_editor	32060	40358		CC: Set CC lane to Poly Aftertouch
midi_editor	32060	40366		CC: Set CC lane to Pitch
midi_editor	32060	40367		CC: Set CC lane to Program
midi_editor	32060	40368		CC: Set CC lane to Channel Pressure
midi_editor	32060	40369		CC: Set CC lane to Bank/Program Select
midi_editor	32060	40370		CC: Set CC lane to Text Events
midi_editor	32060	40371		CC: Set CC lane to Sysex
midi_editor	32060	40401		Misc: Pass through key to main window
midi_editor	32060	40402		Unquantize
midi_editor	32060	40403		Freeze quantization
midi_editor	32060	40404		Remove selected duplicate notes
midi_editor	32060	40405		Set note ends to start of next note (legato)
midi_editor	32060	40406		Quantize notes using last quantize dialog settings
midi_editor	32060	40407		View: Cycle events view rectangles/triangles/diamonds
midi_editor	32060	40409		Load note/CC names from file...
midi_editor	32060	40410		Save note/CC names to file...
midi_editor	32060	40411		Rename last clicked note...
midi_editor	32060	40412		Clear all note/CC names
midi_editor	32060	40413		Navigate: Select next note
midi_editor	32060	40414		Navigate: Select previous note
midi_editor	32060	40415		Remove selected duplicate events
midi_editor	32060	40416		Rename last clicked CC lane...
midi_editor	32060	40420		Show action list
midi_editor	32060	40421		Add previous note to selection
midi_editor	32060	40422		Add next note to selection
midi_editor	32060	40425		Select note nearest to the edit cursor
midi_editor	32060	40426		Add note nearest to the edit cursor to selection
midi_editor	32060	40427		Navigate: Select previous note with the same pitch
midi_editor	32060	40428		Navigate: Select next note with the same pitch
midi_editor	32060	40429		Edit: Paste preserving position in measure
midi_editor	32060	40430		View: Zoom vertically (MIDI relative/mousewheel)
midi_editor	32060	40431		View: Zoom horizontally (MIDI relative/mousewheel)
midi_editor	32060	40432		View: Scroll vertically (MIDI relative/mousewheel)
midi_editor	32060	40433		View: Scroll horizontally (MIDI relative/mousewheel)
midi_editor	32060	40434		Select all notes with the same pitch
midi_editor	32060	40435		Send all notes off to all MIDI outputs/plug-ins
midi_editor	32060	40436		Loop points: Set start point
midi_editor	32060	40437		Loop points: Set end point
midi_editor	32060	40438		Move cursor to start of loop
midi_editor	32060	40439		Move cursor to end of loop
midi_editor	32060	40440		Navigate: Move edit cursor to start of selected events
midi_editor	32060	40441		Loop: Halve loop length
midi_editor	32060	40442		Loop: Double loop length
midi_editor	32060	40443		View: Move edit cursor to mouse cursor
midi_editor	32060	40444		Edit: Lengthen notes one pixel
midi_editor	32060	40445		Edit: Shorten notes one pixel
midi_editor	32060	40446		Edit: Lengthen notes one grid unit
midi_editor	32060	40447		Edit: Shorten notes one grid unit
midi_editor	32060	40448		View: Show events as triangles (drum mode)
midi_editor	32060	40449		View: Show events as rectangles (normal mode)
midi_editor	32060	40450		View: Show events as diamonds (drum mode)
midi_editor	32060	40451		Navigate: Move edit cursor to start of next measure
midi_editor	32060	40452		View: Show all note rows
midi_editor	32060	40453		View: Hide unused note rows
midi_editor	32060	40454		View: Hide unused and unnamed note rows
midi_editor	32060	40455		Rename MIDI take...
midi_editor	32060	40456		Edit: Join notes
midi_editor	32060	40457		Humanize notes...
midi_editor	32060	40458		Insert text event...
midi_editor	32060	40459		Timebase: Beats (project)
midi_editor	32060	40460		Timebase: Time (project)
midi_editor	32060	40461		Timebase: Sync to arrange view
midi_editor	32060	40462		Edit: Note velocity +01
midi_editor	32060	40463		Edit: Note velocity +10
midi_editor	32060	40464		Edit: Note velocity -01
midi_editor	32060	40465		Edit: Note velocity -10
midi_editor	32060	40466		View: Zoom to content
midi_editor	32060	40467		Time selection: Remove time selection and loop points
midi_editor	32060	40468		View: Zoom to one loop iteration
midi_editor	32060	40469		Quantize notes position to grid
midi_editor	32060	40470		Timebase: Beats (source)
midi_editor	32060	40471		Filter: Enable/disable event filter and show/hide filter window...
midi_editor	32060	40472		Options: CC selection follows note selection
midi_editor	32060	40473		Insert or edit text (lyric) event at first selected note
midi_editor	32060	40474		Align lyric events with notes
midi_editor	32060	40475		Shift lyric events forward one note
midi_editor	32060	40476		Shift lyric events backward one note
midi_editor	32060	40477		Misc: Close window if not docked, otherwise pass to main window
midi_editor	32060	40478		Double length of MIDI (repeating contents)
midi_editor	32060	40479		Options: Drawing or selecting a note sets the new note length
midi_editor	32060	40480		Insert sysex event...
midi_editor	32060	40481		Options: MIDI inputs as step input mode
midi_editor	32060	40482		Set channel for new events to 01
midi_editor	32060	40483		Set channel for new events to 02
midi_editor	32060	40484		Set channel for new events to 03
midi_editor	32060	40485		Set channel for new events to 04
midi_editor	32060	40486		Set channel for new events to 05
midi_editor	32060	40487		Set channel for new events to 06
midi_editor	32060	40488		Set channel for new events to 07
midi_editor	32060	40489		Set channel for new events to 08
midi_editor	32060	40490		Set channel for new events to 09
midi_editor	32060	40491		Set channel for new events to 10
midi_editor	32060	40492		Set channel for new events to 11
midi_editor	32060	40493		Set channel for new events to 12
midi_editor	32060	40494		Set channel for new events to 13
midi_editor	32060	40495		Set channel for new events to 14
midi_editor	32060	40496		Set channel for new events to 15
midi_editor	32060	40497		Set channel for new events to 16
midi_editor	32060	40498		View: Load note color map from file
midi_editor	32060	40499		View: Clear note color map (use default)
midi_editor	32060	40500		Activate next visible MIDI item
midi_editor	32060	40501		Invert selection
midi_editor	32060	40502		View: Move edit cursor to play cursor
midi_editor	32060	40503		Import lyrics for selected notes from file
midi_editor	32060	40504		Filter: Enable/disable event filter
midi_editor	32060	40632		View: Show velocity numbers on notes
midi_editor	32060	40633		Edit: Set note lengths to grid size
midi_editor	32060	40634		Select next lyric event
midi_editor	32060	40635		Select previous lyric event
midi_editor	32060	40636		Activate previous visible MIDI item
midi_editor	32060	40637		Options: Snap note ends to grid (when snap is enabled)
midi_editor	32060	40639		Navigate: Move edit cursor to end of selected events
midi_editor	32060	40640		Timebase: Toggle sync to arrange view
midi_editor	32060	40641		Split notes on grid
midi_editor	32060	40642		Customize MIDI editor toolbar
midi_editor	32060	40643		Channel: Toggle channel 01
midi_editor	32060	40644		Channel: Toggle channel 02
midi_editor	32060	40645		Channel: Toggle channel 03
midi_editor	32060	40646		Channel: Toggle channel 04
midi_editor	32060	40647		Channel: Toggle channel 05
midi_editor	32060	40648		Channel: Toggle channel 06
midi_editor	32060	40649		Channel: Toggle channel 07
midi_editor	32060	40650		Channel: Toggle channel 08
midi_editor	32060	40651		Channel: Toggle channel 09
midi_editor	32060	40652		Channel: Toggle channel 10
midi_editor	32060	40653		Channel: Toggle channel 11
midi_editor	32060	40654		Channel: Toggle channel 12
midi_editor	32060	40655		Channel: Toggle channel 13
midi_editor	32060	40656		Channel: Toggle channel 14
midi_editor	32060	40657		Channel: Toggle channel 15
midi_editor	32060	40658		Channel: Toggle channel 16
midi_editor	32060	40659		Correct overlapping notes
midi_editor	32060	40660		View: Scroll horizontally reversed (MIDI relative/mousewheel)
midi_editor	32060	40661		View: Scroll vertically reversed (MIDI relative/mousewheel)
midi_editor	32060	40662		View: Zoom horizontally reversed (MIDI relative/mousewheel)
midi_editor	32060	40663		View: Zoom vertically reversed (MIDI relative/mousewheel)
midi_editor	32060	40664		Edit: Toggle selection of all CC events under selected notes
midi_editor	32060	40666		Show raw MIDI data
midi_editor	32060	40667		Edit: Delete events
midi_editor	32060	40668		Select all CC events in last clicked lane
midi_editor	32060	40669		Unselect all CC events in last clicked lane
midi_editor	32060	40670		Select all CC events
midi_editor	32060	40671		Unselect all CC events
midi_editor	32060	40672		Edit: Move CC events left 1 pixel
midi_editor	32060	40673		Edit: Move CC events right 1 pixel
midi_editor	32060	40674		Edit: Move CC events left by grid
midi_editor	32060	40675		Edit: Move CC events right by grid
midi_editor	32060	40676		Edit: Increase value a little bit for CC events
midi_editor	32060	40677		Edit: Decrease value a little bit for CC events
midi_editor	32060	40678		Reset all MIDI devices
midi_editor	32060	40679		Toggle locking MIDI to project tempo at media item start time
midi_editor	32060	40680		Edit: Set or insert CC event at mouse cursor
midi_editor	32060	40681		Options: Correct overlapping notes while editing
midi_editor	32060	40682		Navigate: Move edit cursor right one measure
midi_editor	32060	40683		Navigate: Move edit cursor left one measure
midi_editor	32060	40684		Navigate: Move edit cursor to start of measure
midi_editor	32060	40685		Insert note: 1/128
midi_editor	32060	40686		Insert note: 1/128.
midi_editor	32060	40687		Insert note: 1/64
midi_editor	32060	40688		Insert note: 1/64.
midi_editor	32060	40689		Insert note: 1/32T
midi_editor	32060	40690		Insert note: 1/32
midi_editor	32060	40691		Insert note: 1/32.
midi_editor	32060	40692		Insert note: 1/16T
midi_editor	32060	40693		Insert note: 1/16
midi_editor	32060	40694		Insert note: 1/16.
midi_editor	32060	40695		Insert note: 1/8T
midi_editor	32060	40696		Insert note: 1/8
midi_editor	32060	40697		Insert note: 1/8.
midi_editor	32060	40698		Insert note: 1/4T
midi_editor	32060	40699		Insert note: 1/4
midi_editor	32060	40700		Insert note: 1/4.
midi_editor	32060	40701		Insert note: 1/2T
midi_editor	32060	40702		Insert note: 1/2
midi_editor	32060	40703		Insert note: 1/2.
midi_editor	32060	40704		Insert note: 1
midi_editor	32060	40705		Cursor: Advance 1/128
midi_editor	32060	40706		Cursor: Advance 1/128.
midi_editor	32060	40707		Cursor: Advance 1/64
midi_editor	32060	40708		Cursor: Advance 1/64.
midi_editor	32060	40709		Cursor: Advance 1/32T
midi_editor	32060	40710		Cursor: Advance 1/32
midi_editor	32060	40711		Cursor: Advance 1/32.
midi_editor	32060	40712		Cursor: Advance 1/16T
midi_editor	32060	40713		Cursor: Advance 1/16
midi_editor	32060	40714		Cursor: Advance 1/16.
midi_editor	32060	40715		Cursor: Advance 1/8T
midi_editor	32060	40716		Cursor: Advance 1/8
midi_editor	32060	40717		Cursor: Advance 1/8.
midi_editor	32060	40718		Cursor: Advance 1/4T
midi_editor	32060	40719		Cursor: Advance 1/4
midi_editor	32060	40720		Cursor: Advance 1/4.
midi_editor	32060	40721		Cursor: Advance 1/2T
midi_editor	32060	40722		Cursor: Advance 1/2
midi_editor	32060	40723		Cursor: Advance 1/2.
midi_editor	32060	40724		Cursor: Advance 1
midi_editor	32060	40725		View: Zoom to selected notes/CC
midi_editor	32060	40726		View: Zoom to project loop selection
midi_editor	32060	40727		Quantize events using last quantize dialog settings
midi_editor	32060	40728		Quantize events to grid
midi_editor	32060	40729		Quantize notes position and end to grid
midi_editor	32060	40731		Edit: Copy events within time selection
midi_editor	32060	40732		Edit: Cut events within time selection
midi_editor	32060	40733		Edit: Copy events within time selection, if any (smart copy)
midi_editor	32060	40734		Edit: Cut events within time selection, if any (smart cut)
midi_editor	32060	40736		Time format: Measures.Beats.100ths
midi_editor	32060	40737		Time format: Measures.Beats.PPQ
midi_editor	32060	40738		Color notes by velocity
midi_editor	32060	40739		Color notes/CC by channel
midi_editor	32060	40740		Color notes by pitch
midi_editor	32060	40741		Color notes/CC by source, using colormap
midi_editor	32060	40744		Loop points: Remove loop points
midi_editor	32060	40745		Time selection: Remove time selection
midi_editor	32060	40746		Edit: Select all notes in time selection
midi_editor	32060	40747		Edit: Select all CC events in time selection (in last clicked CC lane)
midi_editor	32060	40748		Options: Always snap notes to the left (when snap is enabled)
midi_editor	32060	40750		View: Toggle auto-view-scroll on playback
midi_editor	32060	40751		Edit: Select all CC events in time selection (even if CC lane is hidden)
midi_editor	32060	40752		Edit: Set time selection to selected notes
midi_editor	32060	40753		Edit: Set loop points to selected notes
midi_editor	32060	40754		Edit: Fit notes to time selection
midi_editor	32060	40755		Set note position to edit cursor
midi_editor	32060	40756		Select previous key signature
midi_editor	32060	40757		Select next key signature
midi_editor	32060	40759		Transpose notes...
midi_editor	32060	40760		Time format: Ruler in Measures.Beats only
midi_editor	32060	40761		Time format: Ruler also displays project H:M:S[:F]
midi_editor	32060	40762		Filter: Show/hide filter window...
midi_editor	32060	40763		Select previous key signature root
midi_editor	32060	40764		Select next key signature root
midi_editor	32060	40765		Edit: Make notes legato, preserving note start times
midi_editor	32060	40766		Edit: Make notes legato, preserving relative note spacing
midi_editor	32060	40767		Force selected notes into key signature
midi_editor	32060	40768		Color notes/CC by track custom color
midi_editor	32060	40769		Color notes/CC by media item custom color
midi_editor	32060	40771		Edit: Set event channel higher
midi_editor	32060	40772		Edit: Set event channel lower
midi_editor	32060	40773		Edit: Set note length to double
midi_editor	32060	40774		Edit: Set note length to half
midi_editor	32060	40775		Edit: Set channel higher for new events
midi_editor	32060	40776		Edit: Set channel lower for new events
midi_editor	32060	40777		Toolbar: Open MIDI toolbar 1
midi_editor	32060	40778		Toolbar: Open MIDI toolbar 2
midi_editor	32060	40779		Toolbar: Open MIDI toolbar 3
midi_editor	32060	40780		Toolbar: Open MIDI toolbar 4
midi_editor	32060	40781		Toolbar: Open MIDI toolbar 1 at mouse cursor
midi_editor	32060	40782		Toolbar: Open MIDI toolbar 2 at mouse cursor
midi_editor	32060	40783		Toolbar: Open MIDI toolbar 3 at mouse cursor
midi_editor	32060	40784		Toolbar: Open MIDI toolbar 4 at mouse cursor
midi_editor	32060	40785		Toolbar: Switch to MIDI toolbar 1
midi_editor	32060	40786		Toolbar: Switch to MIDI toolbar 2
midi_editor	32060	40787		Toolbar: Switch to MIDI toolbar 3
midi_editor	32060	40788		Toolbar: Switch to MIDI toolbar 4
midi_editor	32060	40789		Toolbar: Switch to MIDI piano roll toolbar
midi_editor	32060	40790		Edit: Trim left edge of note to edit cursor
midi_editor	32060	40791		Edit: Trim right edge of note to edit cursor
midi_editor	32060	40792		Edit: Move left edge of note to edit cursor
midi_editor	32060	40793		Edit: Move right edge of note to edit cursor
midi_editor	32060	40794		View: Toggle show MIDI editor windows
midi_editor	32060	40796		Contents: Display editor contents menu at mouse position
midi_editor	32060	40797		Contents: Activate previous MIDI media item on this track, clearing the editor first
midi_editor	32060	40798		Contents: Activate next MIDI media item on this track, clearing the editor first
midi_editor	32060	40799		Contents: Display all MIDI media items on this track
midi_editor	32060	40800		Contents: Activate previous MIDI media item on this track, preserving existing editor contents
midi_editor	32060	40801		Contents: Activate next MIDI media item on this track, preserving existing editor contents
midi_editor	32060	40802		Edit: Select all CC events in time selection (in all visible CC lanes)
midi_editor	32060	40803		Edit: Select all muted notes
midi_editor	32060	40804		Edit: Delete trailing notes of less than 1/8 note in length
midi_editor	32060	40805		Edit: Delete trailing notes of less than 1/16 note in length
midi_editor	32060	40806		Edit: Delete trailing notes of less than 1/32 note in length
midi_editor	32060	40807		Edit: Delete trailing notes of less than 1/64 note in length
midi_editor	32060	40808		Edit: Delete trailing notes of less than 1/128 note in length
midi_editor	32060	40809		Edit: Delete trailing notes of less than 1/256 note in length
midi_editor	32060	40810		Edit: Delete all notes of less than 1/8 note in length
midi_editor	32060	40811		Edit: Delete all notes of less than 1/16 note in length
midi_editor	32060	40812		Edit: Delete all notes of less than 1/32 note in length
midi_editor	32060	40813		Edit: Delete all notes of less than 1/64 note in length
midi_editor	32060	40814		Edit: Delete all notes of less than 1/128 note in length
midi_editor	32060	40815		Edit: Delete all notes of less than 1/256 note in length
midi_editor	32060	40816		Options: Display 14-bit MSB/LSB CC data as a single entry in event list view and event properties dialog
midi_editor	32060	40817		Options: Enable extending parent media item when editing MIDI notes (if parent item is exactly the length of the MIDI content)
midi_editor	32060	40818		Contents: Show/hide track list
midi_editor	32060	40819		Contents: Show/hide media item lane
midi_editor	32060	40820		Options: Choose which tracks appear in track list
midi_editor	32060	40826		Options: Active MIDI item follows media item selection changes in arrange view
midi_editor	32060	40829		View: Toggle relative snap to grid
midi_editor	32060	40830		Options: Preview on velocity change (when preview is enabled)
midi_editor	32060	40831		Options: Preview on keyboard action (when preview is enabled)
midi_editor	32060	40832		Options: Preview all selected notes that overlap with the edited note (when preview is enabled)
midi_editor	32060	40833		Activate next MIDI item
midi_editor	32060	40834		Activate previous MIDI item
midi_editor	32060	40835		Activate next MIDI track
midi_editor	32060	40836		Activate previous MIDI track
midi_editor	32060	40838		Options: Double-click extends the bounds of the nearest media item
midi_editor	32060	40840		CC: Set CC lane to 00/32 Bank Select 14-bit
midi_editor	32060	40841		CC: Set CC lane to 01/33 Mod Wheel 14-bit
midi_editor	32060	40842		CC: Set CC lane to 02/34 Breath 14-bit
midi_editor	32060	40843		CC: Set CC lane to 03/35 14-bit
midi_editor	32060	40844		CC: Set CC lane to 04/36 Foot Pedal 14-bit
midi_editor	32060	40845		CC: Set CC lane to 05/37 Portamento 14-bit
midi_editor	32060	40846		CC: Set CC lane to 06/38 Data Entry 14-bit
midi_editor	32060	40847		CC: Set CC lane to 07/39 Volume 14-bit
midi_editor	32060	40848		CC: Set CC lane to 08/40 Balance 14-bit
midi_editor	32060	40849		CC: Set CC lane to 09/41 14-bit
midi_editor	32060	40850		CC: Set CC lane to 10/42 Pan Position 14-bit
midi_editor	32060	40851		CC: Set CC lane to 11/43 Expression 14-bit
midi_editor	32060	40852		CC: Set CC lane to 12/44 Control 1 14-bit
midi_editor	32060	40853		CC: Set CC lane to 13/45 Control 2 14-bit
midi_editor	32060	40854		CC: Set CC lane to 14/46 14-bit
midi_editor	32060	40855		CC: Set CC lane to 15/47 14-bit
midi_editor	32060	40856		CC: Set CC lane to 16/48 GP Slider 1 14-bit
midi_editor	32060	40857		CC: Set CC lane to 17/49 GP Slider 2 14-bit
midi_editor	32060	40858		CC: Set CC lane to 18/50 GP Slider 3 14-bit
midi_editor	32060	40859		CC: Set CC lane to 19/51 GP Slider 4 14-bit
midi_editor	32060	40860		CC: Set CC lane to 20/52 14-bit
midi_editor	32060	40861		CC: Set CC lane to 21/53 14-bit
midi_editor	32060	40862		CC: Set CC lane to 22/54 14-bit
midi_editor	32060	40863		CC: Set CC lane to 23/55 14-bit
midi_editor	32060	40864		CC: Set CC lane to 24/56 14-bit
midi_editor	32060	40865		CC: Set CC lane to 25/57 14-bit
midi_editor	32060	40866		CC: Set CC lane to 26/58 14-bit
midi_editor	32060	40867		CC: Set CC lane to 27/59 14-bit
midi_editor	32060	40868		CC: Set CC lane to 28/60 14-bit
midi_editor	32060	40869		CC: Set CC lane to 29/61 14-bit
midi_editor	32060	40870		CC: Set CC lane to 30/62 14-bit
midi_editor	32060	40871		CC: Set CC lane to 31/63 14-bit
midi_editor	32060	40872		Navigate: Move edit cursor to start of selected events in active MIDI media item
midi_editor	32060	40873		Navigate: Move edit cursor to end of selected events in active MIDI media item
midi_editor	32060	40874		Options: Draw and edit CC events on all tracks
midi_editor	32060	40875		Edit: Select all events in time selection (even if CC lane is hidden)
midi_editor	32060	40876		Edit: Select all events in time selection (in all visible CC lanes)
midi_editor	32060	40877		Edit: Select all notes starting in time selection
midi_editor	32060	40878		Options: Edit CC events on all tracks
midi_editor	32060	40879		Options: Show tooltips in MIDI track list
midi_editor	32060	40880		Move cursor to start of time selection
midi_editor	32060	40881		Move cursor to end of time selection
midi_editor	32060	40882		Edit: Duplicate events
midi_editor	32060	40883		Edit: Duplicate events within time selection
midi_editor	32060	40884		Edit: Duplicate events one octave higher
midi_editor	32060	40885		Edit: Duplicate events one octave lower
midi_editor	32060	40886		Edit: Duplicate events within time selection, if any (smart duplicate)
midi_editor	32060	40887		Edit: Duplicate events within time selection (do not trim notes)
midi_editor	32060	40888		Edit: Duplicate events within time selection, if any (smart duplicate) (do not trim notes)
midi_editor	32060	40889		Edit: Paste events into the active MIDI media item regardless of source MIDI media item
midi_editor	32060	40890		Edit: Paste events preserving position in measure, into the active MIDI media item regardless of source MIDI media item
midi_editor	32060	40891		Options: MIDI track list selection is linked to editability
midi_editor	32060	40892		Options: MIDI track list selection is linked to visibility
midi_editor	32060	40893		Options: Close MIDI editor when the active media item is deleted in the arrange view
midi_editor	32060	40901		Options: Avoid setting MIDI items on other tracks editable
midi_editor	32060	40902		Edit: Reverse selected events
midi_editor	32060	40903		Options: Avoid setting MIDI items on non-playing track lanes visible
midi_editor	32060	40904		Edit: Reverse selected events within time selection
midi_editor	32060	40905		Edit: Invert (reverse vertically) all notes
midi_editor	32060	40906		Edit: Invert (reverse vertically) selected notes
midi_editor	32060	40907		Edit: Invert (reverse vertically) all note intervals
midi_editor	32060	40908		Edit: Invert (reverse vertically) selected note intervals
midi_editor	32060	40909		Edit: Invert voicing upwards for selected notes
midi_editor	32060	40910		Edit: Invert voicing downwards for selected notes
midi_editor	32060	40911		Edit: Invert voicing upwards for each selected chord
midi_editor	32060	40912		Edit: Invert voicing downwards for each selected chord
midi_editor	32060	40913		Filter: Toggle filter solo
midi_editor	32060	40914		Filter: Invert filter
midi_editor	32060	40915		Show menu of MIDI note/CC name files at mouse cursor
midi_editor	32060	40950		Insert bank/program select event...
midi_editor	32060	40951		Show project markers
midi_editor	32060	40952		Show project regions
midi_editor	32060	40953		Show tempo/time signature markers
midi_editor	32060	40954		Mode: Notation
midi_editor	32060	40955		Options: Note name actions apply to the active channel only
midi_editor	32060	40956		Options: Display note names and velocity only on the active media item
midi_editor	32060	40957		Notation: Position dynamics below the staff by default
midi_editor	32060	40990		CC: Set CC lane to 076 Sound Control 7
midi_editor	32060	40991		Toolbar: Open MIDI toolbar 5
midi_editor	32060	40992		Toolbar: Open MIDI toolbar 6
midi_editor	32060	40993		Toolbar: Open MIDI toolbar 7
midi_editor	32060	40994		Toolbar: Open MIDI toolbar 8
midi_editor	32060	40995		Toolbar: Open MIDI toolbar 5 at mouse cursor
midi_editor	32060	40996		Toolbar: Open MIDI toolbar 6 at mouse cursor
midi_editor	32060	40997		Toolbar: Open MIDI toolbar 7 at mouse cursor
midi_editor	32060	40998		Toolbar: Open MIDI toolbar 8 at mouse cursor
midi_editor	32060	40999		Toolbar: Switch to MIDI toolbar 5
midi_editor	32060	41000		Toolbar: Switch to MIDI toolbar 6
midi_editor	32060	41001		Toolbar: Switch to MIDI toolbar 7
midi_editor	32060	41002		Toolbar: Switch to MIDI toolbar 8
midi_editor	32060	41003		Grid: Set grid type to straight
midi_editor	32060	41004		Grid: Set grid type to triplet
midi_editor	32060	41005		Grid: Set grid type to dotted
midi_editor	32060	41006		Grid: Set grid type to swing
midi_editor	32060	41007		Grid: Adjust swing strength (MIDI CC/mousewheel)
midi_editor	32060	41008		Grid: Set to 1/128 preserving grid type
midi_editor	32060	41009		Grid: Set to 1/64 preserving grid type
midi_editor	32060	41010		Grid: Set to 1/32 preserving grid type
midi_editor	32060	41011		Grid: Set to 1/16 preserving grid type
midi_editor	32060	41012		Grid: Set to 1/8 preserving grid type
midi_editor	32060	41013		Grid: Set to 1/4 preserving grid type
midi_editor	32060	41014		Grid: Set to 1/2 preserving grid type
midi_editor	32060	41015		Grid: Set to 1 preserving grid type
midi_editor	32060	41016		Grid: Set to 2 preserving grid type
midi_editor	32060	41017		Grid: Set to 4 preserving grid type
midi_editor	32060	41018		Grid: Set to 1/18
midi_editor	32060	41019		Grid: Set to 1/128
midi_editor	32060	41020		Grid: Set to 1/64
midi_editor	32060	41021		Grid: Set to 2/3 (whole note triplet)
midi_editor	32060	41022		Grid: Use the same grid division in arrange view and MIDI editor
midi_editor	32060	41023		Notation: Display all media item edges
midi_editor	32060	41024		Notation: Display media item loop marks
midi_editor	32060	41025		Options: Soft-snap notes to other notes
midi_editor	32060	41026		Edit: Move notes up one semitone ignoring scale/key
midi_editor	32060	41027		Edit: Move notes down one semitone ignoring scale/key
midi_editor	32060	41028		Notation: Set display quantization to 1/64
midi_editor	32060	41029		Notation: Set display quantization to 1/32
midi_editor	32060	41030		Notation: Set display quantization to 1/16 (default)
midi_editor	32060	41031		Notation: Set display quantization to 1/8
midi_editor	32060	41032		Notation: Display accidentals as sharps in C major
midi_editor	32060	41033		Notation: Display accidentals as flats in C major
midi_editor	32060	41034		Notation: Notate as default
midi_editor	32060	41035		Notation: Notate as natural
midi_editor	32060	41036		Notation: Add grace note ornament
midi_editor	32060	41037		Notation: Remove tuplet
midi_editor	32060	41038		Notation: Create/edit tuplet...
midi_editor	32060	41039		Notation: Default beaming for selected notes
midi_editor	32060	41040		Notation: Do not beam selected notes
midi_editor	32060	41041		Notation: Note stem direction up
midi_editor	32060	41042		Notation: Note stem direction down
midi_editor	32060	41043		Notation: Insert pppp dynamic
midi_editor	32060	41044		Notation: Insert ffff dynamic
midi_editor	32060	41045		Notation: Beam selected notes together
midi_editor	32060	41046		Notation: Make phrase/slur
midi_editor	32060	41047		Notation: Remove phrase/slur
midi_editor	32060	41048		Notation: Select all notes in phrase/slur
midi_editor	32060	41049		Notation: Set staff to first of pair
midi_editor	32060	41050		Notation: Set staff to second of pair
midi_editor	32060	41051		Notation: Delete note articulation
midi_editor	32060	41052		Notation: Add accent articulation
midi_editor	32060	41053		Notation: Add staccato articulation
midi_editor	32060	41054		Notation: Add tenuto articulation
midi_editor	32060	41055		Notation: Add staccatissimo articulation
midi_editor	32060	41056		Notation: Add marcato articulation
midi_editor	32060	41057		Notation: Add fermata articulation
midi_editor	32060	41058		Notation: Set staff to default
midi_editor	32060	41059		Notation: Bracket tracks by folder
midi_editor	32060	41060		Notation: Display project tempo changes
midi_editor	32060	41061		Notation: Default note stem direction
midi_editor	32060	41062		Set length for next inserted note: 1/128
midi_editor	32060	41063		Set length for next inserted note: 1/128.
midi_editor	32060	41064		Set length for next inserted note: 1/64
midi_editor	32060	41065		Set length for next inserted note: 1/64.
midi_editor	32060	41066		Set length for next inserted note: 1/32T
midi_editor	32060	41067		Set length for next inserted note: 1/32
midi_editor	32060	41068		Set length for next inserted note: 1/32.
midi_editor	32060	41069		Set length for next inserted note: 1/16T
midi_editor	32060	41070		Set length for next inserted note: 1/16
midi_editor	32060	41071		Set length for next inserted note: 1/16.
midi_editor	32060	41072		Set length for next inserted note: 1/8T
midi_editor	32060	41073		Set length for next inserted note: 1/8
midi_editor	32060	41074		Set length for next inserted note: 1/8.
midi_editor	32060	41075		Set length for next inserted note: 1/4T
midi_editor	32060	41076		Set length for next inserted note: 1/4
midi_editor	32060	41077		Set length for next inserted note: 1/4.
midi_editor	32060	41078		Set length for next inserted note: 1/2T
midi_editor	32060	41079		Set length for next inserted note: 1/2
midi_editor	32060	41080		Set length for next inserted note: 1/2.
midi_editor	32060	41081		Set length for next inserted note: 1
midi_editor	32060	41082		Edit: Insert note at nearest C
midi_editor	32060	41083		Edit: Insert note at nearest C#/Db
midi_editor	32060	41084		Edit: Insert note at nearest D
midi_editor	32060	41085		Edit: Insert note at nearest D#/Eb
midi_editor	32060	41086		Edit: Insert note at nearest E
midi_editor	32060	41087		Edit: Insert note at nearest F
midi_editor	32060	41088		Edit: Insert note at nearest F#/Gb
midi_editor	32060	41089		Edit: Insert note at nearest G
midi_editor	32060	41090		Edit: Insert note at nearest G#/Ab
midi_editor	32060	41091		Edit: Insert note at nearest A
midi_editor	32060	41092		Edit: Insert note at nearest A#/Bb
midi_editor	32060	41093		Edit: Insert note at nearest B
midi_editor	32060	41094		Edit: Move pitch cursor to nearest C
midi_editor	32060	41095		Edit: Move pitch cursor to nearest C#/Db
midi_editor	32060	41096		Edit: Move pitch cursor to nearest D
midi_editor	32060	41097		Edit: Move pitch cursor to nearest D#/Eb
midi_editor	32060	41098		Edit: Move pitch cursor to nearest E
midi_editor	32060	41099		Edit: Move pitch cursor to nearest F
midi_editor	32060	41100		Edit: Move pitch cursor to nearest F#/Gb
midi_editor	32060	41102		Edit: Move pitch cursor to nearest G#/Ab
midi_editor	32060	41103		Edit: Move pitch cursor to nearest A
midi_editor	32060	41104		Edit: Move pitch cursor to nearest A#/Bb
midi_editor	32060	41105		Edit: Move pitch cursor to nearest B
midi_editor	32060	41106		Notation: Set high voice
midi_editor	32060	41107		Notation: Set low voice
midi_editor	32060	41110		Notation: Set default voice
midi_editor	32060	41111		Notation: Select all notes in high voice
midi_editor	32060	41112		Notation: Select all notes in low voice
midi_editor	32060	41113		Notation: Select all notes in default voice
midi_editor	32060	41114		Color notes by voice
midi_editor	32060	41115		Notation: Set tuplet note length to half
midi_editor	32060	41116		Notation: Set tuplet note length to double
midi_editor	32060	41117		Notation: Automatically detect triplets
midi_editor	32060	41118		Notation: Insert crescendo dynamic
midi_editor	32060	41119		Notation: Insert diminuendo dynamic
midi_editor	32060	41120		Notation: Insert ppp dynamic
midi_editor	32060	41121		Notation: Insert pp dynamic
midi_editor	32060	41122		Notation: Insert p dynamic
midi_editor	32060	41123		Notation: Insert mp dynamic
midi_editor	32060	41124		Notation: Insert m dynamic
midi_editor	32060	41125		Notation: Insert mf dynamic
midi_editor	32060	41126		Notation: Insert f dynamic
midi_editor	32060	41127		Notation: Insert ff dynamic
midi_editor	32060	41128		Notation: Insert fff dynamic
midi_editor	32060	41129		Notation: Insert text notation...
midi_editor	32060	41130		Notation: Insert lyric
midi_editor	32060	41131		Notation: Proportional (musical) note spacing
midi_editor	32060	41132		Notation: Continuous view always, regardless of zoom level
midi_editor	32060	41133		Notation: Notate as +1 octaves
midi_editor	32060	41134		Notation: Notate as +3 octaves
midi_editor	32060	41135		Notation: Notate as +2 octaves
midi_editor	32060	41136		Notation: Remove octave notation
midi_editor	32060	41137		Notation: Notate as -1 octaves
midi_editor	32060	41138		Notation: Notate as -2 octaves
midi_editor	32060	41139		Notation: Notate as -3 octaves
midi_editor	32060	41140		Edit: Select all notes in measure
midi_editor	32060	41141		Notation: Add trill ornament
midi_editor	32060	41142		Notation: Add lower mordent ornament
midi_editor	32060	41143		Notation: Add upper mordent ornament
midi_editor	32060	41144		Notation: Delete note ornament
midi_editor	32060	41210		Notation: Set minimum display quantization note length to 1/256
midi_editor	32060	41211		Notation: Set minimum display quantization note length to 1/128
midi_editor	32060	41212		Notation: Set minimum display quantization note length to 1/64 (default)
midi_editor	32060	41213		Notation: Set minimum display quantization note length to 1/32
midi_editor	32060	41214		Notation: Set minimum display quantization note length to 1/16
midi_editor	32060	41215		Notation: Set minimum display quantization note length to 1/8
midi_editor	32060	41281		Notation: Identify chords on editor grid
midi_editor	32060	41282		Notation: Add trill line ornament
midi_editor	32060	41283		Notation: Slur
midi_editor	32060	41284		Notation: Slide
midi_editor	32060	41285		Notation: Bend
midi_editor	32060	41286		Notation: Hammer/pull
midi_editor	32060	41287		Notation: Add portato articulation
midi_editor	32060	41288		Notation: Add vibrato ornament
midi_editor	32060	41289		Notation: Add turn ornament
midi_editor	32060	41290		Notation: Add open technique
midi_editor	32060	41291		Notation: Add snap technique
midi_editor	32060	41292		Notation: Add pluck technique
midi_editor	32060	41293		Notation: Add up bow technique
midi_editor	32060	41294		Notation: Add down bow technique
midi_editor	32060	41295		Set length for next inserted note: grid
midi_editor	32060	41296		Notation: Remove all chord notation
midi_editor	32060	41297		Edit: Move pitch cursor to C60
midi_editor	32060	41298		Notation: Remove all notation for selected notes
midi_editor	32060	41300		Options: Apply default CC shape to recorded events
midi_editor	32060	41613		Notation: Unhide all notes
midi_editor	32060	41614		Notation: Hide selected notes
midi_editor	32060	41615		Notation: Transposing display also affects key signatures on the track
midi_editor	32060	41616		Notation: Key signature changes affect all tracks
midi_editor	32060	41617		Notation: Disable transposing display
midi_editor	32060	41618		Edit: Set note length to 1/128
midi_editor	32060	41619		Edit: Set note length to 1/128.
midi_editor	32060	41620		Edit: Set note length to 1/64
midi_editor	32060	41621		Edit: Set note length to 1/64.
midi_editor	32060	41622		Edit: Set note length to 1/32T
midi_editor	32060	41623		Edit: Set note length to 1/32
midi_editor	32060	41624		Edit: Set note length to 1/32.
midi_editor	32060	41625		Edit: Set note length to 1/16T
midi_editor	32060	41626		Edit: Set note length to 1/16
midi_editor	32060	41627		Edit: Set note length to 1/16.
midi_editor	32060	41628		Edit: Set note length to 1/8T
midi_editor	32060	41629		Edit: Set note length to 1/8
midi_editor	32060	41630		Edit: Set note length to 1/8.
midi_editor	32060	41631		Edit: Set note length to 1/4T
midi_editor	32060	41632		Edit: Set note length to 1/4
midi_editor	32060	41633		Edit: Set note length to 1/4.
midi_editor	32060	41634		Edit: Set note length to 1/2T
midi_editor	32060	41635		Edit: Set note length to 1/2
midi_editor	32060	41636		Edit: Set note length to 1/2.
midi_editor	32060	41637		Edit: Set note length to 1
midi_editor	32060	41703		Set length for next inserted note: 1/128 preserving division type
midi_editor	32060	41704		Set length for next inserted note: 1/64 preserving division type
midi_editor	32060	41705		Set length for next inserted note: 1/32 preserving division type
midi_editor	32060	41706		Set length for next inserted note: 1/16 preserving division type
midi_editor	32060	41707		Set length for next inserted note: 1/8 preserving division type
midi_editor	32060	41708		Set length for next inserted note: 1/4 preserving division type
midi_editor	32060	41709		Set length for next inserted note: 1/2 preserving division type
midi_editor	32060	41710		Set length for next inserted note: 1 preserving division type
midi_editor	32060	41711		Set length for next inserted note: straight preserving division length
midi_editor	32060	41712		Set length for next inserted note: dotted preserving division length
midi_editor	32060	41713		Set length for next inserted note: triplet preserving division length
midi_editor	32060	41714		Edit: Set note length to 1/128 using current note length division type
midi_editor	32060	41715		Edit: Set note length to 1/64 using current note length division type
midi_editor	32060	41716		Edit: Set note length to 1/32 using current note length division type
midi_editor	32060	41717		Edit: Set note length to 1/16 using current note length division type
midi_editor	32060	41718		Edit: Set note length to 1/8 using current note length division type
midi_editor	32060	41719		Edit: Set note length to 1/4 using current note length division type
midi_editor	32060	41720		Edit: Set note length to 1/2 using current note length division type
midi_editor	32060	41721		Edit: Set note length to 1 using current note length division type
midi_editor	32060	41722		Notation: Automatically voice overlapping notes
midi_editor	32060	41723		Edit: Select all notes starting in measure
midi_editor	32060	41724		Notation: Add tremolo ornament
midi_editor	32060	41725		Insert note: 1/128 using current note length division type
midi_editor	32060	41726		Insert note: 1/64 using current note length division type
midi_editor	32060	41727		Insert note: 1/32 using current note length division type
midi_editor	32060	41728		Insert note: 1/16 using current note length division type
midi_editor	32060	41729		Insert note: 1/8 using current note length division type
midi_editor	32060	41730		Insert note: 1/4 using current note length division type
midi_editor	32060	41731		Insert note: 1/2 using current note length division type
midi_editor	32060	41732		Insert note: 1 using current note length division type
midi_editor	32060	41733		Notation: When transposing display, show transposed semitones below key signatures
midi_editor	32060	41734		Notation: Select all notes in staff and item under mouse cursor
midi_editor	32060	41735		Edit: Select all CC events under selected notes
midi_editor	32060	41736		Cursor: Advance 1/128 using current note length division type
midi_editor	32060	41737		Cursor: Advance 1/64 using current note length division type
midi_editor	32060	41738		Cursor: Advance 1/32 using current note length division type
midi_editor	32060	41739		Cursor: Advance 1/16 using current note length division type
midi_editor	32060	41740		Cursor: Advance 1/8 using current note length division type
midi_editor	32060	41741		Cursor: Advance 1/4 using current note length division type
midi_editor	32060	41742		Cursor: Advance 1/2 using current note length division type
midi_editor	32060	41743		Cursor: Advance 1 using current note length division type
midi_editor	32060	41744		Notation: Color note heads
midi_editor	32060	41745		Notation: Adjust display quantization...
midi_editor	32060	41746		Edit: Select all notes at pitch cursor
midi_editor	32060	41747		File/Notation: Export (PDF, MusicXML)...
midi_editor	32060	41748		Notation: Minimize ties for all notes by default
midi_editor	32060	41749		Notation: Toggle minimize ties for selected notes
midi_editor	32060	41750		Notation: Notate as flat
midi_editor	32060	41751		Notation: Notate as sharp
midi_editor	32060	41752		Notation: Notate as double-flat
midi_editor	32060	41753		Notation: Notate as double-sharp
midi_editor	32060	41754		Notation: Display pedal events
midi_editor	32060	41755		Notation: Engage/Re-engage pedal
midi_editor	32060	41756		Notation: Release pedal
midi_editor	32060	41757		Notation: Minimize ties for selected notes if possible
midi_editor	32060	41758		Notation: Do not minimize ties for selected notes
midi_editor	32060	41759		Notation: Clear display offset
midi_editor	32060	41760		Notation: Nudge position display offset left
midi_editor	32060	41761		Notation: Nudge position display offset right
midi_editor	32060	41762		Notation: Nudge length display offset left
midi_editor	32060	41763		Notation: Nudge length display offset right
midi_editor	32060	41764		Select next note with higher pitch
midi_editor	32060	41765		Select next note with lower pitch
midi_editor	32060	41766		Add next note with higher pitch to selection
midi_editor	32060	41767		Add next note with lower pitch to selection
midi_editor	32060	41768		Quantize note positions to last quantize dialog settings
midi_editor	32060	41769		Quantize note positions to 1/64
midi_editor	32060	41770		Quantize note positions to 1/32
midi_editor	32060	41771		Quantize note positions to 1/16
midi_editor	32060	41772		Quantize note positions to 1/8
midi_editor	32060	41773		Quantize note positions to 1/4
midi_editor	32060	41774		Options: All media items are editable in notation view
midi_editor	32060	41775		Notation: Double dot note if possible
midi_editor	32060	41776		Notation: Automatically double dot notes
midi_editor	32060	41777		Notation: Triple dot note if possible
midi_editor	32060	41778		Notation: Automatically triple dot notes
midi_editor	32060	41779		Notation: Do not double or triple dot note
midi_editor	32060	41780		Notation: Add text ornament...
midi_editor	32060	41781		Options: Edit CC/velocity only when mouse is near event
midi_editor	32060	41988		Notation: Delete
midi_editor	32060	41992		Chase MIDI note-on/CC/PC/pitch in project playback
midi_editor	32060	41993		Notation: Create custom track notation...
midi_editor	32060	41994		Notation: Create custom note notation...
midi_editor	32060	41995		Save CC/velocity lane preset...
midi_editor	32060	41996		Load CC/velocity lane preset...
midi_editor	32060	41997		Add CC/velocity lane preset...
midi_editor	32060	41998		Select all notes at mouse time position
midi_editor	32060	42000		Load CC/velocity lane preset 1
midi_editor	32060	42001		Load CC/velocity lane preset 2
midi_editor	32060	42002		Load CC/velocity lane preset 3
midi_editor	32060	42003		Load CC/velocity lane preset 4
midi_editor	32060	42004		Load CC/velocity lane preset 5
midi_editor	32060	42005		Load CC/velocity lane preset 6
midi_editor	32060	42006		Load CC/velocity lane preset 7
midi_editor	32060	42007		Load CC/velocity lane preset 8
midi_editor	32060	42008		Load CC/velocity lane preset 9
midi_editor	32060	42009		Load CC/velocity lane preset 10
midi_editor	32060	42070		Import track lyrics...
midi_editor	32060	42071		Export track lyrics...
midi_editor	32060	42072		Navigate: Select previous note with the same channel 
midi_editor	32060	42073		Navigate: Select next note with the same channel 
midi_editor	32060	42074		Navigate: Select previous note on the same staff (notation view)
midi_editor	32060	42075		Navigate: Select next note on the same staff (notation view)
midi_editor	32060	42076		Navigate: Select previous note with the same voice (notation view)
midi_editor	32060	42077		Navigate: Select next note with the same voice (notation view)
midi_editor	32060	42078		Navigate: Select previous note on the same staff with the same voice (notation view)
midi_editor	32060	42079		Navigate: Select next note on the same staff with the same voice (notation view)
midi_editor	32060	42080		Set CC shape to linear
midi_editor	32060	42081		Set CC shape to square
midi_editor	32060	42082		Set CC shape to slow start/end
midi_editor	32060	42083		Set CC shape to fast start
midi_editor	32060	42084		Set CC shape to fast end
midi_editor	32060	42085		Set CC shape to bezier
midi_editor	32060	42086		Set default CC shape to linear
midi_editor	32060	42087		Set default CC shape to square
midi_editor	32060	42088		Set default CC shape to slow start/end
midi_editor	32060	42089		Set default CC shape to fast start
midi_editor	32060	42090		Set default CC shape to fast end
midi_editor	32060	42091		Set default CC shape to bezier
midi_editor	32060	42092		Options: Bank/program change events follow note selection when CC selection follows note selection
midi_editor	32060	42093		Options: Reduce CC events while drawing
midi_editor	32060	42094		Apply LFO to last touched CC lane...
midi_editor	32060	42095		Use theme color for selected note body when coloring by track or media item
midi_editor	32060	42096		Use theme color for selected note border when coloring by track or media item
midi_editor	32060	42097		Use theme color for unselected note body when coloring by track or media item
midi_editor	32060	42098		Use theme color for unselected note border when coloring by track or media item
midi_editor	32060	42099		Options: Prevent mouse edits of single CC events from moving past other CC events
midi_editor	32060	42100		Options: Allow CC shape in bank, LSB lanes (CC0, CC32-CC63)
midi_editor	32060	42101		View: Show notation text on notes
midi_editor	32060	42102		Reload track support data (bank/program files, notation, etc)
midi_editor	32060	42173		Notation: Delete note text or custom ornament
midi_editor	32060	42430		Options: Make secondary items editable by default
midi_editor	32060	42431		Load .ReaScale file...
midi_editor	32060	42432		Unload .ReaScale file
midi_editor	32060	42433		Options: Active MIDI item follows track selection changes in arrange view
midi_editor	32060	42434		CC lane: Reset zoom/scroll
midi_editor	32060	42435		CC lane: Zoom in
midi_editor	32060	42436		CC lane: Zoom out
midi_editor	32060	42437		CC lane: Scroll up
midi_editor	32060	42438		CC lane: Scroll down
midi_editor	32060	42439		Options: Allow CC shape in sustain lane (CC64)
midi_editor	32060	42440		Toolbar: Open MIDI toolbar 9
midi_editor	32060	42441		Toolbar: Open MIDI toolbar 10
midi_editor	32060	42442		Toolbar: Open MIDI toolbar 11
midi_editor	32060	42443		Toolbar: Open MIDI toolbar 12
midi_editor	32060	42444		Toolbar: Open MIDI toolbar 13
midi_editor	32060	42445		Toolbar: Open MIDI toolbar 14
midi_editor	32060	42446		Toolbar: Open MIDI toolbar 15
midi_editor	32060	42447		Toolbar: Open MIDI toolbar 16
midi_editor	32060	42448		Toolbar: Open MIDI toolbar 9 at mouse cursor
midi_editor	32060	42449		Toolbar: Open MIDI toolbar 10 at mouse cursor
midi_editor	32060	42450		Toolbar: Open MIDI toolbar 11 at mouse cursor
midi_editor	32060	42451		Toolbar: Open MIDI toolbar 12 at mouse cursor
midi_editor	32060	42452		Toolbar: Open MIDI toolbar 13 at mouse cursor
midi_editor	32060	42453		Toolbar: Open MIDI toolbar 14 at mouse cursor
midi_editor	32060	42454		Toolbar: Open MIDI toolbar 15 at mouse cursor
midi_editor	32060	42455		Toolbar: Open MIDI toolbar 16 at mouse cursor
midi_editor	32060	42456		Toolbar: Switch to MIDI toolbar 9
midi_editor	32060	42457		Toolbar: Switch to MIDI toolbar 10
midi_editor	32060	42458		Toolbar: Switch to MIDI toolbar 11
midi_editor	32060	42459		Toolbar: Switch to MIDI toolbar 12
midi_editor	32060	42460		Toolbar: Switch to MIDI toolbar 13
midi_editor	32060	42461		Toolbar: Switch to MIDI toolbar 14
midi_editor	32060	42462		Toolbar: Switch to MIDI toolbar 15
midi_editor	32060	42463		Toolbar: Switch to MIDI toolbar 16
midi_editor	32060	42464		Set pitchwheel lane semitone snap (if pitchwheel range has been defined)
midi_editor	32060	42465		Set pitchwheel lane semitone range
midi_editor	32060	42466		Options: Selecting a single note sets the channel for new events
midi_editor	32060	42467		Navigate: Move edit cursor to left edge of visible piano roll
midi_editor	32060	42468		Options: Do not show CC events that are in non-editable contexts
midi_editor	32060	42469		Edit: Insert CC event at edit cursor in current lane
midi_editor	32060	42470		Grid: Set to measure
midi_editor	32060	42471		Toggle snap to key signature
midi_editor	32060	42472		Options: only show CCs on channels of selected notes (MPE mode)
midi_editor	32060	42473		Options: Snap to visible grid
midi_editor	32060	42474		Edit: Move pitch cursor to nearest G
midi_editor	32060	42475		Options: Do not show CC events that are in secondary contexts
midi_editor	32060	42476		Options: Draw CC events as gray
midi_editor	32060	43433		Toolbar: show MIDI toolbar 1 as menu
midi_editor	32060	43434		Toolbar: show MIDI toolbar 2 as menu
midi_editor	32060	43435		Toolbar: show MIDI toolbar 3 as menu
midi_editor	32060	43436		Toolbar: show MIDI toolbar 4 as menu
midi_editor	32060	43437		Toolbar: show MIDI toolbar 5 as menu
midi_editor	32060	43438		Toolbar: show MIDI toolbar 6 as menu
midi_editor	32060	43439		Toolbar: show MIDI toolbar 7 as menu
midi_editor	32060	43440		Toolbar: show MIDI toolbar 8 as menu
midi_editor	32060	43441		Toolbar: show MIDI toolbar 9 as menu
midi_editor	32060	43442		Toolbar: show MIDI toolbar 10 as menu
midi_editor	32060	43443		Toolbar: show MIDI toolbar 11 as menu
midi_editor	32060	43444		Toolbar: show MIDI toolbar 12 as menu
midi_editor	32060	43445		Toolbar: show MIDI toolbar 13 as menu
midi_editor	32060	43446		Toolbar: show MIDI toolbar 14 as menu
midi_editor	32060	43447		Toolbar: show MIDI toolbar 15 as menu
midi_editor	32060	43448		Toolbar: show MIDI toolbar 16 as menu
midi_editor	32060	43449		Save default CC lanes (and disable auto-save default CC lanes)
midi_editor	32060	43450		Auto-save default CC lanes on window close
midi_editor	32060	43451		Save default configuration (and disable auto-save default configuration)
midi_editor	32060	43452		Auto-save default configuration when changing options
midi_editor	32060	43454		Edit: Lengthen notes to grid
midi_editor	32060	43455		Edit: Shorten notes to grid
midi_editor	32060	43456		Edit: Move notes left to grid
midi_editor	32060	43457		Edit: Move notes right to grid
midi_editor	32060	43458		Shrink item to last event
midi_editor	32060	43459		Edit: Move CC events left to grid
midi_editor	32060	43460		Edit: Move CC events right to grid
midi_editor	32060	43500		Key snap root note: C
midi_editor	32060	43501		Key snap root note: C#
midi_editor	32060	43502		Key snap root note: Db
midi_editor	32060	43503		Key snap root note: D
midi_editor	32060	43504		Key snap root note: D#
midi_editor	32060	43505		Key snap root note: Eb
midi_editor	32060	43506		Key snap root note: E
midi_editor	32060	43507		Key snap root note: F
midi_editor	32060	43508		Key snap root note: F#
midi_editor	32060	43509		Key snap root note: Gb
midi_editor	32060	43510		Key snap root note: G
midi_editor	32060	43511		Key snap root note: G#
midi_editor	32060	43512		Key snap root note: Ab
midi_editor	32060	43513		Key snap root note: A
midi_editor	32060	43514		Key snap root note: A#
midi_editor	32060	43515		Key snap root note: Bb
midi_editor	32060	43516		Key snap root note: B
midi_editor	32060	43517		Key snap root note: Cb
midi_editor	32060	53001	RS7d3c_1ee9bb229dabffe151848d7efa3c10f748e1a1cf	Script: lyrics.lua
midi_editor	32060	65535		No-op (no action)
midi_evtlist	32061	2		File: Close window
midi_evtlist	32061	998		Edit: Move events left/right (mousewheel/MIDI relative only)
midi_evtlist	32061	999		Edit: Adjust value for events (mousewheel/MIDI controller only)
midi_evtlist	32061	1000		Edit: Insert note at edit cursor (no advance edit cursor)
midi_evtlist	32061	1005		File: Save file (MIDI file mode only) or project (in-project MIDI mode)
midi_evtlist	32061	1013		File: Revert file (MIDI file mode only)
midi_evtlist	32061	1139		Transport: Toggle repeat
midi_evtlist	32061	1140		Transport: Play
midi_evtlist	32061	1141		Transport: Pause
midi_evtlist	32061	1142		Transport: Stop
midi_evtlist	32061	40003		Edit: Select all notes
midi_evtlist	32061	40004		Edit: Event properties
midi_evtlist	32061	40006		Edit: Select all events
midi_evtlist	32061	40009		Quantize...
midi_evtlist	32061	40010		Edit: Copy
midi_evtlist	32061	40011		Edit: Paste
midi_evtlist	32061	40012		Edit: Cut
midi_evtlist	32061	40013		Edit: Undo
midi_evtlist	32061	40014		Edit: Redo
midi_evtlist	32061	40016		Transport: Play/stop
midi_evtlist	32061	40017		Transport: Play/pause
midi_evtlist	32061	40018		Options: Toggle window docking
midi_evtlist	32061	40019		Edit: Reverse all events
midi_evtlist	32061	40020		Edit: Set events to channel 01
midi_evtlist	32061	40021		Edit: Set events to channel 02
midi_evtlist	32061	40022		Edit: Set events to channel 03
midi_evtlist	32061	40023		Edit: Set events to channel 04
midi_evtlist	32061	40024		Edit: Set events to channel 05
midi_evtlist	32061	40025		Edit: Set events to channel 06
midi_evtlist	32061	40026		Edit: Set events to channel 07
midi_evtlist	32061	40027		Edit: Set events to channel 08
midi_evtlist	32061	40028		Edit: Set events to channel 09
midi_evtlist	32061	40029		Edit: Set events to channel 10
midi_evtlist	32061	40030		Edit: Set events to channel 11
midi_evtlist	32061	40031		Edit: Set events to channel 12
midi_evtlist	32061	40032		Edit: Set events to channel 13
midi_evtlist	32061	40033		Edit: Set events to channel 14
midi_evtlist	32061	40034		Edit: Set events to channel 15
midi_evtlist	32061	40035		Edit: Set events to channel 16
midi_evtlist	32061	40036		View: Go to start of file
midi_evtlist	32061	40037		View: Go to end of file
midi_evtlist	32061	40038		File: Export contents as .MID
midi_evtlist	32061	40039		Options: Synchronize transport with main transport
midi_evtlist	32061	40042		Mode: Piano Roll
midi_evtlist	32061	40043		Mode: Named Notes (Drum Map)
midi_evtlist	32061	40051		Edit: Insert note at edit cursor
midi_evtlist	32061	40053		Options: F1-F12 as step input mode
midi_evtlist	32061	40055		Edit: Mute events (toggle)
midi_evtlist	32061	40056		Mode: Event List
midi_evtlist	32061	40057		Edit: Mute events
midi_evtlist	32061	40058		Edit: Unmute events
midi_evtlist	32061	40110		Options: Display note length in velocity lane
midi_evtlist	32061	40150		View: Go to play cursor
midi_evtlist	32061	40151		View: Go to edit cursor
midi_evtlist	32061	40152		Step input: Insert note at current -12 semitones
midi_evtlist	32061	40153		Step input: Insert note at current -11 semitones
midi_evtlist	32061	40154		Step input: Insert note at current -10 semitones
midi_evtlist	32061	40155		Step input: Insert note at current -09 semitones
midi_evtlist	32061	40156		Step input: Insert note at current -08 semitones
midi_evtlist	32061	40157		Step input: Insert note at current -07 semitones
midi_evtlist	32061	40158		Step input: Insert note at current -06 semitones
midi_evtlist	32061	40159		Step input: Insert note at current -05 semitones
midi_evtlist	32061	40160		Step input: Insert note at current -04 semitones
midi_evtlist	32061	40161		Step input: Insert note at current -03 semitones
midi_evtlist	32061	40162		Step input: Insert note at current -02 semitones
midi_evtlist	32061	40163		Step input: Insert note at current -01 semitones
midi_evtlist	32061	40164		Step input: Insert note at current note
midi_evtlist	32061	40165		Step input: Insert note at current +01 semitones
midi_evtlist	32061	40166		Step input: Insert note at current +02 semitones
midi_evtlist	32061	40167		Step input: Insert note at current +03 semitones
midi_evtlist	32061	40168		Step input: Insert note at current +04 semitones
midi_evtlist	32061	40169		Step input: Insert note at current +05 semitones
midi_evtlist	32061	40170		Step input: Insert note at current +06 semitones
midi_evtlist	32061	40171		Step input: Insert note at current +07 semitones
midi_evtlist	32061	40172		Step input: Insert note at current +08 semitones
midi_evtlist	32061	40173		Step input: Insert note at current +09 semitones
midi_evtlist	32061	40174		Step input: Insert note at current +10 semitones
midi_evtlist	32061	40175		Step input: Insert note at current +11 semitones
midi_evtlist	32061	40176		Step input: Insert note at current +12 semitones
midi_evtlist	32061	40177		Edit: Move notes up one semitone
midi_evtlist	32061	40178		Edit: Move notes down one semitone
midi_evtlist	32061	40179		Edit: Move notes up one octave
midi_evtlist	32061	40180		Edit: Move notes down one octave
midi_evtlist	32061	40183		Edit: Move notes left one grid unit
midi_evtlist	32061	40184		Edit: Move notes right one grid unit
midi_evtlist	32061	40214		Edit: Unselect all
midi_evtlist	32061	40215		Channel: Show only previous channel
midi_evtlist	32061	40216		Channel: Show only next channel
midi_evtlist	32061	40217		Channel: Show all channels
midi_evtlist	32061	40218		Channel: Show only channel 01
midi_evtlist	32061	40219		Channel: Show only channel 02
midi_evtlist	32061	40220		Channel: Show only channel 03
midi_evtlist	32061	40221		Channel: Show only channel 04
midi_evtlist	32061	40222		Channel: Show only channel 05
midi_evtlist	32061	40223		Channel: Show only channel 06
midi_evtlist	32061	40224		Channel: Show only channel 07
midi_evtlist	32061	40225		Channel: Show only channel 08
midi_evtlist	32061	40226		Channel: Show only channel 09
midi_evtlist	32061	40227		Channel: Show only channel 10
midi_evtlist	32061	40228		Channel: Show only channel 11
midi_evtlist	32061	40229		Channel: Show only channel 12
midi_evtlist	32061	40230		Channel: Show only channel 13
midi_evtlist	32061	40231		Channel: Show only channel 14
midi_evtlist	32061	40232		Channel: Show only channel 15
midi_evtlist	32061	40233		Channel: Show only channel 16
midi_evtlist	32061	40401		Misc: Pass through key to main window
midi_evtlist	32061	40402		Unquantize
midi_evtlist	32061	40403		Freeze quantization
midi_evtlist	32061	40404		Remove selected duplicate notes
midi_evtlist	32061	40405		Set note ends to start of next note (legato)
midi_evtlist	32061	40406		Quantize notes using last quantize dialog settings
midi_evtlist	32061	40409		Load note/CC names from file...
midi_evtlist	32061	40410		Save note/CC names to file...
midi_evtlist	32061	40411		Rename last clicked note...
midi_evtlist	32061	40412		Clear all note/CC names
midi_evtlist	32061	40413		Navigate: Select next note
midi_evtlist	32061	40414		Navigate: Select previous note
midi_evtlist	32061	40415		Remove selected duplicate events
midi_evtlist	32061	40420		Show action list
midi_evtlist	32061	40427		Navigate: Select previous note with the same pitch
midi_evtlist	32061	40428		Navigate: Select next note with the same pitch
midi_evtlist	32061	40429		Edit: Paste preserving position in measure
midi_evtlist	32061	40434		Select all notes with the same pitch
midi_evtlist	32061	40435		Send all notes off to all MIDI outputs/plug-ins
midi_evtlist	32061	40436		Loop points: Set start point
midi_evtlist	32061	40437		Loop points: Set end point
midi_evtlist	32061	40438		Move cursor to start of loop
midi_evtlist	32061	40439		Move cursor to end of loop
midi_evtlist	32061	40441		Loop: Halve loop length
midi_evtlist	32061	40442		Loop: Double loop length
midi_evtlist	32061	40443		View: Move edit cursor to mouse cursor
midi_evtlist	32061	40446		Edit: Lengthen notes one grid unit
midi_evtlist	32061	40447		Edit: Shorten notes one grid unit
midi_evtlist	32061	40455		Rename MIDI take...
midi_evtlist	32061	40456		Edit: Join notes
midi_evtlist	32061	40457		Humanize notes...
midi_evtlist	32061	40458		Insert text event...
midi_evtlist	32061	40462		Edit: Note velocity +01
midi_evtlist	32061	40463		Edit: Note velocity +10
midi_evtlist	32061	40464		Edit: Note velocity -01
midi_evtlist	32061	40465		Edit: Note velocity -10
midi_evtlist	32061	40467		Time selection: Remove time selection and loop points
midi_evtlist	32061	40469		Quantize notes position to grid
midi_evtlist	32061	40471		Filter: Enable/disable event filter and show/hide filter window...
midi_evtlist	32061	40473		Insert or edit text (lyric) event at first selected note
midi_evtlist	32061	40474		Align lyric events with notes
midi_evtlist	32061	40475		Shift lyric events forward one note
midi_evtlist	32061	40476		Shift lyric events backward one note
midi_evtlist	32061	40477		Misc: Close window if not docked, otherwise pass to main window
midi_evtlist	32061	40478		Double length of MIDI (repeating contents)
midi_evtlist	32061	40480		Insert sysex event...
midi_evtlist	32061	40481		Options: MIDI inputs as step input mode
midi_evtlist	32061	40482		Set channel for new events to 01
midi_evtlist	32061	40483		Set channel for new events to 02
midi_evtlist	32061	40484		Set channel for new events to 03
midi_evtlist	32061	40485		Set channel for new events to 04
midi_evtlist	32061	40486		Set channel for new events to 05
midi_evtlist	32061	40487		Set channel for new events to 06
midi_evtlist	32061	40488		Set channel for new events to 07
midi_evtlist	32061	40489		Set channel for new events to 08
midi_evtlist	32061	40490		Set channel for new events to 09
midi_evtlist	32061	40491		Set channel for new events to 10
midi_evtlist	32061	40492		Set channel for new events to 11
midi_evtlist	32061	40493		Set channel for new events to 12
midi_evtlist	32061	40494		Set channel for new events to 13
midi_evtlist	32061	40495		Set channel for new events to 14
midi_evtlist	32061	40496		Set channel for new events to 15
midi_evtlist	32061	40497		Set channel for new events to 16
midi_evtlist	32061	40500		Activate next visible MIDI item
midi_evtlist	32061	40501		Invert selection
midi_evtlist	32061	40502		View: Move edit cursor to play cursor
midi_evtlist	32061	40503		Import lyrics for selected notes from file
midi_evtlist	32061	40504		Filter: Enable/disable event filter
midi_evtlist	32061	40633		Edit: Set note lengths to grid size
midi_evtlist	32061	40634		Select next lyric event
midi_evtlist	32061	40635		Select previous lyric event
midi_evtlist	32061	40636		Activate previous visible MIDI item
midi_evtlist	32061	40642		Customize MIDI editor toolbar
midi_evtlist	32061	40643		Channel: Toggle channel 01
midi_evtlist	32061	40644		Channel: Toggle channel 02
midi_evtlist	32061	40645		Channel: Toggle channel 03
midi_evtlist	32061	40646		Channel: Toggle channel 04
midi_evtlist	32061	40647		Channel: Toggle channel 05
midi_evtlist	32061	40648		Channel: Toggle channel 06
midi_evtlist	32061	40649		Channel: Toggle channel 07
midi_evtlist	32061	40650		Channel: Toggle channel 08
midi_evtlist	32061	40651		Channel: Toggle channel 09
midi_evtlist	32061	40652		Channel: Toggle channel 10
midi_evtlist	32061	40653		Channel: Toggle channel 11
midi_evtlist	32061	40654		Channel: Toggle channel 12
midi_evtlist	32061	40655		Channel: Toggle channel 13
midi_evtlist	32061	40656		Channel: Toggle channel 14
midi_evtlist	32061	40657		Channel: Toggle channel 15
midi_evtlist	32061	40658		Channel: Toggle channel 16
midi_evtlist	32061	40659		Correct overlapping notes
midi_evtlist	32061	40664		Edit: Toggle selection of all CC events under selected notes
midi_evtlist	32061	40666		Show raw MIDI data
midi_evtlist	32061	40667		Edit: Delete events
midi_evtlist	32061	40670		Select all CC events
midi_evtlist	32061	40671		Unselect all CC events
midi_evtlist	32061	40674		Edit: Move CC events left by grid
midi_evtlist	32061	40675		Edit: Move CC events right by grid
midi_evtlist	32061	40676		Edit: Increase value a little bit for CC events
midi_evtlist	32061	40677		Edit: Decrease value a little bit for CC events
midi_evtlist	32061	40678		Reset all MIDI devices
midi_evtlist	32061	40679		Toggle locking MIDI to project tempo at media item start time
midi_evtlist	32061	40681		Options: Correct overlapping notes while editing
midi_evtlist	32061	40727		Quantize events using last quantize dialog settings
midi_evtlist	32061	40728		Quantize events to grid
midi_evtlist	32061	40729		Quantize notes position and end to grid
midi_evtlist	32061	40731		Edit: Copy events within time selection
midi_evtlist	32061	40732		Edit: Cut events within time selection
midi_evtlist	32061	40733		Edit: Copy events within time selection, if any (smart copy)
midi_evtlist	32061	40734		Edit: Cut events within time selection, if any (smart cut)
midi_evtlist	32061	40736		Time format: Measures.Beats.100ths
midi_evtlist	32061	40737		Time format: Measures.Beats.PPQ
midi_evtlist	32061	40744		Loop points: Remove loop points
midi_evtlist	32061	40745		Time selection: Remove time selection
midi_evtlist	32061	40746		Edit: Select all notes in time selection
midi_evtlist	32061	40747		Edit: Select all CC events in time selection (in last clicked CC lane)
midi_evtlist	32061	40751		Edit: Select all CC events in time selection (even if CC lane is hidden)
midi_evtlist	32061	40752		Edit: Set time selection to selected notes
midi_evtlist	32061	40753		Edit: Set loop points to selected notes
midi_evtlist	32061	40754		Edit: Fit notes to time selection
midi_evtlist	32061	40760		Time format: Ruler in Measures.Beats only
midi_evtlist	32061	40761		Time format: Ruler also displays project H:M:S[:F]
midi_evtlist	32061	40762		Filter: Show/hide filter window...
midi_evtlist	32061	40794		View: Toggle show MIDI editor windows
midi_evtlist	32061	40802		Edit: Select all CC events in time selection (in all visible CC lanes)
midi_evtlist	32061	40816		Options: Display 14-bit MSB/LSB CC data as a single entry in event list view and event properties dialog
midi_evtlist	32061	40817		Options: Enable extending parent media item when editing MIDI notes (if parent item is exactly the length of the MIDI content)
midi_evtlist	32061	40833		Activate next MIDI item
midi_evtlist	32061	40834		Activate previous MIDI item
midi_evtlist	32061	40835		Activate next MIDI track
midi_evtlist	32061	40836		Activate previous MIDI track
midi_evtlist	32061	40838		Options: Double-click extends the bounds of the nearest media item
midi_evtlist	32061	40875		Edit: Select all events in time selection (even if CC lane is hidden)
midi_evtlist	32061	40876		Edit: Select all events in time selection (in all visible CC lanes)
midi_evtlist	32061	40877		Edit: Select all notes starting in time selection
midi_evtlist	32061	40880		Move cursor to start of time selection
midi_evtlist	32061	40881		Move cursor to end of time selection
midi_evtlist	32061	40882		Edit: Duplicate events
midi_evtlist	32061	40883		Edit: Duplicate events within time selection
midi_evtlist	32061	40884		Edit: Duplicate events one octave higher
midi_evtlist	32061	40885		Edit: Duplicate events one octave lower
midi_evtlist	32061	40886		Edit: Duplicate events within time selection, if any (smart duplicate)
midi_evtlist	32061	40887		Edit: Duplicate events within time selection (do not trim notes)
midi_evtlist	32061	40888		Edit: Duplicate events within time selection, if any (smart duplicate) (do not trim notes)
midi_evtlist	32061	40902		Edit: Reverse selected events
midi_evtlist	32061	40904		Edit: Reverse selected events within time selection
midi_evtlist	32061	40905		Edit: Invert (reverse vertically) all notes
midi_evtlist	32061	40906		Edit: Invert (reverse vertically) selected notes
midi_evtlist	32061	40907		Edit: Invert (reverse vertically) all note intervals
midi_evtlist	32061	40908		Edit: Invert (reverse vertically) selected note intervals
midi_evtlist	32061	40909		Edit: Invert voicing upwards for selected notes
midi_evtlist	32061	40910		Edit: Invert voicing downwards for selected notes
midi_evtlist	32061	40911		Edit: Invert voicing upwards for each selected chord
midi_evtlist	32061	40912		Edit: Invert voicing downwards for each selected chord
midi_evtlist	32061	40913		Filter: Toggle filter solo
midi_evtlist	32061	40914		Filter: Invert filter
midi_evtlist	32061	40950		Insert bank/program select event...
midi_evtlist	32061	40954		Mode: Notation
midi_evtlist	32061	40955		Options: Note name actions apply to the active channel only
midi_evtlist	32061	40956		Options: Display note names and velocity only on the active media item
midi_evtlist	32061	41026		Edit: Move notes up one semitone ignoring scale/key
midi_evtlist	32061	41027		Edit: Move notes down one semitone ignoring scale/key
midi_evtlist	32061	41140		Edit: Select all notes in measure
midi_evtlist	32061	41723		Edit: Select all notes starting in measure
midi_evtlist	32061	41735		Edit: Select all CC events under selected notes
midi_evtlist	32061	41764		Select next note with higher pitch
midi_evtlist	32061	41765		Select next note with lower pitch
midi_evtlist	32061	41766		Add next note with higher pitch to selection
midi_evtlist	32061	41767		Add next note with lower pitch to selection
midi_evtlist	32061	41768		Quantize note positions to last quantize dialog settings
midi_evtlist	32061	41769		Quantize note positions to 1/64
midi_evtlist	32061	41770		Quantize note positions to 1/32
midi_evtlist	32061	41771		Quantize note positions to 1/16
midi_evtlist	32061	41772		Quantize note positions to 1/8
midi_evtlist	32061	41773		Quantize note positions to 1/4
midi_evtlist	32061	41992		Chase MIDI note-on/CC/PC/pitch in project playback
midi_evtlist	32061	42070		Import track lyrics...
midi_evtlist	32061	42071		Export track lyrics...
midi_evtlist	32061	42072		Navigate: Select previous note with the same channel 
midi_evtlist	32061	42073		Navigate: Select next note with the same channel 
midi_evtlist	32061	42074		Navigate: Select previous note on the same staff (notation view)
midi_evtlist	32061	42075		Navigate: Select next note on the same staff (notation view)
midi_evtlist	32061	42076		Navigate: Select previous note with the same voice (notation view)
midi_evtlist	32061	42077		Navigate: Select next note with the same voice (notation view)
midi_evtlist	32061	42078		Navigate: Select previous note on the same staff with the same voice (notation view)
midi_evtlist	32061	42079		Navigate: Select next note on the same staff with the same voice (notation view)
midi_evtlist	32061	42102		Reload track support data (bank/program files, notation, etc)
midi_evtlist	32061	43454		Edit: Lengthen notes to grid
midi_evtlist	32061	43455		Edit: Shorten notes to grid
midi_evtlist	32061	43456		Edit: Move notes left to grid
midi_evtlist	32061	43457		Edit: Move notes right to grid
midi_evtlist	32061	43458		Shrink item to last event
midi_evtlist	32061	43459		Edit: Move CC events left to grid
midi_evtlist	32061	43460		Edit: Move CC events right to grid
midi_evtlist	32061	65535		No-op (no action)
midi_inline	32062	2		Close inline editor
midi_inline	32062	1000		Edit: Insert note at edit cursor (no advance edit cursor)
midi_inline	32062	40001		Edit: Insert note at mouse cursor
midi_inline	32062	40002		Edit: Delete notes
midi_inline	32062	40003		Edit: Select all notes in active context
midi_inline	32062	40004		Edit: Event properties
midi_inline	32062	40006		Edit: Select all events
midi_inline	32062	40009		Quantize...
midi_inline	32062	40010		Edit: Copy
midi_inline	32062	40011		Edit: Paste
midi_inline	32062	40012		Edit: Cut
midi_inline	32062	40019		Edit: Reverse all events
midi_inline	32062	40020		Edit: Set events to channel 01
midi_inline	32062	40021		Edit: Set events to channel 02
midi_inline	32062	40022		Edit: Set events to channel 03
midi_inline	32062	40023		Edit: Set events to channel 04
midi_inline	32062	40024		Edit: Set events to channel 05
midi_inline	32062	40025		Edit: Set events to channel 06
midi_inline	32062	40026		Edit: Set events to channel 07
midi_inline	32062	40027		Edit: Set events to channel 08
midi_inline	32062	40028		Edit: Set events to channel 09
midi_inline	32062	40029		Edit: Set events to channel 10
midi_inline	32062	40030		Edit: Set events to channel 11
midi_inline	32062	40031		Edit: Set events to channel 12
midi_inline	32062	40032		Edit: Set events to channel 13
midi_inline	32062	40033		Edit: Set events to channel 14
midi_inline	32062	40034		Edit: Set events to channel 15
midi_inline	32062	40035		Edit: Set events to channel 16
midi_inline	32062	40040		View: Show velocity handles on notes
midi_inline	32062	40041		Options: Preview notes when inserting or editing
midi_inline	32062	40045		View: Show note names on notes
midi_inline	32062	40046		Edit: Split notes
midi_inline	32062	40047		Navigate: Move edit cursor left by grid
midi_inline	32062	40048		Navigate: Move edit cursor right by grid
midi_inline	32062	40049		Edit: Move pitch cursor up one semitone
midi_inline	32062	40050		Edit: Move pitch cursor down one semitone
midi_inline	32062	40051		Edit: Insert note at edit cursor
midi_inline	32062	40052		Edit: Split notes at mouse cursor
midi_inline	32062	40055		Edit: Mute events (toggle)
midi_inline	32062	40057		Edit: Mute events
midi_inline	32062	40058		Edit: Un-mute events
midi_inline	32062	40111		View: Zoom in vertically
midi_inline	32062	40112		View: Zoom out vertically
midi_inline	32062	40138		View: Scroll view up
midi_inline	32062	40139		View: Scroll view down
midi_inline	32062	40143		View: Show custom note row view
midi_inline	32062	40177		Edit: Move notes up one semitone
midi_inline	32062	40178		Edit: Move notes down one semitone
midi_inline	32062	40179		Edit: Move notes up one octave
midi_inline	32062	40180		Edit: Move notes down one octave
midi_inline	32062	40181		Edit: Move notes left one pixel
midi_inline	32062	40182		Edit: Move notes right one pixel
midi_inline	32062	40183		Edit: Move notes left one grid unit
midi_inline	32062	40184		Edit: Move notes right one grid unit
midi_inline	32062	40185		Edit: Move edit cursor left one pixel
midi_inline	32062	40186		Edit: Move edit cursor right one pixel
midi_inline	32062	40187		Edit: Move pitch cursor up one octave
midi_inline	32062	40188		Edit: Move pitch cursor down one octave
midi_inline	32062	40214		Edit: Unselect all
midi_inline	32062	40402		Unquantize
midi_inline	32062	40403		Freeze quantization
midi_inline	32062	40404		Remove selected duplicate notes
midi_inline	32062	40405		Edit: Set note ends to start of next note (legato)
midi_inline	32062	40406		Quantize notes using last quantize dialog settings
midi_inline	32062	40407		View: Cycle events view rectangles/triangles/diamonds
midi_inline	32062	40415		Remove selected duplicate events
midi_inline	32062	40421		Add previous note to selection
midi_inline	32062	40422		Add next note to selection
midi_inline	32062	40425		Select note nearest to the edit cursor
midi_inline	32062	40426		Add note nearest to the edit cursor to selection
midi_inline	32062	40429		Edit: Paste preserving position in measure
midi_inline	32062	40440		Navigate: Move edit cursor to start of selected events
midi_inline	32062	40444		Edit: Lengthen notes one pixel
midi_inline	32062	40445		Edit: Shorten notes one pixel
midi_inline	32062	40446		Edit: Lengthen notes one grid unit
midi_inline	32062	40447		Edit: Shorten notes one grid unit
midi_inline	32062	40448		View: Show events as triangles (drum mode)
midi_inline	32062	40449		View: Show events as rectangles (normal mode)
midi_inline	32062	40450		View: Show events as diamonds (drum mode)
midi_inline	32062	40452		View: Show all note rows
midi_inline	32062	40453		View: Hide unused note rows
midi_inline	32062	40454		View: Hide unused and unnamed note rows
midi_inline	32062	40456		Edit: Join notes
midi_inline	32062	40457		Humanize notes...
midi_inline	32062	40462		Edit: Note velocity +01
midi_inline	32062	40463		Edit: Note velocity +10
midi_inline	32062	40464		Edit: Note velocity -01
midi_inline	32062	40465		Edit: Note velocity -10
midi_inline	32062	40469		Quantize note positions to grid
midi_inline	32062	40472		Options: CC selection follows note selection
midi_inline	32062	40478		Double length of MIDI (repeating contents)
midi_inline	32062	40479		Options: Drawing or selecting a note sets the new note length
midi_inline	32062	40498		View: Load note color map from file
midi_inline	32062	40499		View: Clear note color map (use default)
midi_inline	32062	40501		Invert selection
midi_inline	32062	40632		View: Show velocity numbers on notes
midi_inline	32062	40633		Edit: Set note lengths to grid size
midi_inline	32062	40637		Options: Snap note ends to grid (when snap is enabled)
midi_inline	32062	40639		Navigate: Move edit cursor to end of selected events
midi_inline	32062	40667		Edit: Delete events
midi_inline	32062	40672		Edit: Move CC events left 1 pixel
midi_inline	32062	40673		Edit: Move CC events right 1 pixel
midi_inline	32062	40674		Edit: Move CC events left by grid
midi_inline	32062	40675		Edit: Move CC events right by grid
midi_inline	32062	40676		Edit: Increase value a little bit for CC events
midi_inline	32062	40677		Edit: Decrease value a little bit for CC events
midi_inline	32062	40727		Quantize events using last quantize dialog settings
midi_inline	32062	40728		Quantize events to grid
midi_inline	32062	40729		Quantize note positions and ends to grid
midi_inline	32062	40738		Color notes by velocity
midi_inline	32062	40739		Color notes/CC by channel
midi_inline	32062	40740		Color notes by pitch
midi_inline	32062	40741		Color notes/CC by source, using colormap
midi_inline	32062	40748		Options: Always snap notes to the left (when snap is enabled)
midi_inline	32062	40749		Options: MIDI editor mouse modifier preferences...
midi_inline	32062	40755		Set note position to edit cursor
midi_inline	32062	40768		Color notes/CC by track custom color
midi_inline	32062	40769		Color notes/CC by media item custom color
midi_inline	32062	40830		Options: Preview on velocity change (when preview is enabled)
midi_inline	32062	40831		Options: Preview on keyboard action (when preview is enabled)
midi_inline	32062	40832		Options: Preview all selected notes that overlap with the edited note (when preview is enabled)
midi_inline	32062	40886		Edit: Duplicate events within time selection, if any (smart duplicate)
midi_inline	32062	40902		Edit: Reverse selected events
midi_inline	32062	40904		Edit: Reverse selected events within time selection
midi_inline	32062	40905		Edit: Invert (reverse vertically) all notes
midi_inline	32062	40906		Edit: Invert (reverse vertically) selected notes
midi_inline	32062	40907		Edit: Invert (reverse vertically) all note intervals
midi_inline	32062	40908		Edit: Invert (reverse vertically) selected note intervals
midi_inline	32062	40909		Edit: Invert voicing upwards for selected notes
midi_inline	32062	40910		Edit: Invert voicing downwards for selected notes
midi_inline	32062	40911		Edit: Invert voicing upwards for each selected chord
midi_inline	32062	40912		Edit: Invert voicing downwards for each selected chord
midi_inline	32062	41025		Options: Soft-snap notes to other notes
midi_inline	32062	41026		Edit: Move notes up one semitone ignoring scale/key
midi_inline	32062	41027		Edit: Move notes down one semitone ignoring scale/key
midi_inline	32062	41300		Options: Apply default CC shape to recorded events
midi_inline	32062	41995		Save CC/velocity lane preset...
midi_inline	32062	41996		Load CC/velocity lane preset...
midi_inline	32062	41997		Add CC/velocity lane preset...
midi_inline	32062	41998		Select all notes at mouse time position
midi_inline	32062	42000		Load CC/velocity lane preset 1
midi_inline	32062	42001		Load CC/velocity lane preset 2
midi_inline	32062	42002		Load CC/velocity lane preset 3
midi_inline	32062	42003		Load CC/velocity lane preset 4
midi_inline	32062	42004		Load CC/velocity lane preset 5
midi_inline	32062	42005		Load CC/velocity lane preset 6
midi_inline	32062	42006		Load CC/velocity lane preset 7
midi_inline	32062	42007		Load CC/velocity lane preset 8
midi_inline	32062	42008		Load CC/velocity lane preset 9
midi_inline	32062	42009		Load CC/velocity lane preset 10
midi_inline	32062	42080		Set CC shape to linear
midi_inline	32062	42081		Set CC shape to square
midi_inline	32062	42082		Set CC shape to slow start/end
midi_inline	32062	42083		Set CC shape to fast start
midi_inline	32062	42084		Set CC shape to fast end
midi_inline	32062	42085		Set CC shape to bezier
midi_inline	32062	42086		Set default CC shape to linear
midi_inline	32062	42087		Set default CC shape to square
midi_inline	32062	42088		Set default CC shape to slow start/end
midi_inline	32062	42089		Set default CC shape to fast start
midi_inline	32062	42090		Set default CC shape to fast end
midi_inline	32062	42091		Set default CC shape to bezier
midi_inline	32062	42092		Options: Bank/program change events follow note selection when CC selection follows note selection
midi_inline	32062	42093		Options: Reduce CC events while drawing
midi_inline	32062	42094		Apply LFO to last touched CC lane...
midi_inline	32062	42095		Use theme color for selected note body when coloring by track or media item
midi_inline	32062	42096		Use theme color for selected note border when coloring by track or media item
midi_inline	32062	42097		Use theme color for unselected note body when coloring by track or media item
midi_inline	32062	42098		Use theme color for unselected note border when coloring by track or media item
midi_inline	32062	42099		Options: Prevent mouse edits of single CC events from moving past other CC events
midi_inline	32062	42100		Options: Allow CC shape in bank, LSB lanes (CC0, CC32-CC63)
midi_inline	32062	42101		View: Show notation text on notes
midi_inline	32062	42439		Options: Allow CC shape in sustain lane (CC64)
midi_inline	32062	42466		Options: Selecting a single note sets the channel for new events
midi_inline	32062	42472		Options: only show CCs on channels of selected notes (MPE mode)
midi_inline	32062	43449		Save default CC lanes (and disable auto-save default CC lanes)
midi_inline	32062	43450		Auto-save default CC lanes on window close
midi_inline	32062	43451		Save default configuration (and disable auto-save default configuration)
midi_inline	32062	43452		Auto-save default configuration when changing options
midi_inline	32062	43453		Color by source for default-colored tracks/items when coloring by track or media item
midi_inline	32062	43454		Edit: Lengthen notes to grid
midi_inline	32062	43455		Edit: Shorten notes to grid
midi_inline	32062	43456		Edit: Move notes left to grid
midi_inline	32062	43457		Edit: Move notes right to grid
midi_inline	32062	43458		Shrink item to last event
midi_inline	32062	43459		Edit: Move CC events left to grid
midi_inline	32062	43460		Edit: Move CC events right to grid
media_explorer	32063	1004		Browser: Go to parent folder
media_explorer	32063	1008		Preview: Play
media_explorer	32063	1009		Preview: Stop
media_explorer	32063	1010		Preview: Pause
media_explorer	32063	1011		Autoplay: Toggle on/off
media_explorer	32063	1012		Start on bar: Toggle on/off
media_explorer	32063	1013		Browser: Browse selected folder, or insert selected media file
media_explorer	32063	1068		Preview: Toggle repeat on/off
media_explorer	32063	1450		Browser: Go to previous folder in history
media_explorer	32063	1451		Browser: Go to next folder in history
media_explorer	32063	40006		Browser: Display all files/supported media only
media_explorer	32063	40008		Dock Media Explorer in Docker
media_explorer	32063	40009		Auto-stop preview when inserting media
media_explorer	32063	40013		Options: Open projects in new tab
media_explorer	32063	40016		Unload current preview media
media_explorer	32063	40017		Show action list
media_explorer	32063	40018		Browser: Refresh
media_explorer	32063	40019		Tempo match: Off
media_explorer	32063	40020		Tempo match: On
media_explorer	32063	40021		Tempo match: /2
media_explorer	32063	40022		Tempo match: x2
media_explorer	32063	40023		Tempo match: Toggle on/off
media_explorer	32063	40024		Preview: Play/stop
media_explorer	32063	40025		Preview: Play/pause
media_explorer	32063	40026		Play previously previewed media (A/B)
media_explorer	32063	40027		Preview: Play from last seek position
media_explorer	32063	40028		Preview: Play/pause from last seek position
media_explorer	32063	40029		Browser: Select previous file in directory
media_explorer	32063	40030		Browser: Select next file in directory
media_explorer	32063	40031		Preview: Rewind to start
media_explorer	32063	40032		Preview: Display position in whole seconds or beats
media_explorer	32063	40033		Preview: Rewind a little bit
media_explorer	32063	40034		Preview: Fast forward a little bit
media_explorer	32063	40035		Autoplay: On
media_explorer	32063	40036		Autoplay: Off
media_explorer	32063	40037		Start on bar: On
media_explorer	32063	40038		Start on bar: Off
media_explorer	32063	40039		Preview: Repeat on
media_explorer	32063	40040		Preview: Repeat off
media_explorer	32063	40041		Browser: Select all media files
media_explorer	32063	40042		Show properties for current preview media
media_explorer	32063	40054		Options: Insert media on new track
media_explorer	32063	40057		Options: Open projects in current tab
media_explorer	32063	40063		Options: Insert media on selected track
media_explorer	32063	40064		Options: Default action inserts media
media_explorer	32063	40065		Show/hide pitch detection
media_explorer	32063	40066		Options: Default action starts preview
media_explorer	32063	40067		Options: Default action does nothing
media_explorer	32063	40068		Options: Preserve pitch when tempo-matching or changing play rate
media_explorer	32063	40069		Close Media Explorer window
media_explorer	32063	40071		Fade out preview audio
media_explorer	32063	40072		Fade-in/fade-out settings...
media_explorer	32063	40074		Preview: adjust pitch by +1 cents
media_explorer	32063	40075		Preview: adjust pitch by -1 cents
media_explorer	32063	40076		Fade in preview audio
media_explorer	32063	41000		Media: Insert into project
media_explorer	32063	41001		Media: Insert on a new track
media_explorer	32063	41003		Media: Insert in selected media items as new take
media_explorer	32063	41006		Media: Insert at time selection (stretch/loop to fit)
media_explorer	32063	41010		Media: Insert into project (loop disabled)
media_explorer	32063	42002		Media: Replace source in selected media items
media_explorer	32063	42003		Media: Replace source in selected media items (stretch/loop to fit)
media_explorer	32063	42004		Preview: Advance to next file at end of preview (repeat must be off)
media_explorer	32063	42006		Scan database for new files
media_explorer	32063	42009		Remove missing files from database
media_explorer	32063	42014		Options: Reset pitch and rate when changing media
media_explorer	32063	42018		Options: Enable looping when inserting selected portion of media
media_explorer	32063	42019		Search: Search subfolders in folder searches
media_explorer	32063	42020		Search: Include matching folders in folder searches
media_explorer	32063	42021		Media: Show in explorer/finder
media_explorer	32063	42025		Search: Read metadata from file if needed in folder searches (may be slow the first time)
media_explorer	32063	42026		Browser: Show full path in databases and searches
media_explorer	32063	42027		Search: Toggle search in filename
media_explorer	32063	42028		Search: Toggle search in metadata: 'Title'
media_explorer	32063	42029		Search: Toggle search in metadata: 'Artist'
media_explorer	32063	42030		Search: Toggle search in metadata: 'Album'
media_explorer	32063	42031		Search: Toggle search in metadata: 'Year'
media_explorer	32063	42032		Search: Toggle search in metadata: 'Genre'
media_explorer	32063	42033		Search: Toggle search in metadata: 'Comment'
media_explorer	32063	42034		Search: Toggle search in metadata: 'Description'
media_explorer	32063	42035		Search: Toggle search in metadata: 'BPM'
media_explorer	32063	42036		Search: Toggle search in metadata: 'Key'
media_explorer	32063	42037		Search: Toggle search in metadata: 'Custom Tags'
media_explorer	32063	42048		Search: Restore default settings
media_explorer	32063	42050		Rescan all files in database
media_explorer	32063	42051		Search: Toggle update search only when enter key pressed
media_explorer	32063	42052		Search: Toggle search in leading paths
media_explorer	32063	42053		Edit metadata tag: Custom Tags
media_explorer	32063	42055		Apply preview volume to inserted media item
media_explorer	32063	42056		Edit metadata tag: Title
media_explorer	32063	42057		Edit metadata tag: Artist
media_explorer	32063	42058		Edit metadata tag: Album
media_explorer	32063	42059		Edit metadata tag: Date
media_explorer	32063	42060		Edit metadata tag: Genre
media_explorer	32063	42061		Edit metadata tag: Comment
media_explorer	32063	42062		Edit metadata tag: Description
media_explorer	32063	42063		Edit metadata tag: BPM
media_explorer	32063	42064		Edit metadata tag: Key
media_explorer	32063	42068		Edit metadata tag: Offset
media_explorer	32063	42072		Edit metadata tag: Track Number
media_explorer	32063	42076		Re-read metadata from media
media_explorer	32063	42078		Edit: Rename file
media_explorer	32063	42079		File: Delete (trash bin)
media_explorer	32063	42080		Options: Try to open non-media files
media_explorer	32063	42081		Edit: Paste files
media_explorer	32063	42082		Edit: Copy files
media_explorer	32063	42083		Options: Show path dropdown
media_explorer	32063	42084		Toggle selected files as favorite
media_explorer	32063	42085		Scan all databases for new files
media_explorer	32063	42086		Rescan all files in all databases
media_explorer	32063	42087		Remove missing files from all databases
media_explorer	32063	42088		Media: Insert into sample player on a new track
media_explorer	32063	42089		Options: Default action inserts media on sample player on new track
media_explorer	32063	42090		Options: Group favorites at top
media_explorer	32063	42091		Options: Show file extension even when file type displayed
media_explorer	32063	42092		Preview: Zoom to selection
media_explorer	32063	42093		Preview: Zoom out full
media_explorer	32063	42094		Preview: Zoom in
media_explorer	32063	42095		Preview: Zoom out
media_explorer	32063	42097		File: Delete immediately (no trash bin, no confirm)
media_explorer	32063	42098		Browser: Go to shortcut 1
media_explorer	32063	42099		Browser: Go to shortcut 2
media_explorer	32063	42100		Browser: Go to shortcut 3
media_explorer	32063	42101		Browser: Go to shortcut 4
media_explorer	32063	42102		Browser: Go to shortcut 5
media_explorer	32063	42103		Browser: Go to shortcut 6
media_explorer	32063	42104		Browser: Go to shortcut 7
media_explorer	32063	42105		Browser: Go to shortcut 8
media_explorer	32063	42106		Browser: Go to shortcut 9
media_explorer	32063	42107		Browser: Go to shortcut 10
media_explorer	32063	42108		Browser: Go to shortcut 11
media_explorer	32063	42109		Browser: Go to shortcut 12
media_explorer	32063	42110		Browser: Go to shortcut 13
media_explorer	32063	42111		Browser: Go to shortcut 14
media_explorer	32063	42112		Browser: Go to shortcut 15
media_explorer	32063	42113		Browser: Go to shortcut 16
media_explorer	32063	42114		Browser: Go to shortcut 17
media_explorer	32063	42115		Browser: Go to shortcut 18
media_explorer	32063	42116		Browser: Go to shortcut 19
media_explorer	32063	42117		Browser: Go to shortcut 20
media_explorer	32063	42118		Browser: Go to previous shortcut in list
media_explorer	32063	42119		Browser: Go to next shortcut in list
media_explorer	32063	42120		Customize menus
media_explorer	32063	42121		Media: Insert into active sample player
media_explorer	32063	42122		Randomize file list
media_explorer	32063	42123		Collapse all folders
media_explorer	32063	42124		Options: Vertical layout
media_explorer	32063	42125		Options: Clear search when browsing to new folder or database
media_explorer	32063	42126		Options: Show folders
media_explorer	32063	42127		Options: Show shortcut list
media_explorer	32063	42129		Create new folder
media_explorer	32063	42130		File: Delete immediately (trash bin, no confirm)
media_explorer	32063	42134		Browser: Show leading path in databases and searches
media_explorer	32063	42135		Auto-stop preview when dragging media
media_explorer	32063	42136		Media: Insert into project at source preferred position (BWF start offset)
media_explorer	32063	42137		Media: Insert on a new track at source preferred position (BWF start offset)
media_explorer	32063	42162		Preview: adjust pitch by -1 semitones
media_explorer	32063	42163		Preview: adjust pitch by +1 semitones
media_explorer	32063	42164		Apply preview pitch/rate to inserted media item
media_explorer	32063	42165		Set temporary mark
media_explorer	32063	42166		Clear all temporary marks
media_explorer	32063	42167		Options: Automatically set temporary mark when previewing file
media_explorer	32063	42168		Options: Group folders at top
media_explorer	32063	42169		Options: Show scrollbars on preview waveform
media_explorer	32063	42170		Options: Set date/time format...
media_explorer	32063	42171		Options: When start on bar enabled, wait for next measure to start preview
media_explorer	32063	42172		Reset column order and widths to default
media_explorer	32063	42177		Preview: increase volume by 1 dB
media_explorer	32063	42178		Preview: decrease volume by 1 dB
media_explorer	32063	42179		Preview: increase volume by 0.1 dB
media_explorer	32063	42180		Preview: decrease volume by 0.1 dB
media_explorer	32063	42181		Calculate peak volume for media
media_explorer	32063	42182		Normalize preview volume to -0dB if peak volume has been calculated
media_explorer	32063	42183		Apply normalized volume to inserted media item
media_explorer	32063	42184		Preview random file in current folder/database
media_explorer	32063	42185		Preview: Play reversed
media_explorer	32063	42186		Preview: Play (cancel reverse playback)
media_explorer	32063	42187		Automatically expand shortcuts while browsing file list
media_explorer	32063	42188		Add user metadata column
media_explorer	32063	42189		Search: Toggle search in user-added metadata columns
media_explorer	32063	42190		Show/hide Media Explorer toolbar
media_explorer	32063	42191		Browser: Search (focuses search field)
media_explorer	32063	42192		Show/hide media information box
media_explorer	32063	42194		Edit metadata tag: User-created tag 1
media_explorer	32063	42195		Edit metadata tag: User-created tag 2
media_explorer	32063	42196		Edit metadata tag: User-created tag 3
media_explorer	32063	42197		Edit metadata tag: User-created tag 4
media_explorer	32063	42198		Edit metadata tag: User-created tag 5
media_explorer	32063	42199		Edit metadata tag: User-created tag 6
media_explorer	32063	42200		Edit metadata tag: User-created tag 7
media_explorer	32063	42201		Edit metadata tag: User-created tag 8
media_explorer	32063	42202		Edit metadata tag: User-created tag 9
media_explorer	32063	42203		Edit metadata tag: User-created tag 10
media_explorer	32063	42227		Preview: set pitch to -12 semitones
media_explorer	32063	42228		Preview: set pitch to -11 semitones
media_explorer	32063	42229		Preview: set pitch to -10 semitones
media_explorer	32063	42230		Preview: set pitch to -09 semitones
media_explorer	32063	42231		Preview: set pitch to -08 semitones
media_explorer	32063	42232		Preview: set pitch to -07 semitones
media_explorer	32063	42233		Preview: set pitch to -06 semitones
media_explorer	32063	42234		Preview: set pitch to -05 semitones
media_explorer	32063	42235		Preview: set pitch to -04 semitones
media_explorer	32063	42236		Preview: set pitch to -03 semitones
media_explorer	32063	42237		Preview: set pitch to -02 semitones
media_explorer	32063	42238		Preview: set pitch to -01 semitones
media_explorer	32063	42239		Preview: reset pitch
media_explorer	32063	42240		Preview: set pitch to +01 semitones
media_explorer	32063	42241		Preview: set pitch to +02 semitones
media_explorer	32063	42242		Preview: set pitch to +03 semitones
media_explorer	32063	42243		Preview: set pitch to +04 semitones
media_explorer	32063	42244		Preview: set pitch to +05 semitones
media_explorer	32063	42245		Preview: set pitch to +06 semitones
media_explorer	32063	42246		Preview: set pitch to +07 semitones
media_explorer	32063	42247		Preview: set pitch to +08 semitones
media_explorer	32063	42248		Preview: set pitch to +09 semitones
media_explorer	32063	42249		Preview: set pitch to +10 semitones
media_explorer	32063	42250		Preview: set pitch to +11 semitones
media_explorer	32063	42251		Preview: set pitch to +12 semitones
media_explorer	32063	42252		Sort file list by column: 'File Name'
media_explorer	32063	42253		Sort file list by column: 'File Size'
media_explorer	32063	42254		Sort file list by column: 'File Modified Date'
media_explorer	32063	42255		Sort file list by column: 'File Type'
media_explorer	32063	42256		Sort file list by column: 'Title'
media_explorer	32063	42257		Sort file list by column: 'Artist'
media_explorer	32063	42258		Sort file list by column: 'Album'
media_explorer	32063	42259		Sort file list by column: 'Date'
media_explorer	32063	42260		Sort file list by column: 'Genre'
media_explorer	32063	42261		Sort file list by column: 'Comment'
media_explorer	32063	42262		Sort file list by column: 'Description'
media_explorer	32063	42263		Sort file list by column: 'BPM'
media_explorer	32063	42264		Sort file list by column: 'Key'
media_explorer	32063	42265		Sort file list by column: 'Custom Tags'
media_explorer	32063	42266		Sort file list by column: 'Favorite'
media_explorer	32063	42267		Sort file list by column: 'Temporary Mark'
media_explorer	32063	42268		Sort file list by column: 'Sample Rate'
media_explorer	32063	42269		Sort file list by column: 'Channels'
media_explorer	32063	42270		Sort file list by column: 'Start Offset'
media_explorer	32063	42271		Sort file list by column: 'Length'
media_explorer	32063	42272		Sort file list by column: 'Bits/Bitrate'
media_explorer	32063	42273		Sort file list by column: 'Peak Volume'
media_explorer	32063	42274		Sort file list by column: 'Track Number'
media_explorer	32063	42275		Sort file list by column: 'User-Added Metadata Column 1'
media_explorer	32063	42276		Sort file list by column: 'User-Added Metadata Column 2'
media_explorer	32063	42277		Sort file list by column: 'User-Added Metadata Column 3'
media_explorer	32063	42278		Sort file list by column: 'User-Added Metadata Column 4'
media_explorer	32063	42279		Sort file list by column: 'User-Added Metadata Column 5'
media_explorer	32063	42280		Sort file list by column: 'User-Added Metadata Column 6'
media_explorer	32063	42281		Sort file list by column: 'User-Added Metadata Column 7'
media_explorer	32063	42282		Sort file list by column: 'User-Added Metadata Column 8'
media_explorer	32063	42283		Sort file list by column: 'User-Added Metadata Column 9'
media_explorer	32063	42284		Sort file list by column: 'User-Added Metadata Column 10'
media_explorer	32063	42317		File: Delete (no trash bin)
media_explorer	32063	42318		Assign detected pitch when inserting into sampler
media_explorer	32063	42319		Assign MIDI note when inserting into sampler, starting at note and incrementing if new track...
media_explorer	32063	42320		Do not assign pitch, note, or channel when inserting into sampler
media_explorer	32063	42321		Assign MIDI channel 1 when inserting into sampler, incrementing if new track
media_explorer	32063	42322		Assign MIDI channel 2 when inserting into sampler, incrementing if new track
media_explorer	32063	42323		Assign MIDI channel 3 when inserting into sampler, incrementing if new track
media_explorer	32063	42324		Assign MIDI channel 4 when inserting into sampler, incrementing if new track
media_explorer	32063	42325		Assign MIDI channel 5 when inserting into sampler, incrementing if new track
media_explorer	32063	42326		Assign MIDI channel 6 when inserting into sampler, incrementing if new track
media_explorer	32063	42327		Assign MIDI channel 7 when inserting into sampler, incrementing if new track
media_explorer	32063	42328		Assign MIDI channel 8 when inserting into sampler, incrementing if new track
media_explorer	32063	42329		Assign MIDI channel 9 when inserting into sampler, incrementing if new track
media_explorer	32063	42330		Assign MIDI channel 10 when inserting into sampler, incrementing if new track
media_explorer	32063	42331		Assign MIDI channel 11 when inserting into sampler, incrementing if new track
media_explorer	32063	42332		Assign MIDI channel 12 when inserting into sampler, incrementing if new track
media_explorer	32063	42333		Assign MIDI channel 13 when inserting into sampler, incrementing if new track
media_explorer	32063	42334		Assign MIDI channel 14 when inserting into sampler, incrementing if new track
media_explorer	32063	42335		Assign MIDI channel 15 when inserting into sampler, incrementing if new track
media_explorer	32063	42336		Assign MIDI channel 16 when inserting into sampler, incrementing if new track
media_explorer	32063	42337		Calculate peak volume and loudness (LUFS-I) for media
media_explorer	32063	42338		Load column preset 1
media_explorer	32063	42339		Load column preset 2
media_explorer	32063	42340		Load column preset 3
media_explorer	32063	42341		Load column preset 4
media_explorer	32063	42342		Load column preset 5
media_explorer	32063	42343		Load column preset 6
media_explorer	32063	42344		Load column preset 7
media_explorer	32063	42345		Load column preset 8
media_explorer	32063	42346		Load column preset 9
media_explorer	32063	42347		Load column preset 10
media_explorer	32063	42348		Normalize preview volume to -12LU if loudness has been calculated
media_explorer	32063	42349		Calculate loudness statistics for media via dry run render
media_explorer	32063	42350		Calculate peak volume and loudness (LUFS-I) for media (force recalculation)
media_explorer	32063	42351		Calculate peak volume for all media
media_explorer	32063	42352		View: Channel mapper...
media_explorer	32063	42353		Options: Close Media Explorer on escape key
media_explorer	32063	42354		Display image metadata...
media_explorer	32063	42355		Edit image metadata...
media_explorer	32063	42358		Fade-in/fade-out when pausing/unpausing preview
media_explorer	32063	42359		Show column configuration menu
media_explorer	32063	42360		Sort file list: reverse
